original_archive	original_filename	extracted_path	sha256	module	semester	material_type	academic_year	source	provenance	classification_confidence	organized_location	duplicate_status	duplicate_of	content_status	notes	subtopic	integration_status	canonical_info
L1---informatique-part-01.zip	L1---informatique/OPM exam info_lmd_saad dahleb.pdf	extracted/L1---informatique-part-01/L1---informatique/OPM exam info_lmd_saad dahleb.pdf	84fd0d04f9d956e7679ff8f825860544f7c404cb18d724ae2498713163034a99	UNCLASSIFIED	UNCLASSIFIED	OTHER	ACADEMIC_YEAR_UNKNOWN	UNKNOWN	TELEGRAM_USER_PROVIDED	LOW	organized/UNCLASSIFIED/Autres/OPM exam info_lmd_saad dahleb.pdf	NEW		PDF_NO_TEXT_LAYER (1p)		general	PLACED_CANONICAL	canonical
L1---informatique-part-01.zip	L1---informatique/Examen_Final_et_Corrigé_Sujet_1 (1).pdf	extracted/L1---informatique-part-01/L1---informatique/Examen_Final_et_Corrigé_Sujet_1 (1).pdf	f7101db7444cda55e459eef787c9473e5d53184a26fe94b9df3a2d82e1c45bb6	UNCLASSIFIED	UNCLASSIFIED	EXAM_CORRECTION	ACADEMIC_YEAR_UNKNOWN	UNKNOWN	TELEGRAM_USER_PROVIDED	LOW	organized/UNCLASSIFIED/Autres/Examen_Final_et_Corrigé_Sujet_1 (1).pdf	NEW		PDF_NO_TEXT_LAYER (6p)		general	PLACED_CANONICAL	canonical
L1---informatique-part-01.zip	L1---informatique/adverbs lesson 6.pdf	extracted/L1---informatique-part-01/L1---informatique/adverbs lesson 6.pdf	496551679a285ab8619c05a844a8826985dc1a248e97c6251606bd2982a3f76d	S1/Anglais-1-TCE-1	S1	OTHER	2019-2020	PUBLIC_UNIVERSITY	TELEGRAM_USER_PROVIDED	HIGH	organized/S1/Anglais-1-TCE-1/Autres/adverbs lesson 6.pdf	NEW		pdf_parsed (4p)		general	PLACED_CANONICAL	canonical
L1---informatique-part-01.zip	L1---informatique/Philosophie_de_Richard_Stallman_en_anglais_9bd3c35a1bb936dfca937e9fabfc956f.pdf	extracted/L1---informatique-part-01/L1---informatique/Philosophie_de_Richard_Stallman_en_anglais_9bd3c35a1bb936dfca937e9fabfc956f.pdf	ff179e2cc6b4f8d5059889ec21a733208cadcfaa49b8b1664891a018acfed71f	S1/Logiciels-libres	S1	PROJECT	ACADEMIC_YEAR_UNKNOWN	PUBLIC_UNIVERSITY	TELEGRAM_USER_PROVIDED	HIGH	organized/S1/Logiciels-libres/Supports/Philosophie_de_Richard_Stallman_en_anglais_9bd3c35a1bb936dfca937e9fabfc956f.pdf	NEW		pdf_parsed (6p)		philosophie-du-libre	PLACED_CANONICAL	canonical
L1---informatique-part-01.zip	L1---informatique/chapter 1open source_0aa30ce6ad6af56e1a5964d4a704d1f4 (1).pdf	extracted/L1---informatique-part-01/L1---informatique/chapter 1open source_0aa30ce6ad6af56e1a5964d4a704d1f4 (1).pdf	4489dae0974a1f8037715ff53fac6a2feb4dc4863407e1632763100e86126841	S1/Logiciels-libres	S1	CHAPTER	ACADEMIC_YEAR_UNKNOWN	PUBLIC_UNIVERSITY	TELEGRAM_USER_PROVIDED	HIGH	organized/S1/Logiciels-libres/Cours/chapter 1open source_0aa30ce6ad6af56e1a5964d4a704d1f4 (1).pdf	NEW		pdf_parsed (7p)		philosophie-du-libre	PLACED_CANONICAL	canonical
L1---informatique-part-01.zip	L1---informatique/7_Examen Algebre1 avec solution.pdf	extracted/L1---informatique-part-01/L1---informatique/7_Examen Algebre1 avec solution.pdf	cc5e768696b65e72f49bb3a6f64b2407af98a2684419e5a0452e03857ce938c4	S1/Algebre-1	S1	EXAM	2022-2023	PUBLIC_UNIVERSITY	TELEGRAM_USER_PROVIDED	MEDIUM	organized/S1/Algebre-1/Examens/7_Examen Algebre1 avec solution.pdf	NEW		pdf_parsed (4p)	contradiction nom/contenu (contenu->S1/Algorithmique-1)	general	PLACED_CANONICAL	canonical
L1---informatique-part-01.zip	L1---informatique/4_Examen Algebre1 avec solution.pdf	extracted/L1---informatique-part-01/L1---informatique/4_Examen Algebre1 avec solution.pdf	dc3f14913b62aefc470d56c8002e65fc3e6676390d44ec0c11c26a0f12c61253	S1/Algebre-1	S1	EXAM	ACADEMIC_YEAR_UNKNOWN	PUBLIC_UNIVERSITY	TELEGRAM_USER_PROVIDED	MEDIUM	organized/S1/Algebre-1/Examens/4_Examen Algebre1 avec solution.pdf	NEW		pdf_parsed (6p)	contradiction nom/contenu (contenu->S1/Analyse-1); nombre 4-chiffres nu dans le texte, non retenu comme preuve d'annee	general	PLACED_CANONICAL	canonical
L1---informatique-part-01.zip	L1---informatique/Examen1+Solution Algèbre 1.pdf	extracted/L1---informatique-part-01/L1---informatique/Examen1+Solution Algèbre 1.pdf	7b5a976e9df59ac83235c15fc618b0c450a9e352c13a47dc759b555452dc1462	S1/Algebre-1	S1	EXAM	2022-2023	PUBLIC_UNIVERSITY	TELEGRAM_USER_PROVIDED	MEDIUM	organized/S1/Algebre-1/Examens/Examen1+Solution Algèbre 1.pdf	NEW		pdf_parsed (4p)	contradiction nom/contenu (contenu->S1/Algorithmique-1)	general	PLACED_CANONICAL	canonical
L1---informatique-part-01.zip	L1---informatique/exercices corriges logique.pdf	extracted/L1---informatique-part-01/L1---informatique/exercices corriges logique.pdf	e8a3662d4f1bdd3f2fb95f3b68a709bd414dbf71671639689e555b38c60ea40c	S2/Logique-mathematique	S2	CORRECTION	ACADEMIC_YEAR_UNKNOWN	UNKNOWN	TELEGRAM_USER_PROVIDED	HIGH	organized/S2/Logique-mathematique/Corriges/exercices corriges logique.pdf	NEW		pdf_parsed (8p)		logique-des-propositions	PLACED_CANONICAL	canonical
L1---informatique-part-01.zip	L1---informatique/SM TD2- prof Ziani.pdf	extracted/L1---informatique-part-01/L1---informatique/SM TD2- prof Ziani.pdf	7d1ef9e285a0bd87c94972a33d43dec1d0a8153f016e4b7c3a7e3ce77e30bd25	S1/Structure-de-machine-1	S1	OTHER	ACADEMIC_YEAR_UNKNOWN	UNKNOWN	TELEGRAM_USER_PROVIDED	HIGH	organized/S1/Structure-de-machine-1/Autres/SM TD2- prof Ziani.pdf	NEW		pdf_parsed (1p)		numérations	PLACED_CANONICAL	canonical
L1---informatique-part-01.zip	L1---informatique/SM TD2 - prof Ounnaci.pdf	extracted/L1---informatique-part-01/L1---informatique/SM TD2 - prof Ounnaci.pdf	6752ed581a19ec52209e8eca7893ccd66e2a4f5c5b14342568fed40b1453e14b	S1/Structure-de-machine-1	S1	OTHER	ACADEMIC_YEAR_UNKNOWN	UNKNOWN	TELEGRAM_USER_PROVIDED	HIGH	organized/S1/Structure-de-machine-1/Autres/SM TD2 - prof Ounnaci.pdf	NEW		pdf_parsed (1p)		numérations	PLACED_CANONICAL	canonical
L1---informatique-part-01.zip	L1---informatique/VAR1234SM1Interro_5829f2e51ba3120bb96d9f314e888785 (1).pdf	extracted/L1---informatique-part-01/L1---informatique/VAR1234SM1Interro_5829f2e51ba3120bb96d9f314e888785 (1).pdf	ca38814fe4a00ff1d31c851d7be3ef62a5f2f6c22374207137be9f24cc87d174	S1/Structure-de-machine-1	S1	OTHER	2025-2026	PUBLIC_UNIVERSITY	TELEGRAM_USER_PROVIDED	HIGH	organized/S1/Structure-de-machine-1/Autres/VAR1234SM1Interro_5829f2e51ba3120bb96d9f314e888785 (1).pdf	NEW		pdf_parsed (4p)		numérations	PLACED_CANONICAL	canonical
L1---informatique-part-01.zip	L1---informatique/test1-S1-2021-2022.pdf	extracted/L1---informatique-part-01/L1---informatique/test1-S1-2021-2022.pdf	f91eac7b521d6cd3358609733092166b34ebe005b24b860d50b2566d7afb9fa0	S1/Structure-de-machine-1	S1	EXAM	2021-2022	PUBLIC_UNIVERSITY	TELEGRAM_USER_PROVIDED	MEDIUM	organized/S1/Structure-de-machine-1/Examens/test1-S1-2021-2022.pdf	NEW		pdf_parsed (16p)		general	PLACED_CANONICAL	canonical of 1 exact duplicates
L1---informatique-part-01.zip	L1---informatique/Serie3 StrM1_2526.pdf	extracted/L1---informatique-part-01/L1---informatique/Serie3 StrM1_2526.pdf	e34480b94b0dc53ccd03c1f49da4fe37a158abd49a4f947035c306493847acff	UNCLASSIFIED	UNCLASSIFIED	EXERCISES	ACADEMIC_YEAR_UNKNOWN	PUBLIC_UNIVERSITY	TELEGRAM_USER_PROVIDED	LOW	organized/UNCLASSIFIED/Autres/Serie3 StrM1_2526.pdf	NEW		pdf_parsed (2p)		general	PLACED_CANONICAL	canonical
L1---informatique-part-01.zip	L1---informatique/Micro1.pdf	extracted/L1---informatique-part-01/L1---informatique/Micro1.pdf	d143522fab4c2f1a61e04f9b594d1b423289e70f7a36b901ce965ee7e75a3092	S2/Algebre-2	S2	OTHER	ACADEMIC_YEAR_UNKNOWN	UNKNOWN	TELEGRAM_USER_PROVIDED	LOW	organized/S2/Algebre-2/Autres/Micro1.pdf	NEW		pdf_parsed (1p)		structures-algébriques	PLACED_CANONICAL	canonical
L1---informatique-part-01.zip	L1---informatique/MICRO-B1.pdf	extracted/L1---informatique-part-01/L1---informatique/MICRO-B1.pdf	dd6e80655287e6790438c3726c70e55cf3144c9a06dc0d450dcbf6cf3a16c972	S2/Algebre-2	S2	OTHER	2024-2025	PUBLIC_UNIVERSITY	TELEGRAM_USER_PROVIDED	LOW	organized/S2/Algebre-2/Autres/MICRO-B1.pdf	NEW		pdf_parsed (1p)		structures-algébriques	PLACED_CANONICAL	canonical
L1---informatique-part-01.zip	L1---informatique/Examen6+Solution Structure Machine 1.pdf	extracted/L1---informatique-part-01/L1---informatique/Examen6+Solution Structure Machine 1.pdf	3a45e84128495dc6fbfae0cacb30ff34a6acc20fe591a705e5080d6de370a473	UNCLASSIFIED	UNCLASSIFIED	EXAM	ACADEMIC_YEAR_UNKNOWN	UNKNOWN	TELEGRAM_USER_PROVIDED	LOW	organized/UNCLASSIFIED/Autres/Examen6+Solution Structure Machine 1.pdf	NEW		PDF_NO_TEXT_LAYER (3p)		general	PLACED_CANONICAL	canonical of 1 exact duplicates
L1---informatique-part-01.zip	L1---informatique/Examen5+Solution Structure Machine 1.pdf	extracted/L1---informatique-part-01/L1---informatique/Examen5+Solution Structure Machine 1.pdf	6688b15b974b29c1db554c6a9b3df115e1b942d545dcc4f643cab892a262ec58	S1/Structure-de-machine-1	S1	EXAM	ACADEMIC_YEAR_UNKNOWN	PUBLIC_UNIVERSITY	TELEGRAM_USER_PROVIDED	HIGH	organized/S1/Structure-de-machine-1/Examens/Examen5+Solution Structure Machine 1.pdf	NEW		pdf_parsed (6p)	nombre 4-chiffres nu dans le texte, non retenu comme preuve d'annee	numérations	PLACED_CANONICAL	canonical
L1---informatique-part-01.zip	L1---informatique/Examen1+Solution Structure Machine 1 (1).pdf	extracted/L1---informatique-part-01/L1---informatique/Examen1+Solution Structure Machine 1 (1).pdf	e90075277984e7cd419a7477e42c73c0616a0bda301159ca2e346e139cb48581	S1/Structure-de-machine-1	S1	EXAM	2022-2023	PUBLIC_UNIVERSITY	TELEGRAM_USER_PROVIDED	HIGH	organized/S1/Structure-de-machine-1/Examens/Examen1+Solution Structure Machine 1 (1).pdf	NEW		pdf_parsed (4p)		numérations	PLACED_CANONICAL	canonical of 1 exact duplicates
L1---informatique-part-01.zip	L1---informatique/Examen1+Solution Structure Machine 1.pdf	extracted/L1---informatique-part-01/L1---informatique/Examen1+Solution Structure Machine 1.pdf	e90075277984e7cd419a7477e42c73c0616a0bda301159ca2e346e139cb48581	S1/Structure-de-machine-1	S1	EXAM	2022-2023	PUBLIC_UNIVERSITY	TELEGRAM_USER_PROVIDED	HIGH	—	EXACT_DUPLICATE	L1---informatique-part-01.zip/extracted/L1---informatique-part-01/L1---informatique/Examen1+Solution Structure Machine 1 (1).pdf	pdf_parsed (4p)		numérations	DUPLICATE_NOT_COPIED	canonical copy: organized/S1/Structure-de-machine-1/Examens/Examen1+Solution Structure Machine 1 (1).pdf
L1---informatique-part-01.zip	L1---informatique/Cour 1.pdf	extracted/L1---informatique-part-01/L1---informatique/Cour 1.pdf	edb510852c8c35ec20a16d02c66afee3924fb6809712f1825e3846b01a960eb7	UNCLASSIFIED	UNCLASSIFIED	LECTURE	ACADEMIC_YEAR_UNKNOWN	UNKNOWN	TELEGRAM_USER_PROVIDED	LOW	organized/UNCLASSIFIED/Autres/Cour 1.pdf	NEW		pdf_parsed (16p)		general	PLACED_CANONICAL	canonical
L1---informatique-part-01.zip	L1---informatique/Exam 1 + solution archi (1).pdf	extracted/L1---informatique-part-01/L1---informatique/Exam 1 + solution archi (1).pdf	0bdd95cc1fd2a5ef61b6e4acec5349c66f4d0edec46882fe1795628c7d750087	S1/Structure-de-machine-1	S1	EXAM	2022-2023	PUBLIC_UNIVERSITY	TELEGRAM_USER_PROVIDED	HIGH	organized/S1/Structure-de-machine-1/Examens/Exam 1 + solution archi (1).pdf	NEW		pdf_parsed (3p)		numérations	PLACED_CANONICAL	canonical of 2 exact duplicates
L1---informatique-part-01.zip	L1---informatique/travail_Maison_25_26.pdf	extracted/L1---informatique-part-01/L1---informatique/travail_Maison_25_26.pdf	42bfc540059eb50ad7f956662373d1855e5114b965228d933d108431789eab6b	S1/Structure-de-machine-1	S1	OTHER	2025-2026	PUBLIC_UNIVERSITY	TELEGRAM_USER_PROVIDED	MEDIUM	organized/S1/Structure-de-machine-1/Autres/travail_Maison_25_26.pdf	NEW		pdf_parsed (4p)		general	PLACED_CANONICAL	canonical
L1---informatique-part-01.zip	L1---informatique/test1-S1-2021-2022 (1).pdf	extracted/L1---informatique-part-01/L1---informatique/test1-S1-2021-2022 (1).pdf	f91eac7b521d6cd3358609733092166b34ebe005b24b860d50b2566d7afb9fa0	S1/Structure-de-machine-1	S1	EXAM	2021-2022	PUBLIC_UNIVERSITY	TELEGRAM_USER_PROVIDED	MEDIUM	—	EXACT_DUPLICATE	L1---informatique-part-01.zip/extracted/L1---informatique-part-01/L1---informatique/test1-S1-2021-2022.pdf	pdf_parsed (16p)		general	DUPLICATE_NOT_COPIED	canonical copy: organized/S1/Structure-de-machine-1/Examens/test1-S1-2021-2022.pdf
L1---informatique-part-01.zip	L1---informatique/serie2_STRM1_25_26.pdf	extracted/L1---informatique-part-01/L1---informatique/serie2_STRM1_25_26.pdf	67861489ef9380cc4fd720776af51db33d8b59bc48640f0d931dc7c2a8a625f5	S1/Structure-de-machine-1	S1	EXERCISES	2025-2026	PUBLIC_UNIVERSITY	TELEGRAM_USER_PROVIDED	HIGH	organized/S1/Structure-de-machine-1/Series/serie2_STRM1_25_26.pdf	NEW		pdf_parsed (3p)		general	PLACED_CANONICAL	canonical
L1---informatique-part-01.zip	L1---informatique/Micro-Adjissi.pdf	extracted/L1---informatique-part-01/L1---informatique/Micro-Adjissi.pdf	c0ba6881502831bafc7dc81a2c7b1328368691a3320850e6b26d40fb431d9522	UNCLASSIFIED	UNCLASSIFIED	OTHER	ACADEMIC_YEAR_UNKNOWN	UNKNOWN	TELEGRAM_USER_PROVIDED	LOW	organized/UNCLASSIFIED/Autres/Micro-Adjissi.pdf	NEW		PDF_NO_TEXT_LAYER (1p)		general	PLACED_CANONICAL	canonical
L1---informatique-part-01.zip	L1---informatique/Examen6+Solution Structure Machine 1 (1).pdf	extracted/L1---informatique-part-01/L1---informatique/Examen6+Solution Structure Machine 1 (1).pdf	3a45e84128495dc6fbfae0cacb30ff34a6acc20fe591a705e5080d6de370a473	UNCLASSIFIED	UNCLASSIFIED	EXAM	ACADEMIC_YEAR_UNKNOWN	UNKNOWN	TELEGRAM_USER_PROVIDED	LOW	—	EXACT_DUPLICATE	L1---informatique-part-01.zip/extracted/L1---informatique-part-01/L1---informatique/Examen6+Solution Structure Machine 1.pdf	PDF_NO_TEXT_LAYER (3p)		general	DUPLICATE_NOT_COPIED	canonical copy: organized/UNCLASSIFIED/Autres/Examen6+Solution Structure Machine 1.pdf
L1---informatique-part-01.zip	L1---informatique/Examen2+Solution Structure Machine 1.pdf	extracted/L1---informatique-part-01/L1---informatique/Examen2+Solution Structure Machine 1.pdf	b144cbc6df7a98f18a02e3b5b036395f33d65ca7268e448ddfdfc0d1fdccd667	S1/Structure-de-machine-1	S1	EXAM	2022-2023	PUBLIC_UNIVERSITY	TELEGRAM_USER_PROVIDED	HIGH	organized/S1/Structure-de-machine-1/Examens/Examen2+Solution Structure Machine 1.pdf	NEW		pdf_parsed (4p)		numérations	PLACED_CANONICAL	canonical
L1---informatique-part-01.zip	L1---informatique/Corrig-_EXM_INFO_1_2025_2026 .pdf	extracted/L1---informatique-part-01/L1---informatique/Corrig-_EXM_INFO_1_2025_2026 .pdf	6e000a9c8c163b6ea1309d74671cf254eae699cb620ab4618e5d9b88dcb9f351	S1/Algorithmique-ASD-1	S1	CORRECTION	2025-2026	PUBLIC_UNIVERSITY	TELEGRAM_USER_PROVIDED	HIGH	organized/S1/Algorithmique-ASD-1/Corriges/Corrig-_EXM_INFO_1_2025_2026 .pdf	NEW		pdf_parsed (2p)		fondamentaux	PLACED_CANONICAL	canonical
L1---informatique-part-01.zip	L1---informatique/mi-1an13-ctrl_con1-algo16.pdf	extracted/L1---informatique-part-01/L1---informatique/mi-1an13-ctrl_con1-algo16.pdf	409c4290cc498d467592e489e69896bed28197c5080414dc57355b4ea2ae3d8d	S2/Electronique-generale	S2	CORRECTION	ACADEMIC_YEAR_UNKNOWN	PUBLIC_UNIVERSITY	TELEGRAM_USER_PROVIDED	HIGH	organized/S2/Electronique-generale/Corriges/mi-1an13-ctrl_con1-algo16.pdf	NEW		pdf_parsed (3p)	nombre 4-chiffres nu dans le texte, non retenu comme preuve d'annee	general	PLACED_CANONICAL	canonical
L1---informatique-part-01.zip	L1---informatique/TEST TP Janvier 2020 (sujet 1)v1 (1).pdf	extracted/L1---informatique-part-01/L1---informatique/TEST TP Janvier 2020 (sujet 1)v1 (1).pdf	e73380157f2ed7c82c6b210a3ee662f0487ae1fbfba7dc003c583ee368a2fb0e	UNCLASSIFIED	UNCLASSIFIED	EXAM	ACADEMIC_YEAR_UNKNOWN	UNKNOWN	TELEGRAM_USER_PROVIDED	LOW	organized/UNCLASSIFIED/Autres/TEST TP Janvier 2020 (sujet 1)v1 (1).pdf	NEW		pdf_parsed (4p)	nombre 4-chiffres nu dans le texte, non retenu comme preuve d'annee	general	PLACED_CANONICAL	canonical of 1 exact duplicates
L1---informatique-part-01.zip	L1---informatique/TD-6 Matrices.pdf	extracted/L1---informatique-part-01/L1---informatique/TD-6 Matrices.pdf	2ce49de68a1ed99084e54ac4da6e00fe9d8e8d74b0adf2b97fa66116d877fa03	S2/Algebre-2	S2	TD	ACADEMIC_YEAR_UNKNOWN	PUBLIC_UNIVERSITY	TELEGRAM_USER_PROVIDED	HIGH	organized/S2/Algebre-2/TD/TD-6 Matrices.pdf	NEW		pdf_parsed (2p)		applications-linéaires	PLACED_CANONICAL	canonical
L1---informatique-part-01.zip	L1---informatique/9- Structs.pdf	extracted/L1---informatique-part-01/L1---informatique/9- Structs.pdf	ae460b3f1a6c59b12693182befb56f01f5d0da6f6f4ee80f0c512f483e4cb4bf	S1/Algorithmique-ASD-1	S1	OTHER	ACADEMIC_YEAR_UNKNOWN	UNKNOWN	TELEGRAM_USER_PROVIDED	LOW	organized/S1/Algorithmique-ASD-1/Autres/9- Structs.pdf	NEW		pdf_parsed (6p)		fondamentaux	PLACED_CANONICAL	canonical
L1---informatique-part-01.zip	L1---informatique/LMD Maths ALGEBRE1.pdf	extracted/L1---informatique-part-01/L1---informatique/LMD Maths ALGEBRE1.pdf	52c4eec5e82c2bf561fcaaef950a8abdaca1dfca9c652202d28632c682bb53fe	S1/Algebre-1	S1	OTHER	ACADEMIC_YEAR_UNKNOWN	UNKNOWN	TELEGRAM_USER_PROVIDED	HIGH	organized/S1/Algebre-1/Autres/LMD Maths ALGEBRE1.pdf	NEW		pdf_parsed (55p)	nombre 4-chiffres nu dans le texte, non retenu comme preuve d'annee	general	PLACED_CANONICAL	canonical
L1---informatique-part-01.zip	L1---informatique/Examen5_Analyse_1_MI-L1-1.pdf	extracted/L1---informatique-part-01/L1---informatique/Examen5_Analyse_1_MI-L1-1.pdf	28f5271559944feb8e109aaded62c7ee8f5354cf64c31e737a02f11c9b581a05	S1/Analyse-1	S1	EXAM	2019-2020	PUBLIC_UNIVERSITY	TELEGRAM_USER_PROVIDED	HIGH	organized/S1/Analyse-1/Examens/Examen5_Analyse_1_MI-L1-1.pdf	NEW		pdf_parsed (4p)		general	PLACED_CANONICAL	canonical of 1 exact duplicates
L1---informatique-part-01.zip	L1---informatique/2021-2022 ELTD.pdf	extracted/L1---informatique-part-01/L1---informatique/2021-2022 ELTD.pdf	b03968e986b5ec1fa2312154d3d4e5bed442ed80f979cca9e871050ae40fe39e	S1/Algorithmique-ASD-1	S1	OTHER	2021-2022	PUBLIC_UNIVERSITY	TELEGRAM_USER_PROVIDED	HIGH	organized/S1/Algorithmique-ASD-1/Autres/2021-2022 ELTD.pdf	NEW		pdf_parsed (1p)		tableaux	PLACED_CANONICAL	canonical
L1---informatique-part-01.zip	L1---informatique/TEST TP Janvier 2020 (sujet 2)v1 (1).pdf	extracted/L1---informatique-part-01/L1---informatique/TEST TP Janvier 2020 (sujet 2)v1 (1).pdf	2305de46badfcf4ce0b7da550f1a2fd1fc2be4493017d3783a1a7ad5f89142a3	UNCLASSIFIED	UNCLASSIFIED	EXAM	ACADEMIC_YEAR_UNKNOWN	UNKNOWN	TELEGRAM_USER_PROVIDED	LOW	organized/UNCLASSIFIED/Autres/TEST TP Janvier 2020 (sujet 2)v1 (1).pdf	NEW		pdf_parsed (4p)	nombre 4-chiffres nu dans le texte, non retenu comme preuve d'annee	general	PLACED_CANONICAL	canonical of 1 exact duplicates
L1---informatique-part-01.zip	L1---informatique/TEST TP Janvier 2020 (sujet 2)v1.pdf	extracted/L1---informatique-part-01/L1---informatique/TEST TP Janvier 2020 (sujet 2)v1.pdf	2305de46badfcf4ce0b7da550f1a2fd1fc2be4493017d3783a1a7ad5f89142a3	UNCLASSIFIED	UNCLASSIFIED	EXAM	ACADEMIC_YEAR_UNKNOWN	UNKNOWN	TELEGRAM_USER_PROVIDED	LOW	—	EXACT_DUPLICATE	L1---informatique-part-01.zip/extracted/L1---informatique-part-01/L1---informatique/TEST TP Janvier 2020 (sujet 2)v1 (1).pdf	pdf_parsed (4p)	nombre 4-chiffres nu dans le texte, non retenu comme preuve d'annee	general	DUPLICATE_NOT_COPIED	canonical copy: organized/UNCLASSIFIED/Autres/TEST TP Janvier 2020 (sujet 2)v1 (1).pdf
L1---informatique-part-01.zip	L1---informatique/TEST TP Janvier 2020 (sujet 1)v1.pdf	extracted/L1---informatique-part-01/L1---informatique/TEST TP Janvier 2020 (sujet 1)v1.pdf	e73380157f2ed7c82c6b210a3ee662f0487ae1fbfba7dc003c583ee368a2fb0e	UNCLASSIFIED	UNCLASSIFIED	EXAM	ACADEMIC_YEAR_UNKNOWN	UNKNOWN	TELEGRAM_USER_PROVIDED	LOW	—	EXACT_DUPLICATE	L1---informatique-part-01.zip/extracted/L1---informatique-part-01/L1---informatique/TEST TP Janvier 2020 (sujet 1)v1 (1).pdf	pdf_parsed (4p)	nombre 4-chiffres nu dans le texte, non retenu comme preuve d'annee	general	DUPLICATE_NOT_COPIED	canonical copy: organized/UNCLASSIFIED/Autres/TEST TP Janvier 2020 (sujet 1)v1 (1).pdf
L1---informatique-part-01.zip	L1---informatique/Solution TEST TP Janvier 2018 (1).pdf	extracted/L1---informatique-part-01/L1---informatique/Solution TEST TP Janvier 2018 (1).pdf	4ea31e6ea0978d9d5243429b9cbc4f86f8a682f3ebb3568b1772773d06d1f4b4	S1/Algorithmique-ASD-1	S1	EXAM	ACADEMIC_YEAR_UNKNOWN	UNKNOWN	TELEGRAM_USER_PROVIDED	LOW	organized/S1/Algorithmique-ASD-1/Examens/Solution TEST TP Janvier 2018 (1).pdf	NEW		pdf_parsed (4p)	nombre 4-chiffres nu dans le texte, non retenu comme preuve d'annee	general	PLACED_CANONICAL	canonical of 1 exact duplicates
L1---informatique-part-01.zip	L1---informatique/Solution Interogation Janvier 2020 - SB (1).pdf	extracted/L1---informatique-part-01/L1---informatique/Solution Interogation Janvier 2020 - SB (1).pdf	9b46add4a0cbbf9534b4d13e629c960c4a61457ffca869caf4e897e564750be3	S1/Algorithmique-ASD-1	S1	OTHER	ACADEMIC_YEAR_UNKNOWN	UNKNOWN	TELEGRAM_USER_PROVIDED	HIGH	organized/S1/Algorithmique-ASD-1/Autres/Solution Interogation Janvier 2020 - SB (1).pdf	NEW		pdf_parsed (4p)	nombre 4-chiffres nu dans le texte, non retenu comme preuve d'annee	fondamentaux	PLACED_CANONICAL	canonical of 1 exact duplicates
L1---informatique-part-01.zip	L1---informatique/cours info(1).pdf	extracted/L1---informatique-part-01/L1---informatique/cours info(1).pdf	dd456e8fc19f9d78d60d669d669ff1729ae3c68e63316b610db5b180f83c856b	S1/Structure-de-machine-1	S1	COURSE	ACADEMIC_YEAR_UNKNOWN	UNKNOWN	TELEGRAM_USER_PROVIDED	MEDIUM	organized/S1/Structure-de-machine-1/Cours/cours info(1).pdf	NEW		pdf_parsed (9p)		flottants-IEEE	PLACED_CANONICAL	canonical
L1---informatique-part-01.zip	L1---informatique/Chapter_5_Two_dimensional_array_f83dc9c92780e5cf4f87242e6ad9eea6.pdf	extracted/L1---informatique-part-01/L1---informatique/Chapter_5_Two_dimensional_array_f83dc9c92780e5cf4f87242e6ad9eea6.pdf	ebc7dee4f043930e76adc63b6725d87a5d70997c0e91ca53bc71cd0e256e4aca	S2/Algebre-2	S2	OTHER	ACADEMIC_YEAR_UNKNOWN	UNKNOWN	TELEGRAM_USER_PROVIDED	LOW	organized/S2/Algebre-2/Autres/Chapter_5_Two_dimensional_array_f83dc9c92780e5cf4f87242e6ad9eea6.pdf	NEW		PDF_NO_TEXT_LAYER (3p)		espaces-vectoriels	PLACED_CANONICAL	canonical of 1 exact duplicates
L1---informatique-part-01.zip	L1---informatique/Examen6_Analyse_1_MI-L1.pdf	extracted/L1---informatique-part-01/L1---informatique/Examen6_Analyse_1_MI-L1.pdf	f521724bfa04c9bbdbbc95c6a1924f2a1341de4a4c23f7b329d25c850b9588bf	UNCLASSIFIED	UNCLASSIFIED	EXAM	ACADEMIC_YEAR_UNKNOWN	UNKNOWN	TELEGRAM_USER_PROVIDED	LOW	organized/UNCLASSIFIED/Autres/Examen6_Analyse_1_MI-L1.pdf	NEW		PDF_NO_TEXT_LAYER (5p)		general	PLACED_CANONICAL	canonical
L1---informatique-part-01.zip	L1---informatique/Examen5_Analyse_1_MI-L1.pdf	extracted/L1---informatique-part-01/L1---informatique/Examen5_Analyse_1_MI-L1.pdf	28f5271559944feb8e109aaded62c7ee8f5354cf64c31e737a02f11c9b581a05	S1/Analyse-1	S1	EXAM	2019-2020	PUBLIC_UNIVERSITY	TELEGRAM_USER_PROVIDED	HIGH	—	EXACT_DUPLICATE	L1---informatique-part-01.zip/extracted/L1---informatique-part-01/L1---informatique/Examen5_Analyse_1_MI-L1-1.pdf	pdf_parsed (4p)		general	DUPLICATE_NOT_COPIED	canonical copy: organized/S1/Analyse-1/Examens/Examen5_Analyse_1_MI-L1-1.pdf
L1---informatique-part-01.zip	L1---informatique/Examen1_Analyse_1_MI-L1.pdf	extracted/L1---informatique-part-01/L1---informatique/Examen1_Analyse_1_MI-L1.pdf	f8e09ba5b94a64b002c50189f74cdf753adb436b096979892cd981b71e165308	S1/Analyse-1	S1	EXAM	2020-2021	PUBLIC_UNIVERSITY	TELEGRAM_USER_PROVIDED	HIGH	organized/S1/Analyse-1/Examens/Examen1_Analyse_1_MI-L1.pdf	NEW		pdf_parsed (3p)		continuité	PLACED_CANONICAL	canonical
L1---informatique-part-01.zip	L1---informatique/analyse 1 exam info_lmd_saad dahleb .pdf	extracted/L1---informatique-part-01/L1---informatique/analyse 1 exam info_lmd_saad dahleb .pdf	5ec5a613cec5738acd09f59f6c2aaca56f601b2f3524339db78521a05d559266	S1/Analyse-1	S1	OTHER	ACADEMIC_YEAR_UNKNOWN	UNKNOWN	TELEGRAM_USER_PROVIDED	HIGH	organized/S1/Analyse-1/Autres/analyse 1 exam info_lmd_saad dahleb .pdf	NEW		PDF_NO_TEXT_LAYER (1p)		general	PLACED_CANONICAL	canonical
L1---informatique-part-01.zip	L1---informatique/6-Continuité.pdf	extracted/L1---informatique-part-01/L1---informatique/6-Continuité.pdf	572d40dccf85f33bfc60f3c3934f0caa14c5c905cb5f44a978709dd913491519	S1/Analyse-1	S1	OTHER	ACADEMIC_YEAR_UNKNOWN	PUBLIC_UNIVERSITY	TELEGRAM_USER_PROVIDED	MEDIUM	organized/S1/Analyse-1/Autres/6-Continuité.pdf	NEW		pdf_parsed (11p)		continuité	PLACED_CANONICAL	canonical
L1---informatique-part-01.zip	L1---informatique/Ch 2_Complex_numbers - Formula Sheet.PDF	extracted/L1---informatique-part-01/L1---informatique/Ch 2_Complex_numbers - Formula Sheet.PDF	f2efa60ee1ccacf9bb2bc7886c5c2d9a09e59d1ffc9bd6d58ce0aa64b149b023	S1/Algorithmique-ASD-1	S1	CHAPTER	ACADEMIC_YEAR_UNKNOWN	UNKNOWN	TELEGRAM_USER_PROVIDED	LOW	organized/S1/Algorithmique-ASD-1/Cours/Ch 2_Complex_numbers - Formula Sheet.PDF	NEW		pdf_parsed (4p)		tri	PLACED_CANONICAL	canonical
L1---informatique-part-01.zip	L1---informatique/Série TD4 ASD.pdf	extracted/L1---informatique-part-01/L1---informatique/Série TD4 ASD.pdf	22c668b9f7dec9261ec6d86949898f9402816a839e8d81612bc9bfac9ba8e9f3	S1/Algorithmique-ASD-1	S1	TD	2021-2022	PUBLIC_UNIVERSITY	TELEGRAM_USER_PROVIDED	HIGH	organized/S1/Algorithmique-ASD-1/TD/Série TD4 ASD.pdf	NEW		pdf_parsed (2p)		conditions	PLACED_CANONICAL	canonical
L1---informatique-part-01.zip	L1---informatique/2022-2023 ELTD.pdf	extracted/L1---informatique-part-01/L1---informatique/2022-2023 ELTD.pdf	5385c2df011a7e9f6b40a1f4e75038b6e532006faa7073efac0c6adad2f88b21	S1/Algorithmique-ASD-1	S1	EXAM	2022-2023	PUBLIC_UNIVERSITY	TELEGRAM_USER_PROVIDED	MEDIUM	organized/S1/Algorithmique-ASD-1/Examens/2022-2023 ELTD.pdf	NEW		pdf_parsed (2p)		tableaux	PLACED_CANONICAL	canonical
L1---informatique-part-01.zip	L1---informatique/Interogation Decembre 2018 (sujet 2) (1).pdf	extracted/L1---informatique-part-01/L1---informatique/Interogation Decembre 2018 (sujet 2) (1).pdf	8ad0d3d0ee293ff95a31fd2285d71374c7fc49d5ba4e64d821434ded0c26fb15	S1/Algorithmique-ASD-1	S1	OTHER	ACADEMIC_YEAR_UNKNOWN	UNKNOWN	TELEGRAM_USER_PROVIDED	HIGH	organized/S1/Algorithmique-ASD-1/Autres/Interogation Decembre 2018 (sujet 2) (1).pdf	NEW		pdf_parsed (4p)	nombre 4-chiffres nu dans le texte, non retenu comme preuve d'annee	conditions	PLACED_CANONICAL	canonical of 1 exact duplicates
L1---informatique-part-01.zip	L1---informatique/Interogation Decembre 2018 (sujet 2).pdf	extracted/L1---informatique-part-01/L1---informatique/Interogation Decembre 2018 (sujet 2).pdf	8ad0d3d0ee293ff95a31fd2285d71374c7fc49d5ba4e64d821434ded0c26fb15	S1/Algorithmique-ASD-1	S1	OTHER	ACADEMIC_YEAR_UNKNOWN	UNKNOWN	TELEGRAM_USER_PROVIDED	HIGH	—	EXACT_DUPLICATE	L1---informatique-part-01.zip/extracted/L1---informatique-part-01/L1---informatique/Interogation Decembre 2018 (sujet 2) (1).pdf	pdf_parsed (4p)	nombre 4-chiffres nu dans le texte, non retenu comme preuve d'annee	conditions	DUPLICATE_NOT_COPIED	canonical copy: organized/S1/Algorithmique-ASD-1/Autres/Interogation Decembre 2018 (sujet 2) (1).pdf
L1---informatique-part-01.zip	L1---informatique/Fiches de TP-ASD1.pdf	extracted/L1---informatique-part-01/L1---informatique/Fiches de TP-ASD1.pdf	1a23bc31d81dbc676b514a722287fb2cadbdf654fb76a7513ed1af689c0425d4	S1/Algorithmique-ASD-1	S1	TP	ACADEMIC_YEAR_UNKNOWN	PUBLIC_UNIVERSITY	TELEGRAM_USER_PROVIDED	MEDIUM	organized/S1/Algorithmique-ASD-1/TP/Fiches de TP-ASD1.pdf	NEW		pdf_parsed (8p)		fondamentaux	PLACED_CANONICAL	canonical
L1---informatique-part-01.zip	L1---informatique/Tp 3 algo.pdf	extracted/L1---informatique-part-01/L1---informatique/Tp 3 algo.pdf	85cda044e3cea2cf976239fd0d5f59d24cccb5af808ffcd3099e38ce1284db99	UNCLASSIFIED	UNCLASSIFIED	TP	2024-2025	PUBLIC_UNIVERSITY	TELEGRAM_USER_PROVIDED	LOW	organized/UNCLASSIFIED/Autres/Tp 3 algo.pdf	NEW		pdf_parsed (1p)		general	PLACED_CANONICAL	canonical
L1---informatique-part-01.zip	L1---informatique/Chapter_5_Two_dimensional_array_f83dc9c92780e5cf4f87242e6ad9eea6 (1).pdf	extracted/L1---informatique-part-01/L1---informatique/Chapter_5_Two_dimensional_array_f83dc9c92780e5cf4f87242e6ad9eea6 (1).pdf	ebc7dee4f043930e76adc63b6725d87a5d70997c0e91ca53bc71cd0e256e4aca	S2/Algebre-2	S2	OTHER	ACADEMIC_YEAR_UNKNOWN	UNKNOWN	TELEGRAM_USER_PROVIDED	LOW	—	EXACT_DUPLICATE	L1---informatique-part-01.zip/extracted/L1---informatique-part-01/L1---informatique/Chapter_5_Two_dimensional_array_f83dc9c92780e5cf4f87242e6ad9eea6.pdf	PDF_NO_TEXT_LAYER (3p)		espaces-vectoriels	DUPLICATE_NOT_COPIED	canonical copy: organized/S2/Algebre-2/Autres/Chapter_5_Two_dimensional_array_f83dc9c92780e5cf4f87242e6ad9eea6.pdf
L1---informatique-part-01.zip	L1---informatique/chap2-Bases de l’algorithmique_ve.pdf	extracted/L1---informatique-part-01/L1---informatique/chap2-Bases de l’algorithmique_ve.pdf	edaf9141c76e1edfde4926d0aade8cb511c19be70b0696709d64bc5723ba503b	S1/Algorithmique-ASD-1	S1	OTHER	ACADEMIC_YEAR_UNKNOWN	UNKNOWN	TELEGRAM_USER_PROVIDED	HIGH	organized/S1/Algorithmique-ASD-1/Autres/chap2-Bases de l’algorithmique_ve.pdf	NEW		pdf_parsed (22p)		fondamentaux	PLACED_CANONICAL	canonical
L1---informatique-part-01.zip	L1---informatique/1_Chapter 3_ Iterative Structures - For.pdf	extracted/L1---informatique-part-01/L1---informatique/1_Chapter 3_ Iterative Structures - For.pdf	b2658d5641c4593d48e4e5fd14ee44ec602dfc5a4b101b3074a72cf485281696	S1/Algorithmique-ASD-1	S1	CHAPTER	ACADEMIC_YEAR_UNKNOWN	UNKNOWN	TELEGRAM_USER_PROVIDED	HIGH	organized/S1/Algorithmique-ASD-1/Cours/1_Chapter 3_ Iterative Structures - For.pdf	NEW		pdf_parsed (1p)		fondamentaux	PLACED_CANONICAL	canonical
L1---informatique-part-01.zip	L1---informatique/Le corrigé de l'examen algèbre 1.pdf	extracted/L1---informatique-part-01/L1---informatique/Le corrigé de l'examen algèbre 1.pdf	39b6f568e984ef35482f602c84d92386f5c46d02735a59aeddaea0de748e2bcf	S1/Algebre-1	S1	EXAM_CORRECTION	ACADEMIC_YEAR_UNKNOWN	UNKNOWN	TELEGRAM_USER_PROVIDED	HIGH	organized/S1/Algebre-1/Corriges/Le corrigé de l'examen algèbre 1.pdf	NEW		PDF_NO_TEXT_LAYER (6p)		general	PLACED_CANONICAL	canonical
L1---informatique-part-01.zip	L1---informatique/Exam 1 + solution archi.pdf	extracted/L1---informatique-part-01/L1---informatique/Exam 1 + solution archi.pdf	0bdd95cc1fd2a5ef61b6e4acec5349c66f4d0edec46882fe1795628c7d750087	S1/Structure-de-machine-1	S1	EXAM	2022-2023	PUBLIC_UNIVERSITY	TELEGRAM_USER_PROVIDED	HIGH	—	EXACT_DUPLICATE	L1---informatique-part-01.zip/extracted/L1---informatique-part-01/L1---informatique/Exam 1 + solution archi (1).pdf	pdf_parsed (3p)		numérations	DUPLICATE_NOT_COPIED	canonical copy: organized/S1/Structure-de-machine-1/Examens/Exam 1 + solution archi (1).pdf
L1---informatique-part-01.zip	L1---informatique/Solution TEST TP Janvier 2018.pdf	extracted/L1---informatique-part-01/L1---informatique/Solution TEST TP Janvier 2018.pdf	4ea31e6ea0978d9d5243429b9cbc4f86f8a682f3ebb3568b1772773d06d1f4b4	S1/Algorithmique-ASD-1	S1	EXAM	ACADEMIC_YEAR_UNKNOWN	UNKNOWN	TELEGRAM_USER_PROVIDED	LOW	—	EXACT_DUPLICATE	L1---informatique-part-01.zip/extracted/L1---informatique-part-01/L1---informatique/Solution TEST TP Janvier 2018 (1).pdf	pdf_parsed (4p)	nombre 4-chiffres nu dans le texte, non retenu comme preuve d'annee	general	DUPLICATE_NOT_COPIED	canonical copy: organized/S1/Algorithmique-ASD-1/Examens/Solution TEST TP Janvier 2018 (1).pdf
L1---informatique-part-01.zip	L1---informatique/Solution Interogation Janvier 2020 - SB.pdf	extracted/L1---informatique-part-01/L1---informatique/Solution Interogation Janvier 2020 - SB.pdf	9b46add4a0cbbf9534b4d13e629c960c4a61457ffca869caf4e897e564750be3	S1/Algorithmique-ASD-1	S1	OTHER	ACADEMIC_YEAR_UNKNOWN	UNKNOWN	TELEGRAM_USER_PROVIDED	HIGH	—	EXACT_DUPLICATE	L1---informatique-part-01.zip/extracted/L1---informatique-part-01/L1---informatique/Solution Interogation Janvier 2020 - SB (1).pdf	pdf_parsed (4p)	nombre 4-chiffres nu dans le texte, non retenu comme preuve d'annee	fondamentaux	DUPLICATE_NOT_COPIED	canonical copy: organized/S1/Algorithmique-ASD-1/Autres/Solution Interogation Janvier 2020 - SB (1).pdf
L1---informatique-part-01.zip	L1---informatique/Interogation Decembre 2018 (sujet 1) (1).pdf	extracted/L1---informatique-part-01/L1---informatique/Interogation Decembre 2018 (sujet 1) (1).pdf	4a74d95d5b68e3f3d9fa52bcc34546b7143592e8950f1e93a0ac3cdd11fb7469	S1/Algorithmique-ASD-1	S1	OTHER	ACADEMIC_YEAR_UNKNOWN	UNKNOWN	TELEGRAM_USER_PROVIDED	HIGH	organized/S1/Algorithmique-ASD-1/Autres/Interogation Decembre 2018 (sujet 1) (1).pdf	NEW		pdf_parsed (4p)	nombre 4-chiffres nu dans le texte, non retenu comme preuve d'annee	conditions	PLACED_CANONICAL	canonical of 1 exact duplicates
L1---informatique-part-01.zip	L1---informatique/Interogation Decembre 2018 (sujet 1).pdf	extracted/L1---informatique-part-01/L1---informatique/Interogation Decembre 2018 (sujet 1).pdf	4a74d95d5b68e3f3d9fa52bcc34546b7143592e8950f1e93a0ac3cdd11fb7469	S1/Algorithmique-ASD-1	S1	OTHER	ACADEMIC_YEAR_UNKNOWN	UNKNOWN	TELEGRAM_USER_PROVIDED	HIGH	—	EXACT_DUPLICATE	L1---informatique-part-01.zip/extracted/L1---informatique-part-01/L1---informatique/Interogation Decembre 2018 (sujet 1) (1).pdf	pdf_parsed (4p)	nombre 4-chiffres nu dans le texte, non retenu comme preuve d'annee	conditions	DUPLICATE_NOT_COPIED	canonical copy: organized/S1/Algorithmique-ASD-1/Autres/Interogation Decembre 2018 (sujet 1) (1).pdf
L1---informatique-part-01.zip	L1---informatique/support langage-c.pdf	extracted/L1---informatique-part-01/L1---informatique/support langage-c.pdf	322c8e95e19e97a763bd11421be1f51a093443aab38b9f85b62868e7af88d63f	S2/ASD-2	S2	OTHER	ACADEMIC_YEAR_UNKNOWN	UNKNOWN	TELEGRAM_USER_PROVIDED	HIGH	organized/S2/ASD-2/Autres/support langage-c.pdf	NEW		pdf_parsed (37p)		listes-chaînées	PLACED_CANONICAL	canonical
L1---informatique-part-01.zip	L1---informatique/cours ASD1 les conditions - ve.pdf	extracted/L1---informatique-part-01/L1---informatique/cours ASD1 les conditions - ve.pdf	36fc3a0705f6e26f43a5280c09af8ba58910a924b63ce78ecd7a839e42972908	S1/Algorithmique-ASD-1	S1	COURSE	ACADEMIC_YEAR_UNKNOWN	UNKNOWN	TELEGRAM_USER_PROVIDED	MEDIUM	organized/S1/Algorithmique-ASD-1/Cours/cours ASD1 les conditions - ve.pdf	NEW		pdf_parsed (14p)		fondamentaux	PLACED_CANONICAL	canonical
L1---informatique-part-01.zip	L1---informatique/2_Chapter 3_Iterative Structure -  Repeat-Until (1).pdf	extracted/L1---informatique-part-01/L1---informatique/2_Chapter 3_Iterative Structure -  Repeat-Until (1).pdf	9d2b1dfa06ac2de4abea3c3c57a55db6f017d748ff97df6013c3c4a42eca6e4d	S1/Algorithmique-ASD-1	S1	CHAPTER	ACADEMIC_YEAR_UNKNOWN	UNKNOWN	TELEGRAM_USER_PROVIDED	HIGH	organized/S1/Algorithmique-ASD-1/Cours/2_Chapter 3_Iterative Structure -  Repeat-Until (1).pdf	NEW		pdf_parsed (2p)		conditions	PLACED_CANONICAL	canonical
L1---informatique-part-01.zip	L1---informatique/3_chapter 3_Iterative Structure - While (1).pdf	extracted/L1---informatique-part-01/L1---informatique/3_chapter 3_Iterative Structure - While (1).pdf	dd86702854e4ab976e2fc7587183e75d220a433a10c3ef354e97bd0559552197	S1/Algorithmique-ASD-1	S1	CHAPTER	ACADEMIC_YEAR_UNKNOWN	UNKNOWN	TELEGRAM_USER_PROVIDED	HIGH	organized/S1/Algorithmique-ASD-1/Cours/3_chapter 3_Iterative Structure - While (1).pdf	NEW		pdf_parsed (1p)		conditions	PLACED_CANONICAL	canonical
L1---informatique-part-01.zip	L1---informatique/10- Functions.pdf	extracted/L1---informatique-part-01/L1---informatique/10- Functions.pdf	32c2d6c5479548905675874f60de9aeb3f252ab48a2842461aa3a37e29a502df	UNCLASSIFIED	UNCLASSIFIED	OTHER	ACADEMIC_YEAR_UNKNOWN	UNKNOWN	TELEGRAM_USER_PROVIDED	LOW	organized/UNCLASSIFIED/Autres/10- Functions.pdf	NEW		pdf_parsed (8p)		general	PLACED_CANONICAL	canonical
L1---informatique-part-02.zip	L1---informatique/Examen_Semestriel_OPM_Section 10_2020_2021_Amani.pdf	extracted/L1---informatique-part-02/L1---informatique/Examen_Semestriel_OPM_Section 10_2020_2021_Amani.pdf	555a44f13b08d678b8d8d515290f2389be9328b8b9a8691caf57f33887058cb1	S1/Analyse-1	S1	EXAM	2020-2021	UNKNOWN	TELEGRAM_USER_PROVIDED	MEDIUM	organized/S1/Analyse-1/Examens/Examen_Semestriel_OPM_Section 10_2020_2021_Amani.pdf	NEW		pdf_parsed (2p)		primitives-intégrales	PLACED_CANONICAL	canonical
L1---informatique-part-02.zip	L1---informatique/sentences structure.pdf	extracted/L1---informatique-part-02/L1---informatique/sentences structure.pdf	389d884679287b02b5ee9b0e47b15adc99d0f705c755698ad24a891a92199d43	S1/Anglais-1-TCE-1	S1	OTHER	2019-2020	PUBLIC_UNIVERSITY	TELEGRAM_USER_PROVIDED	HIGH	organized/S1/Anglais-1-TCE-1/Autres/sentences structure.pdf	NEW		pdf_parsed (4p)		general	PLACED_CANONICAL	canonical
L1---informatique-part-02.zip	L1---informatique/Lesson -4-Sentence Structure.pdf	extracted/L1---informatique-part-02/L1---informatique/Lesson -4-Sentence Structure.pdf	2f19fefc5f563da4b4b124400f8a288760b41320b6e44b26cda5e9d2d31679f9	S1/Anglais-1-TCE-1	S1	OTHER	2021-2022	PUBLIC_UNIVERSITY	TELEGRAM_USER_PROVIDED	HIGH	organized/S1/Anglais-1-TCE-1/Autres/Lesson -4-Sentence Structure.pdf	NEW		pdf_parsed (5p)		expression-écrite	PLACED_CANONICAL	canonical
L1---informatique-part-02.zip	L1---informatique/Lesson -3- Forms of Phrases.pdf	extracted/L1---informatique-part-02/L1---informatique/Lesson -3- Forms of Phrases.pdf	55651fb1ec6c9b33646aa59962de21726f5f1663da5ab9c0fce8b4193d8008e6	S1/Anglais-1-TCE-1	S1	OTHER	2021-2022	PUBLIC_UNIVERSITY	TELEGRAM_USER_PROVIDED	HIGH	organized/S1/Anglais-1-TCE-1/Autres/Lesson -3- Forms of Phrases.pdf	NEW		pdf_parsed (5p)		expression-écrite	PLACED_CANONICAL	canonical
L1---informatique-part-02.zip	L1---informatique/Lesson -1- Types of Clauses.pdf	extracted/L1---informatique-part-02/L1---informatique/Lesson -1- Types of Clauses.pdf	077100b2f34e9a677d1030e97326cdbf2d5a36b6ffc8696dac096932b83ab97f	S1/Anglais-1-TCE-1	S1	OTHER	2021-2022	PUBLIC_UNIVERSITY	TELEGRAM_USER_PROVIDED	HIGH	organized/S1/Anglais-1-TCE-1/Autres/Lesson -1- Types of Clauses.pdf	NEW		pdf_parsed (3p)		expression-écrite	PLACED_CANONICAL	canonical
L1---informatique-part-02.zip	L1---informatique/English Nouns.pdf	extracted/L1---informatique-part-02/L1---informatique/English Nouns.pdf	7ad64a634f04464cafb00ac900c584c18447dc352f3e30aa0aa5ad2fd049abe7	S1/Anglais-1-TCE-1	S1	OTHER	2019-2020	PUBLIC_UNIVERSITY	TELEGRAM_USER_PROVIDED	HIGH	organized/S1/Anglais-1-TCE-1/Autres/English Nouns.pdf	NEW		pdf_parsed (6p)		general	PLACED_CANONICAL	canonical
L1---informatique-part-02.zip	L1---informatique/2_Examen Algebre1 avec solution.pdf	extracted/L1---informatique-part-02/L1---informatique/2_Examen Algebre1 avec solution.pdf	aa70782e54b1be7377c96de8c9c5620719633e13d00b42f05447e0ff7d3edacb	S1/Algebre-1	S1	EXAM	ACADEMIC_YEAR_UNKNOWN	UNKNOWN	TELEGRAM_USER_PROVIDED	HIGH	organized/S1/Algebre-1/Examens/2_Examen Algebre1 avec solution.pdf	NEW		PDF_NO_TEXT_LAYER (6p)		general	PLACED_CANONICAL	canonical
L1---informatique-part-02.zip	L1---informatique/Examen d'algèbre S01 (2019-2020) - solution.pdf	extracted/L1---informatique-part-02/L1---informatique/Examen d'algèbre S01 (2019-2020) - solution.pdf	91798b2fd9ec20508b5efbf84b1452f5260b5a7b8fb36663c8cfffd3db4d67e2	UNCLASSIFIED	UNCLASSIFIED	EXAM	2019-2020	UNKNOWN	TELEGRAM_USER_PROVIDED	LOW	organized/UNCLASSIFIED/Autres/Examen d'algèbre S01 (2019-2020) - solution.pdf	NEW		PDF_NO_TEXT_LAYER (5p)		general	PLACED_CANONICAL	canonical
L1---informatique-part-02.zip	L1---informatique/serie_TD3_info1_enp_v2 (1).pdf	extracted/L1---informatique-part-02/L1---informatique/serie_TD3_info1_enp_v2 (1).pdf	6c4b4e35d5750f4b8b3bc61adf0a5b8350fbcb5bc8461f563b4eaff2b2ce0306	S2/Algebre-2	S2	TD	ACADEMIC_YEAR_UNKNOWN	UNKNOWN	TELEGRAM_USER_PROVIDED	MEDIUM	organized/S2/Algebre-2/TD/serie_TD3_info1_enp_v2 (1).pdf	NEW		pdf_parsed (2p)		general	PLACED_CANONICAL	canonical
L1---informatique-part-02.zip	L1---informatique/Test_structure 2025.pdf	extracted/L1---informatique-part-02/L1---informatique/Test_structure 2025.pdf	de77a75b6ee872e8e5c24b672af6531cceb3ce7def3efc0486ff0fe5e0ad4a8d	UNCLASSIFIED	UNCLASSIFIED	OTHER	ACADEMIC_YEAR_UNKNOWN	UNKNOWN	TELEGRAM_USER_PROVIDED	LOW	organized/UNCLASSIFIED/Autres/Test_structure 2025.pdf	NEW		PDF_NO_TEXT_LAYER (3p)	nombre 4-chiffres nu dans le texte, non retenu comme preuve d'annee	general	PLACED_CANONICAL	canonical
L1---informatique-part-02.zip	L1---informatique/Examen_SM1-2022-2023.pdf	extracted/L1---informatique-part-02/L1---informatique/Examen_SM1-2022-2023.pdf	3ef02c4d5f8a874941f935ab372632fab9b16a736d654010a81b37ec64381fd0	S2/Logique-mathematique	S2	EXAM	2022-2023	PUBLIC_UNIVERSITY	TELEGRAM_USER_PROVIDED	HIGH	organized/S2/Logique-mathematique/Examens/Examen_SM1-2022-2023.pdf	NEW		pdf_parsed (2p)		logique-des-propositions	PLACED_CANONICAL	canonical
L1---informatique-part-02.zip	L1---informatique/CHAP2.1.pdf	extracted/L1---informatique-part-02/L1---informatique/CHAP2.1.pdf	2addd184f718e3be407ef78c21a1525e13d265baa6a0bf03ab927ac47a4dbc9f	UNCLASSIFIED	UNCLASSIFIED	CHAPTER	ACADEMIC_YEAR_UNKNOWN	PUBLIC_UNIVERSITY	TELEGRAM_USER_PROVIDED	LOW	organized/UNCLASSIFIED/Autres/CHAP2.1.pdf	NEW		pdf_parsed (29p)		general	PLACED_CANONICAL	canonical
L1---informatique-part-02.zip	L1---informatique/CHAP01. 01.pdf	extracted/L1---informatique-part-02/L1---informatique/CHAP01. 01.pdf	f361922f6c5c23f80534c84d1a4efbb76cc8c664e3349d1c359d2ebc40b040b8	S1/Structure-de-machine-1	S1	CHAPTER	ACADEMIC_YEAR_UNKNOWN	PUBLIC_UNIVERSITY	TELEGRAM_USER_PROVIDED	HIGH	organized/S1/Structure-de-machine-1/Cours/CHAP01. 01.pdf	NEW		pdf_parsed (39p)		numérations	PLACED_CANONICAL	canonical
L1---informatique-part-02.zip	L1---informatique/Exam Analyse avec corrigé 2023-24 (2).pdf	extracted/L1---informatique-part-02/L1---informatique/Exam Analyse avec corrigé 2023-24 (2).pdf	2ee456c433c41b5b7402def2bbf806a385404ed5e96939ea83eefddf1eee8f4f	S1/Analyse-1	S1	EXAM_CORRECTION	2023-2024	PUBLIC_UNIVERSITY	TELEGRAM_USER_PROVIDED	HIGH	organized/S1/Analyse-1/Corriges/Exam Analyse avec corrigé 2023-24 (2).pdf	NEW		pdf_parsed (3p)	pair-correction: organized/S1/Analyse-1/Corriges/cor_exam_analyse.pdf; pair-examen: organized/S1/Analyse-1/Corriges/cor_exam_analyse.pdf	suites	PLACED_CANONICAL	canonical
L1---informatique-part-02.zip	L1---informatique/Njg4MDIwMjUtMDMtMDMgMTI6MzA6MjM= (1).pdf	extracted/L1---informatique-part-02/L1---informatique/Njg4MDIwMjUtMDMtMDMgMTI6MzA6MjM= (1).pdf	8b417389d06c83ad37b842c8bcf6103dd015f2086ec2dd77b858364bbf895ad3	S1/Structure-de-machine-1	S1	OTHER	ACADEMIC_YEAR_UNKNOWN	PUBLIC_UNIVERSITY	TELEGRAM_USER_PROVIDED	HIGH	organized/S1/Structure-de-machine-1/Autres/Njg4MDIwMjUtMDMtMDMgMTI6MzA6MjM= (1).pdf	NEW		pdf_parsed (2p)	nombre 4-chiffres nu dans le texte, non retenu comme preuve d'annee	numérations	PLACED_CANONICAL	canonical
L1---informatique-part-02.zip	L1---informatique/Structure MAchine 1 TDs.pdf	extracted/L1---informatique-part-02/L1---informatique/Structure MAchine 1 TDs.pdf	6f10ad0cc04c48c929da9324074758ad9607ee9444a983a8b08e0bada9160c0a	S1/Structure-de-machine-1	S1	OTHER	ACADEMIC_YEAR_UNKNOWN	UNKNOWN	TELEGRAM_USER_PROVIDED	LOW	organized/S1/Structure-de-machine-1/Autres/Structure MAchine 1 TDs.pdf	NEW		pdf_parsed (11p)		general	PLACED_CANONICAL	canonical of 1 exact duplicates
L1---informatique-part-02.zip	L1---informatique/examen_danalyse1_avec_corrige_2021-2022.pdf	extracted/L1---informatique-part-02/L1---informatique/examen_danalyse1_avec_corrige_2021-2022.pdf	571e087c1127c962f6ed9643f0a02a657530158cac50fee159ac9444c7ee9438	UNCLASSIFIED	UNCLASSIFIED	EXAM_CORRECTION	2021-2022	UNKNOWN	TELEGRAM_USER_PROVIDED	LOW	organized/UNCLASSIFIED/Autres/examen_danalyse1_avec_corrige_2021-2022.pdf	NEW		PDF_NO_TEXT_LAYER (5p)		general	PLACED_CANONICAL	canonical of 3 exact duplicates
L1---informatique-part-02.zip	L1---informatique/Test01.pdf	extracted/L1---informatique-part-02/L1---informatique/Test01.pdf	dd32c3c710a03451083d3f809d8268b7e4c46eed002aca5033cb4443edd80e41	S1/Analyse-1	S1	EXAM	ACADEMIC_YEAR_UNKNOWN	PUBLIC_UNIVERSITY	TELEGRAM_USER_PROVIDED	HIGH	organized/S1/Analyse-1/Examens/Test01.pdf	NEW		pdf_parsed (3p)		general	PLACED_CANONICAL	canonical
L1---informatique-part-02.zip	L1---informatique/CamScanner 24-12-2024 14.59.pdf	extracted/L1---informatique-part-02/L1---informatique/CamScanner 24-12-2024 14.59.pdf	ee147bba501ea9f1a10f02911b585119d143f8994fbe547cf529a1e7d06c348a	UNCLASSIFIED	UNCLASSIFIED	OTHER	ACADEMIC_YEAR_UNKNOWN	UNKNOWN	TELEGRAM_USER_PROVIDED	LOW	organized/UNCLASSIFIED/Autres/CamScanner 24-12-2024 14.59.pdf	NEW		PDF_NO_TEXT_LAYER (2p)	nombre 4-chiffres nu dans le texte, non retenu comme preuve d'annee	general	PLACED_CANONICAL	canonical
L1---informatique-part-02.zip	L1---informatique/إمتحان 2024 مع التصحيح .pdf	extracted/L1---informatique-part-02/L1---informatique/إمتحان 2024 مع التصحيح .pdf	a022d2941c891ab35ec7b409b911d9934bc55bff18bb5e3cb32c41697e06eb4e	S1/Algorithmique-ASD-1	S1	OTHER	ACADEMIC_YEAR_UNKNOWN	UNKNOWN	TELEGRAM_USER_PROVIDED	HIGH	organized/S1/Algorithmique-ASD-1/Autres/إمتحان 2024 مع التصحيح .pdf	NEW		pdf_parsed (5p)	nombre 4-chiffres nu dans le texte, non retenu comme preuve d'annee	fondamentaux	PLACED_CANONICAL	canonical
L1---informatique-part-02.zip	L1---informatique/Examen Algo L1 ingénieurs 2022-2023.pdf	extracted/L1---informatique-part-02/L1---informatique/Examen Algo L1 ingénieurs 2022-2023.pdf	59f32cd76cb3c1cb8d6584843ab44a4660099e46947822a21df6a7fc2aaf9695	S1/Algorithmique-ASD-1	S1	EXAM	2022-2023	PUBLIC_UNIVERSITY	TELEGRAM_USER_PROVIDED	LOW	organized/S1/Algorithmique-ASD-1/Examens/Examen Algo L1 ingénieurs 2022-2023.pdf	NEW		pdf_parsed (2p)		fondamentaux	PLACED_CANONICAL	canonical
L1---informatique-part-02.zip	L1---informatique/TD 03.pdf	extracted/L1---informatique-part-02/L1---informatique/TD 03.pdf	1f1acf05c6fc438db0c3d33da22635f4b00b82fec2df01516b91d1310d184f7f	S1/Analyse-1	S1	TD	ACADEMIC_YEAR_UNKNOWN	UNKNOWN	TELEGRAM_USER_PROVIDED	MEDIUM	organized/S1/Analyse-1/TD/TD 03.pdf	NEW		pdf_parsed (3p)		general	PLACED_CANONICAL	canonical
L1---informatique-part-02.zip	L1---informatique/Chapitre4 Algo- Caractère et chaine de caractères.pdf	extracted/L1---informatique-part-02/L1---informatique/Chapitre4 Algo- Caractère et chaine de caractères.pdf	a9ffd38af1b0d9b79c089fd8c711af9ab7c8934724264aefe598890693a64040	S1/Algorithmique-ASD-1	S1	OTHER	ACADEMIC_YEAR_UNKNOWN	UNKNOWN	TELEGRAM_USER_PROVIDED	HIGH	organized/S1/Algorithmique-ASD-1/Autres/Chapitre4 Algo- Caractère et chaine de caractères.pdf	NEW		pdf_parsed (7p)		boucles	PLACED_CANONICAL	canonical
L1---informatique-part-02.zip	L1---informatique/Algbre 1.pdf	extracted/L1---informatique-part-02/L1---informatique/Algbre 1.pdf	72707ec502c4cd4c6c80e1fc75cd9287bd7572b36a52192cf5a93141c4273b19	S2/Logique-mathematique	S2	COURSE	ACADEMIC_YEAR_UNKNOWN	PUBLIC_UNIVERSITY	TELEGRAM_USER_PROVIDED	HIGH	organized/S2/Logique-mathematique/Cours/Algbre 1.pdf	NEW		pdf_parsed (113p)	nombre 4-chiffres nu dans le texte, non retenu comme preuve d'annee	théorie-des-ensembles	PLACED_CANONICAL	canonical
L1---informatique-part-02.zip	L1---informatique/Solution-Examen1 Analyse 1 MI-L1 Jijel.pdf	extracted/L1---informatique-part-02/L1---informatique/Solution-Examen1 Analyse 1 MI-L1 Jijel.pdf	01bcbdc43d2c9e357e2f2dc315effddc77ae581bce6d6d3bcfa6aa2f3c470624	S1/Analyse-1	S1	EXAM	ACADEMIC_YEAR_UNKNOWN	UNKNOWN	TELEGRAM_USER_PROVIDED	HIGH	organized/S1/Analyse-1/Examens/Solution-Examen1 Analyse 1 MI-L1 Jijel.pdf	NEW		PDF_NO_TEXT_LAYER (3p)		general	PLACED_CANONICAL	canonical
L1---informatique-part-02.zip	L1---informatique/examen d'analyse1 avec corrigé 2021-2022 (2).pdf	extracted/L1---informatique-part-02/L1---informatique/examen d'analyse1 avec corrigé 2021-2022 (2).pdf	571e087c1127c962f6ed9643f0a02a657530158cac50fee159ac9444c7ee9438	S1/Analyse-1	S1	EXAM_CORRECTION	2021-2022	UNKNOWN	TELEGRAM_USER_PROVIDED	HIGH	—	EXACT_DUPLICATE	L1---informatique-part-02.zip/extracted/L1---informatique-part-02/L1---informatique/examen_danalyse1_avec_corrige_2021-2022.pdf	PDF_NO_TEXT_LAYER (5p)		general	DUPLICATE_NOT_COPIED	canonical copy: organized/UNCLASSIFIED/Autres/examen_danalyse1_avec_corrige_2021-2022.pdf
L1---informatique-part-02.zip	L1---informatique/livre-analyse-1-1.pdf	extracted/L1---informatique-part-02/L1---informatique/livre-analyse-1-1.pdf	75deb2e82eb77d1deb2fd6b7d1c788d0bb6d5edc7c4697cf17c60fbcf5039a61	S1/Analyse-1	S1	TD	2019-2020	UNKNOWN	TELEGRAM_USER_PROVIDED	HIGH	organized/S1/Analyse-1/TD/livre-analyse-1-1.pdf	NEW		pdf_parsed (85p)		continuité	PLACED_CANONICAL	canonical
L1---informatique-part-02.zip	L1---informatique/Série TD1(2) ASD.pdf	extracted/L1---informatique-part-02/L1---informatique/Série TD1(2) ASD.pdf	545b5e89817173fe011e377f5b7bf29a587077edd767a3f60540672774e4f333	S1/Algorithmique-ASD-1	S1	TD	2016-2017	PUBLIC_UNIVERSITY	TELEGRAM_USER_PROVIDED	HIGH	organized/S1/Algorithmique-ASD-1/TD/Série TD1(2) ASD.pdf	NEW		pdf_parsed (4p)		fondamentaux	PLACED_CANONICAL	canonical
L1---informatique-part-02.zip	L1---informatique/Série 2-1.pdf	extracted/L1---informatique-part-02/L1---informatique/Série 2-1.pdf	a0b4595fd449665b660a84b86c654f70b7ca204ea56df029cd20362510360eb1	UNCLASSIFIED	UNCLASSIFIED	EXERCISES	ACADEMIC_YEAR_UNKNOWN	UNKNOWN	TELEGRAM_USER_PROVIDED	LOW	organized/UNCLASSIFIED/Autres/Série 2-1.pdf	NEW		PDF_NO_TEXT_LAYER (1p)		general	PLACED_CANONICAL	canonical
L1---informatique-part-02.zip	L1---informatique/exam_alg_2020.pdf	extracted/L1---informatique-part-02/L1---informatique/exam_alg_2020.pdf	9052ceb489388ea5dd50871b13ee6a1962c00a53a8262f46c6487a93b97f047c	S1/Algorithmique-ASD-1	S1	COURSE	ACADEMIC_YEAR_UNKNOWN	PUBLIC_UNIVERSITY	TELEGRAM_USER_PROVIDED	HIGH	organized/S1/Algorithmique-ASD-1/Cours/exam_alg_2020.pdf	NEW		pdf_parsed (3p)	nombre 4-chiffres nu dans le texte, non retenu comme preuve d'annee	fondamentaux	PLACED_CANONICAL	canonical
L1---informatique-part-02.zip	L1---informatique/examen d'analyse1 avec corrigé 2021-2022 (1).pdf	extracted/L1---informatique-part-02/L1---informatique/examen d'analyse1 avec corrigé 2021-2022 (1).pdf	571e087c1127c962f6ed9643f0a02a657530158cac50fee159ac9444c7ee9438	S1/Analyse-1	S1	EXAM_CORRECTION	2021-2022	UNKNOWN	TELEGRAM_USER_PROVIDED	HIGH	—	EXACT_DUPLICATE	L1---informatique-part-02.zip/extracted/L1---informatique-part-02/L1---informatique/examen_danalyse1_avec_corrige_2021-2022.pdf	PDF_NO_TEXT_LAYER (5p)		general	DUPLICATE_NOT_COPIED	canonical copy: organized/UNCLASSIFIED/Autres/examen_danalyse1_avec_corrige_2021-2022.pdf
L1---informatique-part-02.zip	L1---informatique/3- Reading & Writing.pdf	extracted/L1---informatique-part-02/L1---informatique/3- Reading & Writing.pdf	4dfa92406eb564ebc5470d1149967444137e2e53f9ac56ac9f65237df660fc26	S1/Algorithmique-ASD-1	S1	OTHER	ACADEMIC_YEAR_UNKNOWN	UNKNOWN	TELEGRAM_USER_PROVIDED	LOW	organized/S1/Algorithmique-ASD-1/Autres/3- Reading & Writing.pdf	NEW		pdf_parsed (8p)		fondamentaux	PLACED_CANONICAL	canonical
L1---informatique-part-02.zip	L1---informatique/Examen 3 analyse 1+ solution.PDF	extracted/L1---informatique-part-02/L1---informatique/Examen 3 analyse 1+ solution.PDF	273adbef1214f507494048a8aca475cf07660cde28000ebf06cb64cb7759f123	S1/Analyse-1	S1	EXAM	2016-2017	PUBLIC_UNIVERSITY	TELEGRAM_USER_PROVIDED	MEDIUM	organized/S1/Analyse-1/Examens/Examen 3 analyse 1+ solution.PDF	NEW		pdf_parsed (4p)		general	PLACED_CANONICAL	canonical
L1---informatique-part-02.zip	L1---informatique/intérrogation d'analyse1 avec corrigé 2014-2015.pdf	extracted/L1---informatique-part-02/L1---informatique/intérrogation d'analyse1 avec corrigé 2014-2015.pdf	a5299f13fc3ca859782261b28834ea3db9495a34d911bf1fb3ae4c6598620317	S1/Analyse-1	S1	CORRECTION	ACADEMIC_YEAR_UNKNOWN	UNKNOWN	TELEGRAM_USER_PROVIDED	HIGH	organized/S1/Analyse-1/Corriges/intérrogation d'analyse1 avec corrigé 2014-2015.pdf	NEW		PDF_NO_TEXT_LAYER (4p)	nombre 4-chiffres nu dans le texte, non retenu comme preuve d'annee	general	PLACED_CANONICAL	canonical
L1---informatique-part-02.zip	L1---informatique/examen d'analyse1 avec corrigé 2021-2022.pdf	extracted/L1---informatique-part-02/L1---informatique/examen d'analyse1 avec corrigé 2021-2022.pdf	571e087c1127c962f6ed9643f0a02a657530158cac50fee159ac9444c7ee9438	S1/Analyse-1	S1	EXAM_CORRECTION	2021-2022	UNKNOWN	TELEGRAM_USER_PROVIDED	HIGH	—	EXACT_DUPLICATE	L1---informatique-part-02.zip/extracted/L1---informatique-part-02/L1---informatique/examen_danalyse1_avec_corrige_2021-2022.pdf	PDF_NO_TEXT_LAYER (5p)		general	DUPLICATE_NOT_COPIED	canonical copy: organized/UNCLASSIFIED/Autres/examen_danalyse1_avec_corrige_2021-2022.pdf
L1---informatique-part-02.zip	L1---informatique/Analyse - Chapitre 1_Ensemble des nombres réels.pdf	extracted/L1---informatique-part-02/L1---informatique/Analyse - Chapitre 1_Ensemble des nombres réels.pdf	1243f61277a5fc50e845e85b350b99d86bebe5761354cfcb19d2fead1ddcb714	S1/Histoire	S1	CHAPTER	ACADEMIC_YEAR_UNKNOWN	PUBLIC_UNIVERSITY	TELEGRAM_USER_PROVIDED	MEDIUM	organized/S1/Histoire/Cours/Analyse - Chapitre 1_Ensemble des nombres réels.pdf	NEW		pdf_parsed (51p)		general	PLACED_CANONICAL	canonical
L1---informatique-part-02.zip	L1---informatique/résumer chapitre 2 analyse  real sequences .pdf	extracted/L1---informatique-part-02/L1---informatique/résumer chapitre 2 analyse  real sequences .pdf	8ad4686683fe6fb827ba0a62c5bd71002c7525d2239be7086e7f2e5ab8b3e2cf	UNCLASSIFIED	UNCLASSIFIED	SUMMARY	ACADEMIC_YEAR_UNKNOWN	UNKNOWN	TELEGRAM_USER_PROVIDED	LOW	organized/UNCLASSIFIED/Autres/résumer chapitre 2 analyse  real sequences .pdf	NEW		PDF_NO_TEXT_LAYER (2p)		general	PLACED_CANONICAL	canonical
L1---informatique-part-02.zip	L1---informatique/ANNEXE BASIC ELEMENTS OF C LANGUAGE (1).pptx.pdf	extracted/L1---informatique-part-02/L1---informatique/ANNEXE BASIC ELEMENTS OF C LANGUAGE (1).pptx.pdf	1523b64764b0e6c98feede9a230698f4020f1f8a9e37a4e5b9641feda2b7c5d0	S1/Algorithmique-ASD-1	S1	LECTURE	2025-2026	PUBLIC_UNIVERSITY	TELEGRAM_USER_PROVIDED	MEDIUM	organized/S1/Algorithmique-ASD-1/Cours/ANNEXE BASIC ELEMENTS OF C LANGUAGE (1).pptx.pdf	NEW		pdf_parsed (35p)		general	PLACED_CANONICAL	canonical
L1---informatique-part-02.zip	L1---informatique/1_Chapter 4_One-dimensional array (1).pdf	extracted/L1---informatique-part-02/L1---informatique/1_Chapter 4_One-dimensional array (1).pdf	dc7f75e0736cba8f83f237709fb17b4209374b0fab4c17c8c9a61c017ae22b45	S2/Algebre-2	S2	CHAPTER	ACADEMIC_YEAR_UNKNOWN	UNKNOWN	TELEGRAM_USER_PROVIDED	HIGH	organized/S2/Algebre-2/Cours/1_Chapter 4_One-dimensional array (1).pdf	NEW		pdf_parsed (8p)		espaces-vectoriels	PLACED_CANONICAL	canonical
L1---informatique-part-02.zip	L1---informatique/Chapter 2_Conditional structures (1).pdf	extracted/L1---informatique-part-02/L1---informatique/Chapter 2_Conditional structures (1).pdf	d07cc13e84182165136a9bfa1c511ee1936bb414a838fedc3292286b516e1900	S1/Algorithmique-ASD-1	S1	EXAM	ACADEMIC_YEAR_UNKNOWN	UNKNOWN	TELEGRAM_USER_PROVIDED	MEDIUM	organized/S1/Algorithmique-ASD-1/Examens/Chapter 2_Conditional structures (1).pdf	NEW		pdf_parsed (7p)		fondamentaux	PLACED_CANONICAL	canonical
L1---informatique-part-02.zip	L1---informatique/2-Basic Data Types , Variables & Constants.pdf	extracted/L1---informatique-part-02/L1---informatique/2-Basic Data Types , Variables & Constants.pdf	434e745d99965a71474a7afa3e2ecfb05dd8f171cc8cef44fb0021fece5144ab	S1/Algorithmique-ASD-1	S1	OTHER	ACADEMIC_YEAR_UNKNOWN	UNKNOWN	TELEGRAM_USER_PROVIDED	LOW	organized/S1/Algorithmique-ASD-1/Autres/2-Basic Data Types , Variables & Constants.pdf	NEW		pdf_parsed (12p)		fondamentaux	PLACED_CANONICAL	canonical
L1---informatique-part-03.zip	L1---informatique/Cours7.pdf	extracted/L1---informatique-part-03/L1---informatique/Cours7.pdf	522b75b4d156d00cd260349828861697375018df32564f94f9f396cfb6b7194a	S1/Anglais-1-TCE-1	S1	COURSE	ACADEMIC_YEAR_UNKNOWN	PUBLIC_UNIVERSITY	TELEGRAM_USER_PROVIDED	HIGH	organized/S1/Anglais-1-TCE-1/Cours/Cours7.pdf	NEW		pdf_parsed (4p)		vocabulaire	PLACED_CANONICAL	canonical
L1---informatique-part-03.zip	L1---informatique/Cours 6.pdf	extracted/L1---informatique-part-03/L1---informatique/Cours 6.pdf	e1be18a1788ef9f86dcbf1fe3cae0cf63cc739556de77f0f914dab383c466a1a	S1/Anglais-1-TCE-1	S1	COURSE	ACADEMIC_YEAR_UNKNOWN	PUBLIC_UNIVERSITY	TELEGRAM_USER_PROVIDED	MEDIUM	organized/S1/Anglais-1-TCE-1/Cours/Cours 6.pdf	NEW		pdf_parsed (4p)		vocabulaire	PLACED_CANONICAL	canonical
L1---informatique-part-03.zip	L1---informatique/Cours 5.pdf	extracted/L1---informatique-part-03/L1---informatique/Cours 5.pdf	3c7bddc9619ef4e73a934cf96d53d6c9554ea8f76cceba61e65b2e3bbd2ca781	S1/Algorithmique-ASD-1	S1	COURSE	ACADEMIC_YEAR_UNKNOWN	PUBLIC_UNIVERSITY	TELEGRAM_USER_PROVIDED	MEDIUM	organized/S1/Algorithmique-ASD-1/Cours/Cours 5.pdf	NEW		pdf_parsed (5p)	nombre 4-chiffres nu dans le texte, non retenu comme preuve d'annee	fondamentaux	PLACED_CANONICAL	canonical
L1---informatique-part-03.zip	L1---informatique/Cours 4.pdf	extracted/L1---informatique-part-03/L1---informatique/Cours 4.pdf	d11745d01a4c57723365c7886ab2f0e93eb43b4d81f95aa722b41e1fa61dcacb	S1/Anglais-1-TCE-1	S1	COURSE	ACADEMIC_YEAR_UNKNOWN	PUBLIC_UNIVERSITY	TELEGRAM_USER_PROVIDED	MEDIUM	organized/S1/Anglais-1-TCE-1/Cours/Cours 4.pdf	NEW		pdf_parsed (6p)	nombre 4-chiffres nu dans le texte, non retenu comme preuve d'annee	compréhension-écrite	PLACED_CANONICAL	canonical
L1---informatique-part-03.zip	L1---informatique/cours 3.pdf	extracted/L1---informatique-part-03/L1---informatique/cours 3.pdf	9088836764c07b5291dd7f7719d572849d7b9a7d485e3cdd11f7e7b86bdd8e49	S1/Anglais-1-TCE-1	S1	COURSE	ACADEMIC_YEAR_UNKNOWN	PUBLIC_UNIVERSITY	TELEGRAM_USER_PROVIDED	HIGH	organized/S1/Anglais-1-TCE-1/Cours/cours 3.pdf	NEW		pdf_parsed (5p)	nombre 4-chiffres nu dans le texte, non retenu comme preuve d'annee	grammaire-temps	PLACED_CANONICAL	canonical
L1---informatique-part-03.zip	L1---informatique/cours 2.pdf	extracted/L1---informatique-part-03/L1---informatique/cours 2.pdf	2713848ad00e845c1376d0f1c2ed0eb957bcdfc52350d3d2fe0786a2f20cd91f	S1/Anglais-1-TCE-1	S1	COURSE	ACADEMIC_YEAR_UNKNOWN	PUBLIC_UNIVERSITY	TELEGRAM_USER_PROVIDED	MEDIUM	organized/S1/Anglais-1-TCE-1/Cours/cours 2.pdf	NEW		pdf_parsed (6p)		grammaire-temps	PLACED_CANONICAL	canonical
L1---informatique-part-03.zip	L1---informatique/cours 1.pdf	extracted/L1---informatique-part-03/L1---informatique/cours 1.pdf	8f4a3a586228d674f2b19250180223f7c3fd02d04628dea6a5c9f0aab6d8c398	S1/Anglais-1-TCE-1	S1	COURSE	ACADEMIC_YEAR_UNKNOWN	PUBLIC_UNIVERSITY	TELEGRAM_USER_PROVIDED	HIGH	organized/S1/Anglais-1-TCE-1/Cours/cours 1.pdf	NEW		pdf_parsed (5p)		grammaire-temps	PLACED_CANONICAL	canonical
L1---informatique-part-03.zip	L1---informatique/Lesson 3_22586e2cae63cfd86491b8243df2a14f.pdf	extracted/L1---informatique-part-03/L1---informatique/Lesson 3_22586e2cae63cfd86491b8243df2a14f.pdf	c34b7f751b690cf34843a78d73700f0a30eb0c7ec4d62f5d18f9f83a18ed5a32	UNCLASSIFIED	UNCLASSIFIED	COURSE	2025-2026	UNKNOWN	TELEGRAM_USER_PROVIDED	LOW	organized/UNCLASSIFIED/Autres/Lesson 3_22586e2cae63cfd86491b8243df2a14f.pdf	NEW		pdf_parsed (6p)		general	PLACED_CANONICAL	canonical
L1---informatique-part-03.zip	L1---informatique/Lesson 1_69028320bd82f7e376c17db5c211c327 (1).pdf	extracted/L1---informatique-part-03/L1---informatique/Lesson 1_69028320bd82f7e376c17db5c211c327 (1).pdf	937cd443dae75825496af286677772e1824179071d245ef9f2f1a5b2ee384c05	S1/Anglais-1-TCE-1	S1	COURSE	ACADEMIC_YEAR_UNKNOWN	UNKNOWN	TELEGRAM_USER_PROVIDED	HIGH	organized/S1/Anglais-1-TCE-1/Cours/Lesson 1_69028320bd82f7e376c17db5c211c327 (1).pdf	NEW		pdf_parsed (3p)		grammaire-temps	PLACED_CANONICAL	canonical
L1---informatique-part-03.zip	L1---informatique/Conjunctions lesson 7.pdf	extracted/L1---informatique-part-03/L1---informatique/Conjunctions lesson 7.pdf	b8b5c5061ed949158ce889a6b8a8b69cdfbd1455cbd8413003d99e3548181168	S1/Anglais-1-TCE-1	S1	OTHER	2019-2020	PUBLIC_UNIVERSITY	TELEGRAM_USER_PROVIDED	HIGH	organized/S1/Anglais-1-TCE-1/Autres/Conjunctions lesson 7.pdf	NEW		pdf_parsed (6p)		general	PLACED_CANONICAL	canonical
L1---informatique-part-03.zip	L1---informatique/Course Content_f77c5c6d063b3e147563ab78f894b442 (1).pdf	extracted/L1---informatique-part-03/L1---informatique/Course Content_f77c5c6d063b3e147563ab78f894b442 (1).pdf	a589a1f0053f067ea9b1cabc9d53530a792a7568a3a774446d23f78b9ebfc298	S1/Logiciels-libres	S1	CHAPTER	ACADEMIC_YEAR_UNKNOWN	UNKNOWN	TELEGRAM_USER_PROVIDED	HIGH	organized/S1/Logiciels-libres/Cours/Course Content_f77c5c6d063b3e147563ab78f894b442 (1).pdf	NEW		pdf_parsed (1p)		philosophie-du-libre	PLACED_CANONICAL	canonical
L1---informatique-part-03.zip	L1---informatique/Open Source C02.pdf	extracted/L1---informatique-part-03/L1---informatique/Open Source C02.pdf	349240a0ca76062ccf8dd8010a7b9388157c079252962feb571f56405d0c40b8	S1/Logiciels-libres	S1	SUMMARY	ACADEMIC_YEAR_UNKNOWN	PUBLIC_UNIVERSITY	TELEGRAM_USER_PROVIDED	HIGH	organized/S1/Logiciels-libres/Revisions/Open Source C02.pdf	NEW		pdf_parsed (13p)	nombre 4-chiffres nu dans le texte, non retenu comme preuve d'annee	philosophie-du-libre	PLACED_CANONICAL	canonical
L1---informatique-part-03.zip	L1---informatique/Open Source C01.pdf	extracted/L1---informatique-part-03/L1---informatique/Open Source C01.pdf	232645378f977894aee312afdd768e017c0a742db4fc8224fdbea50275759223	S1/Logiciels-libres	S1	SUMMARY	2025-2026	PUBLIC_UNIVERSITY	TELEGRAM_USER_PROVIDED	HIGH	organized/S1/Logiciels-libres/Revisions/Open Source C01.pdf	NEW		pdf_parsed (11p)		philosophie-du-libre	PLACED_CANONICAL	canonical
L1---informatique-part-03.zip	L1---informatique/ملخص_شامل_لتكنولوجيا_المعلومات_والمصدر_المفتوح_Comprehensive_It.pdf	extracted/L1---informatique-part-03/L1---informatique/ملخص_شامل_لتكنولوجيا_المعلومات_والمصدر_المفتوح_Comprehensive_It.pdf	4d69a647b44e094323a63989b78363278d7f2655f61e3b6dff05f80af0d87249	S1/Logiciels-libres	S1	OTHER	ACADEMIC_YEAR_UNKNOWN	UNKNOWN	TELEGRAM_USER_PROVIDED	HIGH	organized/S1/Logiciels-libres/Autres/ملخص_شامل_لتكنولوجيا_المعلومات_والمصدر_المفتوح_Comprehensive_It.pdf	NEW		pdf_parsed (6p)		philosophie-du-libre	PLACED_CANONICAL	canonical
L1---informatique-part-03.zip	L1---informatique/command-linux-part1.pdf	extracted/L1---informatique-part-03/L1---informatique/command-linux-part1.pdf	2c7a2db83b77be0261db80854536dc5a7093d1aa0de79517c249c15cfc52a1f0	S1/Logiciels-libres	S1	OTHER	ACADEMIC_YEAR_UNKNOWN	UNKNOWN	TELEGRAM_USER_PROVIDED	HIGH	organized/S1/Logiciels-libres/Autres/command-linux-part1.pdf	NEW		pdf_parsed (2p)		linux	PLACED_CANONICAL	canonical
L1---informatique-part-03.zip	L1---informatique/TD-Groupes fiche 5 _ USTHB .pdf	extracted/L1---informatique-part-03/L1---informatique/TD-Groupes fiche 5 _ USTHB .pdf	dbad67c5ebc5827db9060e0b4d22af2a5ea9d3cc052412fb3f58ceb18f4cf9be	S1/Algorithmique-ASD-1	S1	TD	ACADEMIC_YEAR_UNKNOWN	UNKNOWN	TELEGRAM_USER_PROVIDED	MEDIUM	organized/S1/Algorithmique-ASD-1/TD/TD-Groupes fiche 5 _ USTHB .pdf	NEW		pdf_parsed (2p)		boucles	PLACED_CANONICAL	canonical
L1---informatique-part-03.zip	L1---informatique/TD- exercice fiche 3 USTHB .pdf	extracted/L1---informatique-part-03/L1---informatique/TD- exercice fiche 3 USTHB .pdf	d4e1d2967f5305c30ba01a52521f0ef500462e49aac744138f19ccf567bd16fd	S1/Algorithmique-ASD-1	S1	TD	ACADEMIC_YEAR_UNKNOWN	UNKNOWN	TELEGRAM_USER_PROVIDED	HIGH	organized/S1/Algorithmique-ASD-1/TD/TD- exercice fiche 3 USTHB .pdf	NEW		pdf_parsed (2p)		general	PLACED_CANONICAL	canonical
L1---informatique-part-03.zip	L1---informatique/Fiche_4 Algebr -Relations _USTHB .pdf	extracted/L1---informatique-part-03/L1---informatique/Fiche_4 Algebr -Relations _USTHB .pdf	d7512593a22cccfe52e57aab0179069ac23c32e5a40102e95995bcace31e5b2a	S1/Algorithmique-ASD-1	S1	EXERCISES	ACADEMIC_YEAR_UNKNOWN	UNKNOWN	TELEGRAM_USER_PROVIDED	MEDIUM	organized/S1/Algorithmique-ASD-1/Series/Fiche_4 Algebr -Relations _USTHB .pdf	NEW		pdf_parsed (2p)		boucles	PLACED_CANONICAL	canonical
L1---informatique-part-03.zip	L1---informatique/fic00002.pdf	extracted/L1---informatique-part-03/L1---informatique/fic00002.pdf	c9c889fb9a575d3f5e6b9b1b45f21069dc986e306118b2ab74eaa5f6da021ac1	S2/Logique-mathematique	S2	OTHER	ACADEMIC_YEAR_UNKNOWN	UNKNOWN	TELEGRAM_USER_PROVIDED	MEDIUM	organized/S2/Logique-mathematique/Autres/fic00002.pdf	NEW		pdf_parsed (11p)		logique-des-propositions	PLACED_CANONICAL	canonical
L1---informatique-part-03.zip	L1---informatique/6_Examen Algebre1 avec solution.pdf	extracted/L1---informatique-part-03/L1---informatique/6_Examen Algebre1 avec solution.pdf	86681403fee2387e8d1923ac7bae90f8bbd40c4c81cfb50f2c076b28ce5b4eb8	S1/Algebre-1	S1	EXAM_CORRECTION	2022-2023	PUBLIC_UNIVERSITY	TELEGRAM_USER_PROVIDED	MEDIUM	organized/S1/Algebre-1/Corriges/6_Examen Algebre1 avec solution.pdf	NEW		pdf_parsed (4p)	contradiction nom/contenu (contenu->S2/Logique-mathematique)	general	PLACED_CANONICAL	canonical
L1---informatique-part-03.zip	L1---informatique/5_Examen Algebre1 avec solution.pdf	extracted/L1---informatique-part-03/L1---informatique/5_Examen Algebre1 avec solution.pdf	ea1c63e5da6d07adc14b8c5c27b2f59d14b83bf2e0ad3ee6a04cc21680601890	S1/Algebre-1	S1	EXAM	2022-2023	PUBLIC_UNIVERSITY	TELEGRAM_USER_PROVIDED	HIGH	organized/S1/Algebre-1/Examens/5_Examen Algebre1 avec solution.pdf	NEW		pdf_parsed (5p)		general	PLACED_CANONICAL	canonical
L1---informatique-part-03.zip	L1---informatique/3_Examen Algebre1 avec solution.pdf	extracted/L1---informatique-part-03/L1---informatique/3_Examen Algebre1 avec solution.pdf	c3f1c78daef9d5bbfc89446bc84cc5673d375fa4d22edce398be6c294bdd4c48	S1/Algebre-1	S1	EXAM_CORRECTION	2021-2022	PUBLIC_UNIVERSITY	TELEGRAM_USER_PROVIDED	MEDIUM	organized/S1/Algebre-1/Corriges/3_Examen Algebre1 avec solution.pdf	NEW		pdf_parsed (4p)	contradiction nom/contenu (contenu->S1/Algorithmique-1)	general	PLACED_CANONICAL	canonical
L1---informatique-part-03.zip	L1---informatique/exam 1, Algebra 1. ST-ENGI. 24-25.pdf	extracted/L1---informatique-part-03/L1---informatique/exam 1, Algebra 1. ST-ENGI. 24-25.pdf	91878deb3335e0885b346e0e120d01cbba6be887a38a33a1e14a2143ed59d561	UNCLASSIFIED	UNCLASSIFIED	OTHER	2024-2025	PUBLIC_UNIVERSITY	TELEGRAM_USER_PROVIDED	LOW	organized/UNCLASSIFIED/Autres/exam 1, Algebra 1. ST-ENGI. 24-25.pdf	NEW		pdf_parsed (1p)		general	PLACED_CANONICAL	canonical
L1---informatique-part-03.zip	L1---informatique/exam 1- RESIT. Algebra 1. ST-ENGI. 24-25.pdf	extracted/L1---informatique-part-03/L1---informatique/exam 1- RESIT. Algebra 1. ST-ENGI. 24-25.pdf	2b0a25cb70124d860ee1c46fa005af794612435f2f216b7381697656ea12bf49	S2/Logique-mathematique	S2	OTHER	2024-2025	PUBLIC_UNIVERSITY	TELEGRAM_USER_PROVIDED	LOW	organized/S2/Logique-mathematique/Autres/exam 1- RESIT. Algebra 1. ST-ENGI. 24-25.pdf	NEW		pdf_parsed (1p)		logique-des-propositions	PLACED_CANONICAL	canonical
L1---informatique-part-03.zip	L1---informatique/3. Sheet N3. Complex numbers. Algebra1. 25-26 (1).pdf	extracted/L1---informatique-part-03/L1---informatique/3. Sheet N3. Complex numbers. Algebra1. 25-26 (1).pdf	c935b29d24195fa131b68907813707f8fc33ff1a74134bb47b6857a56c763abd	UNCLASSIFIED	UNCLASSIFIED	OTHER	2025-2026	PUBLIC_UNIVERSITY	TELEGRAM_USER_PROVIDED	LOW	organized/UNCLASSIFIED/Autres/3. Sheet N3. Complex numbers. Algebra1. 25-26 (1).pdf	NEW		pdf_parsed (1p)		general	PLACED_CANONICAL	canonical
L1---informatique-part-03.zip	L1---informatique/Sheet N2. Relations and Functions. Algebra1. 25-26(2).pdf	extracted/L1---informatique-part-03/L1---informatique/Sheet N2. Relations and Functions. Algebra1. 25-26(2).pdf	34993f276b6de3a8da82eed63c04fd37b5c3bd8c828532e374b97719bc4943d0	UNCLASSIFIED	UNCLASSIFIED	OTHER	2025-2026	PUBLIC_UNIVERSITY	TELEGRAM_USER_PROVIDED	LOW	organized/UNCLASSIFIED/Autres/Sheet N2. Relations and Functions. Algebra1. 25-26(2).pdf	NEW		pdf_parsed (3p)		general	PLACED_CANONICAL	canonical
L1---informatique-part-03.zip	L1---informatique/Sheet N1. Part1-Logic, Proof and Sets. Algebra1. 25-26(5).pdf	extracted/L1---informatique-part-03/L1---informatique/Sheet N1. Part1-Logic, Proof and Sets. Algebra1. 25-26(5).pdf	0c0959f6ded6978df7b1b46c2b69811f65ab17743077ab0b5095c0185979497e	S2/Logique-mathematique	S2	OTHER	2025-2026	PUBLIC_UNIVERSITY	TELEGRAM_USER_PROVIDED	LOW	organized/S2/Logique-mathematique/Autres/Sheet N1. Part1-Logic, Proof and Sets. Algebra1. 25-26(5).pdf	NEW		pdf_parsed (1p)		logique-des-propositions	PLACED_CANONICAL	canonical
L1---informatique-part-03.zip	L1---informatique/Série 01.pdf	extracted/L1---informatique-part-03/L1---informatique/Série 01.pdf	f4f6b375b82f98a139b7a38b0b3e4f9aeaba38a577866a19c7d12ed18d0d2e83	UNCLASSIFIED	UNCLASSIFIED	EXERCISES	ACADEMIC_YEAR_UNKNOWN	UNKNOWN	TELEGRAM_USER_PROVIDED	LOW	organized/UNCLASSIFIED/Autres/Série 01.pdf	NEW		pdf_parsed (1p)		general	PLACED_CANONICAL	canonical
L1---informatique-part-03.zip	L1---informatique/Examen d’algèbre 2025 – Solution.pdf	extracted/L1---informatique-part-03/L1---informatique/Examen d’algèbre 2025 – Solution.pdf	0a801482f8461128efba68f7aa0be7c311ebae047920fb9f515ba8bcf5769d7a	S1/Algorithmique-ASD-1	S1	EXAM	ACADEMIC_YEAR_UNKNOWN	UNKNOWN	TELEGRAM_USER_PROVIDED	LOW	organized/S1/Algorithmique-ASD-1/Examens/Examen d’algèbre 2025 – Solution.pdf	NEW		pdf_parsed (3p)	nombre 4-chiffres nu dans le texte, non retenu comme preuve d'annee	general	PLACED_CANONICAL	canonical
L1---informatique-part-03.zip	L1---informatique/Examen d’algèbre 2025 .pdf	extracted/L1---informatique-part-03/L1---informatique/Examen d’algèbre 2025 .pdf	172e1a5f7a971d0284b91e4b994c510937966f69eb0cbf2de3f315232db9bb74	UNCLASSIFIED	UNCLASSIFIED	EXAM	ACADEMIC_YEAR_UNKNOWN	UNKNOWN	TELEGRAM_USER_PROVIDED	LOW	organized/UNCLASSIFIED/Autres/Examen d’algèbre 2025 .pdf	NEW		pdf_parsed (1p)	nombre 4-chiffres nu dans le texte, non retenu comme preuve d'annee	general	PLACED_CANONICAL	canonical
L1---informatique-part-03.zip	L1---informatique/Tutorial 3 Functions 2025.pdf	extracted/L1---informatique-part-03/L1---informatique/Tutorial 3 Functions 2025.pdf	34b69343c5010de4e8e326b675eaec2a497d5fc5c34e4de47e831d7fc0b3b7e7	S2/Algebre-2	S2	COURSE	2025-2026	UNKNOWN	TELEGRAM_USER_PROVIDED	LOW	organized/S2/Algebre-2/Cours/Tutorial 3 Functions 2025.pdf	NEW		pdf_parsed (3p)		general	PLACED_CANONICAL	canonical
L1---informatique-part-03.zip	L1---informatique/Tutorial 2 Sets and Relations 2025.pdf	extracted/L1---informatique-part-03/L1---informatique/Tutorial 2 Sets and Relations 2025.pdf	d9048ebbf134ce8fe96da43dbbfc871d9192497bbe30b66fd35e9539fc334f69	S2/Logique-mathematique	S2	COURSE	2025-2026	UNKNOWN	TELEGRAM_USER_PROVIDED	LOW	organized/S2/Logique-mathematique/Cours/Tutorial 2 Sets and Relations 2025.pdf	NEW		pdf_parsed (3p)		logique-des-propositions	PLACED_CANONICAL	canonical
L1---informatique-part-03.zip	L1---informatique/TD 2 (CH1).pdf	extracted/L1---informatique-part-03/L1---informatique/TD 2 (CH1).pdf	e7084441fe26ef133ca1437972598739702381f4b549be3b10351fa04f35dc5b	S2/Logique-mathematique	S2	TD	ACADEMIC_YEAR_UNKNOWN	UNKNOWN	TELEGRAM_USER_PROVIDED	MEDIUM	organized/S2/Logique-mathematique/TD/TD 2 (CH1).pdf	NEW		pdf_parsed (4p)		logique-des-propositions	PLACED_CANONICAL	canonical
L1---informatique-part-03.zip	L1---informatique/Solution_TD1 (2).pdf	extracted/L1---informatique-part-03/L1---informatique/Solution_TD1 (2).pdf	c82514ce405e9e5b27626d3713d9faed3e015ccede4a694d9621ac3dc7445ff7	S2/Logique-mathematique	S2	EXERCISES	2025-2026	PUBLIC_UNIVERSITY	TELEGRAM_USER_PROVIDED	HIGH	organized/S2/Logique-mathematique/Series/Solution_TD1 (2).pdf	NEW		pdf_parsed (18p)		logique-des-propositions	PLACED_CANONICAL	canonical
L1---informatique-part-03.zip	L1---informatique/Solution_dexercice_4_fiche_TD_1_a3854f7147398c7c3053408c60a7be38.pdf	extracted/L1---informatique-part-03/L1---informatique/Solution_dexercice_4_fiche_TD_1_a3854f7147398c7c3053408c60a7be38.pdf	e942b28e459cbf37092a243acc7c54fcb768130992ac48604eb5ead31d938f43	S2/Logique-mathematique	S2	TD	2023-2024	PUBLIC_UNIVERSITY	TELEGRAM_USER_PROVIDED	LOW	organized/S2/Logique-mathematique/TD/Solution_dexercice_4_fiche_TD_1_a3854f7147398c7c3053408c60a7be38.pdf	NEW		pdf_parsed (1p)		logique-des-propositions	PLACED_CANONICAL	canonical
L1---informatique-part-03.zip	L1---informatique/Fiche de TD4_54ba46b034a661d57feeb0c0a299ce9f.pdf	extracted/L1---informatique-part-03/L1---informatique/Fiche de TD4_54ba46b034a661d57feeb0c0a299ce9f.pdf	a0df190687a870c459789a0c156c6b43715e37822ec95a049500ef4c10f5055d	S1/Algorithmique-ASD-1	S1	TD	2023-2024	PUBLIC_UNIVERSITY	TELEGRAM_USER_PROVIDED	MEDIUM	organized/S1/Algorithmique-ASD-1/TD/Fiche de TD4_54ba46b034a661d57feeb0c0a299ce9f.pdf	NEW		pdf_parsed (1p)		general	PLACED_CANONICAL	canonical
L1---informatique-part-03.zip	L1---informatique/Fiche de TD3 2023-2024_f0b348cbe9bcb95fc887b6ad4443c413.pdf	extracted/L1---informatique-part-03/L1---informatique/Fiche de TD3 2023-2024_f0b348cbe9bcb95fc887b6ad4443c413.pdf	f733f43dbd701e863e6d34882fd7c887a1dde1b7f9c95cd337795ae0947ef044	S1/Algorithmique-ASD-1	S1	TD	2023-2024	PUBLIC_UNIVERSITY	TELEGRAM_USER_PROVIDED	LOW	organized/S1/Algorithmique-ASD-1/TD/Fiche de TD3 2023-2024_f0b348cbe9bcb95fc887b6ad4443c413.pdf	NEW		pdf_parsed (1p)		tri	PLACED_CANONICAL	canonical
L1---informatique-part-03.zip	L1---informatique/Quiz2_2024 (1).pdf	extracted/L1---informatique-part-03/L1---informatique/Quiz2_2024 (1).pdf	454037c670b37f088e00932a116b310579a863db19029ffa080f38f13b64ce1a	S1/Analyse-1	S1	EXAM	ACADEMIC_YEAR_UNKNOWN	PUBLIC_UNIVERSITY	TELEGRAM_USER_PROVIDED	MEDIUM	organized/S1/Analyse-1/Examens/Quiz2_2024 (1).pdf	NEW		pdf_parsed (3p)	nombre 4-chiffres nu dans le texte, non retenu comme preuve d'annee	general	PLACED_CANONICAL	canonical
L1---informatique-part-03.zip	L1---informatique/Quiz1_2024 (1).pdf	extracted/L1---informatique-part-03/L1---informatique/Quiz1_2024 (1).pdf	9e2834f20ca16a7af867e9652d27bc4e342ae4be278b224dac2aff51c98afdfe	S1/Analyse-1	S1	EXAM	ACADEMIC_YEAR_UNKNOWN	PUBLIC_UNIVERSITY	TELEGRAM_USER_PROVIDED	MEDIUM	organized/S1/Analyse-1/Examens/Quiz1_2024 (1).pdf	NEW		pdf_parsed (3p)	nombre 4-chiffres nu dans le texte, non retenu comme preuve d'annee	general	PLACED_CANONICAL	canonical
L1---informatique-part-03.zip	L1---informatique/Examen (2022)(Solutions) (1) (1).pdf	extracted/L1---informatique-part-03/L1---informatique/Examen (2022)(Solutions) (1) (1).pdf	33ef0684b3baaebd7082b2911f95f19c7d931b54c40175d6eb1b21629be3aaf5	UNCLASSIFIED	UNCLASSIFIED	EXAM_CORRECTION	ACADEMIC_YEAR_UNKNOWN	UNKNOWN	TELEGRAM_USER_PROVIDED	LOW	organized/UNCLASSIFIED/Autres/Examen (2022)(Solutions) (1) (1).pdf	NEW		PDF_NO_TEXT_LAYER (3p)	nombre 4-chiffres nu dans le texte, non retenu comme preuve d'annee	general	PLACED_CANONICAL	canonical of 1 exact duplicates
L1---informatique-part-03.zip	L1---informatique/Examen (2018)(Solutions) (1).pdf	extracted/L1---informatique-part-03/L1---informatique/Examen (2018)(Solutions) (1).pdf	ab1062287f4b35ad4cb5213a7da1195644461faf4a1b96d1e486ef11edc22695	UNCLASSIFIED	UNCLASSIFIED	EXAM_CORRECTION	ACADEMIC_YEAR_UNKNOWN	UNKNOWN	TELEGRAM_USER_PROVIDED	LOW	organized/UNCLASSIFIED/Autres/Examen (2018)(Solutions) (1).pdf	NEW		PDF_NO_TEXT_LAYER (3p)	nombre 4-chiffres nu dans le texte, non retenu comme preuve d'annee	general	PLACED_CANONICAL	canonical of 1 exact duplicates
L1---informatique-part-03.zip	L1---informatique/Examen (2016)(Solutions) (1).pdf	extracted/L1---informatique-part-03/L1---informatique/Examen (2016)(Solutions) (1).pdf	3b06c6a7781ad9dec45197a47462ac8994469e7bdb8b340e95bf352938b6ea25	UNCLASSIFIED	UNCLASSIFIED	EXAM_CORRECTION	ACADEMIC_YEAR_UNKNOWN	UNKNOWN	TELEGRAM_USER_PROVIDED	LOW	organized/UNCLASSIFIED/Autres/Examen (2016)(Solutions) (1).pdf	NEW		PDF_NO_TEXT_LAYER (2p)	nombre 4-chiffres nu dans le texte, non retenu comme preuve d'annee	general	PLACED_CANONICAL	canonical of 1 exact duplicates
L1---informatique-part-03.zip	L1---informatique/Examen (2016)(Rmplcm) (1).pdf	extracted/L1---informatique-part-03/L1---informatique/Examen (2016)(Rmplcm) (1).pdf	f4d3eec5dfe72d4ca1a0059d7c230ec1f2db4cba2a1c956255aaf9444048ae0d	UNCLASSIFIED	UNCLASSIFIED	EXAM	ACADEMIC_YEAR_UNKNOWN	UNKNOWN	TELEGRAM_USER_PROVIDED	LOW	organized/UNCLASSIFIED/Autres/Examen (2016)(Rmplcm) (1).pdf	NEW		PDF_NO_TEXT_LAYER (2p)	nombre 4-chiffres nu dans le texte, non retenu comme preuve d'annee	general	PLACED_CANONICAL	canonical of 1 exact duplicates
L1---informatique-part-03.zip	L1---informatique/Examen (2015) (1).pdf	extracted/L1---informatique-part-03/L1---informatique/Examen (2015) (1).pdf	ffeb08c34c68fbe9be2508968b5bbd2786a9fa0caa5f4a933704ec486c7394dd	UNCLASSIFIED	UNCLASSIFIED	EXAM	ACADEMIC_YEAR_UNKNOWN	UNKNOWN	TELEGRAM_USER_PROVIDED	LOW	organized/UNCLASSIFIED/Autres/Examen (2015) (1).pdf	NEW		PDF_NO_TEXT_LAYER (1p)	nombre 4-chiffres nu dans le texte, non retenu comme preuve d'annee	general	PLACED_CANONICAL	canonical of 1 exact duplicates
L1---informatique-part-03.zip	L1---informatique/Examen (2014) (1).pdf	extracted/L1---informatique-part-03/L1---informatique/Examen (2014) (1).pdf	41dbb9fab650916cd6d498fe762526dd6ef2bb698bfcc9aa11da538d15ef3be4	UNCLASSIFIED	UNCLASSIFIED	EXAM	ACADEMIC_YEAR_UNKNOWN	UNKNOWN	TELEGRAM_USER_PROVIDED	LOW	organized/UNCLASSIFIED/Autres/Examen (2014) (1).pdf	NEW		PDF_NO_TEXT_LAYER (1p)	nombre 4-chiffres nu dans le texte, non retenu comme preuve d'annee	general	PLACED_CANONICAL	canonical of 1 exact duplicates
L1---informatique-part-03.zip	L1---informatique/Examen (2013) (1).pdf	extracted/L1---informatique-part-03/L1---informatique/Examen (2013) (1).pdf	1274058df49f5a85177acf45fda134a95c05d1f6a012b581210caa4296c6cbd8	UNCLASSIFIED	UNCLASSIFIED	EXAM	ACADEMIC_YEAR_UNKNOWN	UNKNOWN	TELEGRAM_USER_PROVIDED	LOW	organized/UNCLASSIFIED/Autres/Examen (2013) (1).pdf	NEW		PDF_NO_TEXT_LAYER (1p)	nombre 4-chiffres nu dans le texte, non retenu comme preuve d'annee	general	PLACED_CANONICAL	canonical of 1 exact duplicates
L1---informatique-part-03.zip	L1---informatique/Examen (2022)(Solutions) (1).pdf	extracted/L1---informatique-part-03/L1---informatique/Examen (2022)(Solutions) (1).pdf	33ef0684b3baaebd7082b2911f95f19c7d931b54c40175d6eb1b21629be3aaf5	UNCLASSIFIED	UNCLASSIFIED	EXAM_CORRECTION	ACADEMIC_YEAR_UNKNOWN	UNKNOWN	TELEGRAM_USER_PROVIDED	LOW	—	EXACT_DUPLICATE	L1---informatique-part-03.zip/extracted/L1---informatique-part-03/L1---informatique/Examen (2022)(Solutions) (1) (1).pdf	PDF_NO_TEXT_LAYER (3p)	nombre 4-chiffres nu dans le texte, non retenu comme preuve d'annee	general	DUPLICATE_NOT_COPIED	canonical copy: organized/UNCLASSIFIED/Autres/Examen (2022)(Solutions) (1) (1).pdf
L1---informatique-part-03.zip	L1---informatique/Examen (2016)(Solutions).pdf	extracted/L1---informatique-part-03/L1---informatique/Examen (2016)(Solutions).pdf	3b06c6a7781ad9dec45197a47462ac8994469e7bdb8b340e95bf352938b6ea25	UNCLASSIFIED	UNCLASSIFIED	EXAM_CORRECTION	ACADEMIC_YEAR_UNKNOWN	UNKNOWN	TELEGRAM_USER_PROVIDED	LOW	—	EXACT_DUPLICATE	L1---informatique-part-03.zip/extracted/L1---informatique-part-03/L1---informatique/Examen (2016)(Solutions) (1).pdf	PDF_NO_TEXT_LAYER (2p)	nombre 4-chiffres nu dans le texte, non retenu comme preuve d'annee	general	DUPLICATE_NOT_COPIED	canonical copy: organized/UNCLASSIFIED/Autres/Examen (2016)(Solutions) (1).pdf
L1---informatique-part-03.zip	L1---informatique/Examen (2016).pdf	extracted/L1---informatique-part-03/L1---informatique/Examen (2016).pdf	35e74e5955034b17ec3eff9c48d5461d8c81371adc93255f0ff0844e02f18d5e	UNCLASSIFIED	UNCLASSIFIED	EXAM	ACADEMIC_YEAR_UNKNOWN	UNKNOWN	TELEGRAM_USER_PROVIDED	LOW	organized/UNCLASSIFIED/Autres/Examen (2016).pdf	NEW		PDF_NO_TEXT_LAYER (2p)	nombre 4-chiffres nu dans le texte, non retenu comme preuve d'annee	general	PLACED_CANONICAL	canonical of 1 exact duplicates
L1---informatique-part-03.zip	L1---informatique/série TD N°2 -info1-ENP (1).pdf	extracted/L1---informatique-part-03/L1---informatique/série TD N°2 -info1-ENP (1).pdf	8efe1a031d96868416a9fab286175ad1a1f39c009fbb6c74b292a3ba03a71a0a	S1/Structure-de-machine-1	S1	TD	ACADEMIC_YEAR_UNKNOWN	UNKNOWN	TELEGRAM_USER_PROVIDED	LOW	organized/S1/Structure-de-machine-1/TD/série TD N°2 -info1-ENP (1).pdf	NEW		pdf_parsed (2p)		general	PLACED_CANONICAL	canonical
L1---informatique-part-03.zip	L1---informatique/Examen10 Structure Machine 1 (1).pdf	extracted/L1---informatique-part-03/L1---informatique/Examen10 Structure Machine 1 (1).pdf	e9d253dcf39abc1c13afd1f63d940de08fa776bafb0d9dd8173b4b9dcda00b2e	S1/Structure-de-machine-1	S1	EXAM	ACADEMIC_YEAR_UNKNOWN	UNKNOWN	TELEGRAM_USER_PROVIDED	HIGH	organized/S1/Structure-de-machine-1/Examens/Examen10 Structure Machine 1 (1).pdf	NEW		pdf_parsed (5p)	nombre 4-chiffres nu dans le texte, non retenu comme preuve d'annee	numérations	PLACED_CANONICAL	canonical of 2 exact duplicates
L1---informatique-part-03.zip	L1---informatique/Examen10 Structure Machine 1.pdf	extracted/L1---informatique-part-03/L1---informatique/Examen10 Structure Machine 1.pdf	e9d253dcf39abc1c13afd1f63d940de08fa776bafb0d9dd8173b4b9dcda00b2e	S1/Structure-de-machine-1	S1	EXAM	ACADEMIC_YEAR_UNKNOWN	UNKNOWN	TELEGRAM_USER_PROVIDED	HIGH	—	EXACT_DUPLICATE	L1---informatique-part-03.zip/extracted/L1---informatique-part-03/L1---informatique/Examen10 Structure Machine 1 (1).pdf	pdf_parsed (5p)	nombre 4-chiffres nu dans le texte, non retenu comme preuve d'annee	numérations	DUPLICATE_NOT_COPIED	canonical copy: organized/S1/Structure-de-machine-1/Examens/Examen10 Structure Machine 1 (1).pdf
L1---informatique-part-03.zip	L1---informatique/Examen9 Structure Machine  (1).pdf	extracted/L1---informatique-part-03/L1---informatique/Examen9 Structure Machine  (1).pdf	2cc00946d290c7af8d8af1a78d3a1d1e8dd704a683aed83a62d0b72b9d1a3e6f	S2/Structure-de-machine-2	S2	EXAM_CORRECTION	ACADEMIC_YEAR_UNKNOWN	UNKNOWN	TELEGRAM_USER_PROVIDED	HIGH	organized/S2/Structure-de-machine-2/Corriges/Examen9 Structure Machine  (1).pdf	NEW		pdf_parsed (6p)	nombre 4-chiffres nu dans le texte, non retenu comme preuve d'annee; pair-correction: organized/S2/Structure-de-machine-2/Corriges/Examen1 Structure Machine 1 (2).pdf; pair-examen: organized/S2/Structure-de-machine-2/Corriges/Examen1 Structure Machine 1 (2).pdf; pair-examen: organized/S2/Structure-de-machine-2/Corriges/Examen3 Structure Machine 1.pdf; pair-examen: organized/S2/Structure-de-machine-2/Corriges/Examen2 Structure Machine 1.pdf; pair-examen: organized/S2/Structure-de-machine-2/Corriges/Examen4 Structure Machine 1 (2).pdf	convertisseurs	PLACED_CANONICAL	canonical of 2 exact duplicates
L1---informatique-part-03.zip	L1---informatique/Examen2 Structure Machine 1 Tlemcen.pdf	extracted/L1---informatique-part-03/L1---informatique/Examen2 Structure Machine 1 Tlemcen.pdf	024e9bfde0f1b3e5b38d6db35bd796534cf6fbccf66652c13f68929e04524b19	S2/Logique-mathematique	S2	EXAM	ACADEMIC_YEAR_UNKNOWN	PUBLIC_UNIVERSITY	TELEGRAM_USER_PROVIDED	MEDIUM	organized/S2/Logique-mathematique/Examens/Examen2 Structure Machine 1 Tlemcen.pdf	NEW		pdf_parsed (2p)	nombre 4-chiffres nu dans le texte, non retenu comme preuve d'annee	general	PLACED_CANONICAL	canonical of 1 exact duplicates
L1---informatique-part-03.zip	L1---informatique/Copie de TD 1 INFO1 (1).pdf	extracted/L1---informatique-part-03/L1---informatique/Copie de TD 1 INFO1 (1).pdf	d390fbc2d5ce6c0ee2991215497d128c65b4f7da0a78e500158711822f2ef990	S1/Structure-de-machine-1	S1	TD	ACADEMIC_YEAR_UNKNOWN	UNKNOWN	TELEGRAM_USER_PROVIDED	HIGH	organized/S1/Structure-de-machine-1/TD/Copie de TD 1 INFO1 (1).pdf	NEW		pdf_parsed (2p)		numérations	PLACED_CANONICAL	canonical
L1---informatique-part-03.zip	L1---informatique/Série1_StrM1_2526.pdf	extracted/L1---informatique-part-03/L1---informatique/Série1_StrM1_2526.pdf	f2148fae698a169569fc129382def0edf3a045f4b08a51b6c7568114a4fc6de9	S1/Structure-de-machine-1	S1	EXERCISES	2025-2026	PUBLIC_UNIVERSITY	TELEGRAM_USER_PROVIDED	HIGH	organized/S1/Structure-de-machine-1/Series/Série1_StrM1_2526.pdf	NEW		pdf_parsed (2p)		numérations	PLACED_CANONICAL	canonical
L1---informatique-part-03.zip	L1---informatique/revision.pdf	extracted/L1---informatique-part-03/L1---informatique/revision.pdf	ca30cde3d8600ffcda6bd547c68531208695b30d9da6609f5004d58afc1726ab	S1/Algorithmique-ASD-1	S1	EXAM	2022-2023	UNKNOWN	TELEGRAM_USER_PROVIDED	LOW	organized/S1/Algorithmique-ASD-1/Examens/revision.pdf	NEW		pdf_parsed (4p)		general	PLACED_CANONICAL	canonical
L1---informatique-part-03.zip	L1---informatique/micro-interogation correction.pdf	extracted/L1---informatique-part-03/L1---informatique/micro-interogation correction.pdf	d3c8973d648936bcb8115c0aaf891a3d0b0ac038648eed8ec2d43c929d9fe869	S1/Structure-de-machine-1	S1	OTHER	ACADEMIC_YEAR_UNKNOWN	PUBLIC_UNIVERSITY	TELEGRAM_USER_PROVIDED	LOW	organized/S1/Structure-de-machine-1/Autres/micro-interogation correction.pdf	NEW		pdf_parsed (1p)	nombre 4-chiffres nu dans le texte, non retenu comme preuve d'annee	numérations	PLACED_CANONICAL	canonical
L1---informatique-part-03.zip	L1---informatique/TD-3.pdf	extracted/L1---informatique-part-03/L1---informatique/TD-3.pdf	d877e3ae3df9d910e409c5912dc62bd93d86fa8c2d3ea450503cc24dd85d6b89	S1/Analyse-1	S1	TD	2025-2026	UNKNOWN	TELEGRAM_USER_PROVIDED	HIGH	organized/S1/Analyse-1/TD/TD-3.pdf	NEW		pdf_parsed (1p)		suites	PLACED_CANONICAL	canonical
L1---informatique-part-03.zip	L1---informatique/Examen7 Analyse 1 MI-L1.pdf	extracted/L1---informatique-part-03/L1---informatique/Examen7 Analyse 1 MI-L1.pdf	fbc6287d323c745e3dc740746ad24a797870ccdf49b0248f55e4c71ee340db4f	S1/Analyse-1	S1	EXAM	ACADEMIC_YEAR_UNKNOWN	UNKNOWN	TELEGRAM_USER_PROVIDED	HIGH	organized/S1/Analyse-1/Examens/Examen7 Analyse 1 MI-L1.pdf	NEW		PDF_NO_TEXT_LAYER (3p)		general	PLACED_CANONICAL	canonical of 1 exact duplicates
L1---informatique-part-03.zip	L1---informatique/Examen3+Solution Analyse 1.pdf	extracted/L1---informatique-part-03/L1---informatique/Examen3+Solution Analyse 1.pdf	7c49d46b8af34cf8bb82438331f3a6c97d37a258d8baa25446d5169040185f7f	S1/Analyse-1	S1	EXAM	2022-2023	PUBLIC_UNIVERSITY	TELEGRAM_USER_PROVIDED	HIGH	organized/S1/Analyse-1/Examens/Examen3+Solution Analyse 1.pdf	NEW		pdf_parsed (4p)		suites	PLACED_CANONICAL	canonical
L1---informatique-part-03.zip	L1---informatique/Ing.Inf.24-25-SectionD-Analyse1-EF-eng.pdf	extracted/L1---informatique-part-03/L1---informatique/Ing.Inf.24-25-SectionD-Analyse1-EF-eng.pdf	f98d31685196e9ffe14af3216728761ad81446cf5fd3e2e111abcad220622f4e	S1/Analyse-1	S1	CORRECTION	2024-2025	PUBLIC_UNIVERSITY	TELEGRAM_USER_PROVIDED	HIGH	organized/S1/Analyse-1/Corriges/Ing.Inf.24-25-SectionD-Analyse1-EF-eng.pdf	NEW		pdf_parsed (1p)		general	PLACED_CANONICAL	canonical
L1---informatique-part-03.zip	L1---informatique/4_5769339949929205467.pdf	extracted/L1---informatique-part-03/L1---informatique/4_5769339949929205467.pdf	abc3406d0628a109cc0ddff97f20f8bed5deb2f6674894a91d2fd743be3845b4	S1/Analyse-1	S1	EXAM	ACADEMIC_YEAR_UNKNOWN	PUBLIC_UNIVERSITY	TELEGRAM_USER_PROVIDED	HIGH	organized/S1/Analyse-1/Examens/4_5769339949929205467.pdf	NEW		pdf_parsed (2p)	nombre 4-chiffres nu dans le texte, non retenu comme preuve d'annee	general	PLACED_CANONICAL	canonical of 1 exact duplicates
L1---informatique-part-03.zip	L1---informatique/Tutorial 4 Algebraic Structures 2025.pdf	extracted/L1---informatique-part-03/L1---informatique/Tutorial 4 Algebraic Structures 2025.pdf	0618c00567a57e21cd14143a81a069bf2c2044a6578231b2d9cd3bda000639fe	S2/Algebre-2	S2	COURSE	2025-2026	UNKNOWN	TELEGRAM_USER_PROVIDED	HIGH	organized/S2/Algebre-2/Cours/Tutorial 4 Algebraic Structures 2025.pdf	NEW		pdf_parsed (2p)		structures-algébriques	PLACED_CANONICAL	canonical
L1---informatique-part-03.zip	L1---informatique/Tutorial 1 Mathematical Logic 2025_250925_094104.pdf	extracted/L1---informatique-part-03/L1---informatique/Tutorial 1 Mathematical Logic 2025_250925_094104.pdf	2517875c049c6db8b693f247cd90de798d76b433fdbb6b074754fba11ad85d74	S2/Logique-mathematique	S2	COURSE	2025-2026	UNKNOWN	TELEGRAM_USER_PROVIDED	HIGH	organized/S2/Logique-mathematique/Cours/Tutorial 1 Mathematical Logic 2025_250925_094104.pdf	NEW		pdf_parsed (3p)		logique-des-propositions	PLACED_CANONICAL	canonical
L1---informatique-part-03.zip	L1---informatique/TD ( CH1).pdf	extracted/L1---informatique-part-03/L1---informatique/TD ( CH1).pdf	0d937701558c65333bc738d64fb4c4f6f62ef11d8883ff2ae7016f9d83815638	S2/Logique-mathematique	S2	TD	ACADEMIC_YEAR_UNKNOWN	PUBLIC_UNIVERSITY	TELEGRAM_USER_PROVIDED	HIGH	organized/S2/Logique-mathematique/TD/TD ( CH1).pdf	NEW		pdf_parsed (3p)		logique-des-propositions	PLACED_CANONICAL	canonical
L1---informatique-part-03.zip	L1---informatique/Solution de fiche TD 4_e91de21380c4db855196323f8fad2090.pdf	extracted/L1---informatique-part-03/L1---informatique/Solution de fiche TD 4_e91de21380c4db855196323f8fad2090.pdf	e15752561277a18d0a87bef04901c60f3aaacffac0cd86851be2bf7b2de39a1c	S2/Algebre-2	S2	TD	2023-2024	PUBLIC_UNIVERSITY	TELEGRAM_USER_PROVIDED	LOW	organized/S2/Algebre-2/TD/Solution de fiche TD 4_e91de21380c4db855196323f8fad2090.pdf	NEW		pdf_parsed (4p)		general	PLACED_CANONICAL	canonical
L1---informatique-part-03.zip	L1---informatique/Solution de fiche TD 3_f14ae0636b15b04c0c05da950fad33a8.pdf	extracted/L1---informatique-part-03/L1---informatique/Solution de fiche TD 3_f14ae0636b15b04c0c05da950fad33a8.pdf	6eb0253f777651c71c50a57c8633adbd7253fa6acb4721a0e6e69d600279f0e6	UNCLASSIFIED	UNCLASSIFIED	TD	2023-2024	PUBLIC_UNIVERSITY	TELEGRAM_USER_PROVIDED	LOW	organized/UNCLASSIFIED/Autres/Solution de fiche TD 3_f14ae0636b15b04c0c05da950fad33a8.pdf	NEW		pdf_parsed (4p)		general	PLACED_CANONICAL	canonical
L1---informatique-part-03.zip	L1---informatique/Solution de fiche TD 2_a5270a91a145864965db372b2b190356.pdf	extracted/L1---informatique-part-03/L1---informatique/Solution de fiche TD 2_a5270a91a145864965db372b2b190356.pdf	cc5340be8a1ca3d18f2307a360253ef9b721232606c047a35796382355f29dda	S1/Algorithmique-ASD-1	S1	TD	2023-2024	PUBLIC_UNIVERSITY	TELEGRAM_USER_PROVIDED	HIGH	organized/S1/Algorithmique-ASD-1/TD/Solution de fiche TD 2_a5270a91a145864965db372b2b190356.pdf	NEW		pdf_parsed (4p)		general	PLACED_CANONICAL	canonical
L1---informatique-part-03.zip	L1---informatique/Fiche de TD1 2023-2024_43bb924f5410f6119261c40b8cac712f.pdf	extracted/L1---informatique-part-03/L1---informatique/Fiche de TD1 2023-2024_43bb924f5410f6119261c40b8cac712f.pdf	aa9a4f5dcd166973b535c2da3236976e773e5ac228fd035cdf7ab5c8e6f01fe7	S2/Logique-mathematique	S2	TD	2023-2024	PUBLIC_UNIVERSITY	TELEGRAM_USER_PROVIDED	MEDIUM	organized/S2/Logique-mathematique/TD/Fiche de TD1 2023-2024_43bb924f5410f6119261c40b8cac712f.pdf	NEW		pdf_parsed (1p)		logique-des-propositions	PLACED_CANONICAL	canonical
L1---informatique-part-03.zip	L1---informatique/Examen (2017)(Solutions) (1).pdf	extracted/L1---informatique-part-03/L1---informatique/Examen (2017)(Solutions) (1).pdf	23093b5cd89d4a3c04cb6ed46e608bebbfca19de37c79718d5804d454d90a686	UNCLASSIFIED	UNCLASSIFIED	EXAM_CORRECTION	ACADEMIC_YEAR_UNKNOWN	UNKNOWN	TELEGRAM_USER_PROVIDED	LOW	organized/UNCLASSIFIED/Autres/Examen (2017)(Solutions) (1).pdf	NEW		PDF_NO_TEXT_LAYER (2p)	nombre 4-chiffres nu dans le texte, non retenu comme preuve d'annee	general	PLACED_CANONICAL	canonical of 1 exact duplicates
L1---informatique-part-03.zip	L1---informatique/Examen (2017) (1).pdf	extracted/L1---informatique-part-03/L1---informatique/Examen (2017) (1).pdf	841cdc1acdf3d3f322b2f5660bee04fa32398e06225f69ddc8302bd9014d9fdb	UNCLASSIFIED	UNCLASSIFIED	EXAM	ACADEMIC_YEAR_UNKNOWN	UNKNOWN	TELEGRAM_USER_PROVIDED	LOW	organized/UNCLASSIFIED/Autres/Examen (2017) (1).pdf	NEW		PDF_NO_TEXT_LAYER (1p)	nombre 4-chiffres nu dans le texte, non retenu comme preuve d'annee	general	PLACED_CANONICAL	canonical of 1 exact duplicates
L1---informatique-part-03.zip	L1---informatique/Examen (2016) (1).pdf	extracted/L1---informatique-part-03/L1---informatique/Examen (2016) (1).pdf	35e74e5955034b17ec3eff9c48d5461d8c81371adc93255f0ff0844e02f18d5e	UNCLASSIFIED	UNCLASSIFIED	EXAM	ACADEMIC_YEAR_UNKNOWN	UNKNOWN	TELEGRAM_USER_PROVIDED	LOW	—	EXACT_DUPLICATE	L1---informatique-part-03.zip/extracted/L1---informatique-part-03/L1---informatique/Examen (2016).pdf	PDF_NO_TEXT_LAYER (2p)	nombre 4-chiffres nu dans le texte, non retenu comme preuve d'annee	general	DUPLICATE_NOT_COPIED	canonical copy: organized/UNCLASSIFIED/Autres/Examen (2016).pdf
L1---informatique-part-03.zip	L1---informatique/Examen (2013).pdf	extracted/L1---informatique-part-03/L1---informatique/Examen (2013).pdf	1274058df49f5a85177acf45fda134a95c05d1f6a012b581210caa4296c6cbd8	UNCLASSIFIED	UNCLASSIFIED	EXAM	ACADEMIC_YEAR_UNKNOWN	UNKNOWN	TELEGRAM_USER_PROVIDED	LOW	—	EXACT_DUPLICATE	L1---informatique-part-03.zip/extracted/L1---informatique-part-03/L1---informatique/Examen (2013) (1).pdf	PDF_NO_TEXT_LAYER (1p)	nombre 4-chiffres nu dans le texte, non retenu comme preuve d'annee	general	DUPLICATE_NOT_COPIED	canonical copy: organized/UNCLASSIFIED/Autres/Examen (2013) (1).pdf
L1---informatique-part-03.zip	L1---informatique/Examen (2011) (1).pdf	extracted/L1---informatique-part-03/L1---informatique/Examen (2011) (1).pdf	2b3d10c0aa654e59b471c5288309788b6e07534ac8f5b11cfa8d5942ac001536	UNCLASSIFIED	UNCLASSIFIED	EXAM	ACADEMIC_YEAR_UNKNOWN	UNKNOWN	TELEGRAM_USER_PROVIDED	LOW	organized/UNCLASSIFIED/Autres/Examen (2011) (1).pdf	NEW		PDF_NO_TEXT_LAYER (2p)	nombre 4-chiffres nu dans le texte, non retenu comme preuve d'annee	general	PLACED_CANONICAL	canonical of 1 exact duplicates
L1---informatique-part-03.zip	L1---informatique/Examen (2010) (1).pdf	extracted/L1---informatique-part-03/L1---informatique/Examen (2010) (1).pdf	6e68183041df28dd5c077ac0b61bca9bee76440db5bfd9a54b4c156b051bf5ee	UNCLASSIFIED	UNCLASSIFIED	EXAM	ACADEMIC_YEAR_UNKNOWN	UNKNOWN	TELEGRAM_USER_PROVIDED	LOW	organized/UNCLASSIFIED/Autres/Examen (2010) (1).pdf	NEW		PDF_NO_TEXT_LAYER (1p)	nombre 4-chiffres nu dans le texte, non retenu comme preuve d'annee	general	PLACED_CANONICAL	canonical of 1 exact duplicates
L1---informatique-part-03.zip	L1---informatique/Examen10 Structure Machine 1 (2).pdf	extracted/L1---informatique-part-03/L1---informatique/Examen10 Structure Machine 1 (2).pdf	e9d253dcf39abc1c13afd1f63d940de08fa776bafb0d9dd8173b4b9dcda00b2e	S1/Structure-de-machine-1	S1	EXAM	ACADEMIC_YEAR_UNKNOWN	UNKNOWN	TELEGRAM_USER_PROVIDED	HIGH	—	EXACT_DUPLICATE	L1---informatique-part-03.zip/extracted/L1---informatique-part-03/L1---informatique/Examen10 Structure Machine 1 (1).pdf	pdf_parsed (5p)	nombre 4-chiffres nu dans le texte, non retenu comme preuve d'annee	numérations	DUPLICATE_NOT_COPIED	canonical copy: organized/S1/Structure-de-machine-1/Examens/Examen10 Structure Machine 1 (1).pdf
L1---informatique-part-03.zip	L1---informatique/Examen9 Structure Machine  (2).pdf	extracted/L1---informatique-part-03/L1---informatique/Examen9 Structure Machine  (2).pdf	2cc00946d290c7af8d8af1a78d3a1d1e8dd704a683aed83a62d0b72b9d1a3e6f	S2/Structure-de-machine-2	S2	EXAM_CORRECTION	ACADEMIC_YEAR_UNKNOWN	UNKNOWN	TELEGRAM_USER_PROVIDED	HIGH	—	EXACT_DUPLICATE	L1---informatique-part-03.zip/extracted/L1---informatique-part-03/L1---informatique/Examen9 Structure Machine  (1).pdf	pdf_parsed (6p)	nombre 4-chiffres nu dans le texte, non retenu comme preuve d'annee	convertisseurs	DUPLICATE_NOT_COPIED	canonical copy: organized/S2/Structure-de-machine-2/Corriges/Examen9 Structure Machine  (1).pdf
L1---informatique-part-03.zip	L1---informatique/Examen8 Structure Machine 1 (1).pdf	extracted/L1---informatique-part-03/L1---informatique/Examen8 Structure Machine 1 (1).pdf	e48af7b14a30e158a1446639a17e2982029cde871a35b0ec73108f7f90627faa	S1/Structure-de-machine-1	S1	EXAM	ACADEMIC_YEAR_UNKNOWN	UNKNOWN	TELEGRAM_USER_PROVIDED	MEDIUM	organized/S1/Structure-de-machine-1/Examens/Examen8 Structure Machine 1 (1).pdf	NEW		pdf_parsed (6p)	nombre 4-chiffres nu dans le texte, non retenu comme preuve d'annee	numérations	PLACED_CANONICAL	canonical of 1 exact duplicates
L1---informatique-part-03.zip	L1---informatique/Examen7 Structure Machine 1 (1).pdf	extracted/L1---informatique-part-03/L1---informatique/Examen7 Structure Machine 1 (1).pdf	c554bd1dfbd8eca36cfdfefb77ac493c070461263d6ae8a52eed900e07d5c290	S2/Structure-de-machine-2	S2	EXAM	ACADEMIC_YEAR_UNKNOWN	UNKNOWN	TELEGRAM_USER_PROVIDED	HIGH	organized/S2/Structure-de-machine-2/Examens/Examen7 Structure Machine 1 (1).pdf	NEW		pdf_parsed (6p)	nombre 4-chiffres nu dans le texte, non retenu comme preuve d'annee	convertisseurs	PLACED_CANONICAL	canonical of 1 exact duplicates
L1---informatique-part-03.zip	L1---informatique/Examen4 Structure Machine 1 (1) (1).pdf	extracted/L1---informatique-part-03/L1---informatique/Examen4 Structure Machine 1 (1) (1).pdf	dddc180fc20269559631b600a4797f929ac8fe1039a9663a034f074a1da3323f	UNCLASSIFIED	UNCLASSIFIED	EXAM	ACADEMIC_YEAR_UNKNOWN	UNKNOWN	TELEGRAM_USER_PROVIDED	LOW	organized/UNCLASSIFIED/Autres/Examen4 Structure Machine 1 (1) (1).pdf	NEW		pdf_parsed (3p)	nombre 4-chiffres nu dans le texte, non retenu comme preuve d'annee	general	PLACED_CANONICAL	canonical of 2 exact duplicates
L1---informatique-part-03.zip	L1---informatique/Examen (2018)(Solutions).pdf	extracted/L1---informatique-part-03/L1---informatique/Examen (2018)(Solutions).pdf	ab1062287f4b35ad4cb5213a7da1195644461faf4a1b96d1e486ef11edc22695	UNCLASSIFIED	UNCLASSIFIED	EXAM_CORRECTION	ACADEMIC_YEAR_UNKNOWN	UNKNOWN	TELEGRAM_USER_PROVIDED	LOW	—	EXACT_DUPLICATE	L1---informatique-part-03.zip/extracted/L1---informatique-part-03/L1---informatique/Examen (2018)(Solutions) (1).pdf	PDF_NO_TEXT_LAYER (3p)	nombre 4-chiffres nu dans le texte, non retenu comme preuve d'annee	general	DUPLICATE_NOT_COPIED	canonical copy: organized/UNCLASSIFIED/Autres/Examen (2018)(Solutions) (1).pdf
L1---informatique-part-03.zip	L1---informatique/Examen (2017)(Solutions).pdf	extracted/L1---informatique-part-03/L1---informatique/Examen (2017)(Solutions).pdf	23093b5cd89d4a3c04cb6ed46e608bebbfca19de37c79718d5804d454d90a686	UNCLASSIFIED	UNCLASSIFIED	EXAM_CORRECTION	ACADEMIC_YEAR_UNKNOWN	UNKNOWN	TELEGRAM_USER_PROVIDED	LOW	—	EXACT_DUPLICATE	L1---informatique-part-03.zip/extracted/L1---informatique-part-03/L1---informatique/Examen (2017)(Solutions) (1).pdf	PDF_NO_TEXT_LAYER (2p)	nombre 4-chiffres nu dans le texte, non retenu comme preuve d'annee	general	DUPLICATE_NOT_COPIED	canonical copy: organized/UNCLASSIFIED/Autres/Examen (2017)(Solutions) (1).pdf
L1---informatique-part-03.zip	L1---informatique/Examen (2017).pdf	extracted/L1---informatique-part-03/L1---informatique/Examen (2017).pdf	841cdc1acdf3d3f322b2f5660bee04fa32398e06225f69ddc8302bd9014d9fdb	UNCLASSIFIED	UNCLASSIFIED	EXAM	ACADEMIC_YEAR_UNKNOWN	UNKNOWN	TELEGRAM_USER_PROVIDED	LOW	—	EXACT_DUPLICATE	L1---informatique-part-03.zip/extracted/L1---informatique-part-03/L1---informatique/Examen (2017) (1).pdf	PDF_NO_TEXT_LAYER (1p)	nombre 4-chiffres nu dans le texte, non retenu comme preuve d'annee	general	DUPLICATE_NOT_COPIED	canonical copy: organized/UNCLASSIFIED/Autres/Examen (2017) (1).pdf
L1---informatique-part-03.zip	L1---informatique/TD4 (2).pdf	extracted/L1---informatique-part-03/L1---informatique/TD4 (2).pdf	2e364da42561c63fe9b9513383d6bfd97747aceab0041459decae4a07cda9456	S1/Structure-de-machine-1	S1	OTHER	ACADEMIC_YEAR_UNKNOWN	PUBLIC_UNIVERSITY	TELEGRAM_USER_PROVIDED	HIGH	organized/S1/Structure-de-machine-1/Autres/TD4 (2).pdf	NEW		pdf_parsed (1p)		numérations	PLACED_CANONICAL	canonical
L1---informatique-part-03.zip	L1---informatique/Examen (2016)(Rmplcm).pdf	extracted/L1---informatique-part-03/L1---informatique/Examen (2016)(Rmplcm).pdf	f4d3eec5dfe72d4ca1a0059d7c230ec1f2db4cba2a1c956255aaf9444048ae0d	UNCLASSIFIED	UNCLASSIFIED	EXAM	ACADEMIC_YEAR_UNKNOWN	UNKNOWN	TELEGRAM_USER_PROVIDED	LOW	—	EXACT_DUPLICATE	L1---informatique-part-03.zip/extracted/L1---informatique-part-03/L1---informatique/Examen (2016)(Rmplcm) (1).pdf	PDF_NO_TEXT_LAYER (2p)	nombre 4-chiffres nu dans le texte, non retenu comme preuve d'annee	general	DUPLICATE_NOT_COPIED	canonical copy: organized/UNCLASSIFIED/Autres/Examen (2016)(Rmplcm) (1).pdf
L1---informatique-part-03.zip	L1---informatique/Examen (2015).pdf	extracted/L1---informatique-part-03/L1---informatique/Examen (2015).pdf	ffeb08c34c68fbe9be2508968b5bbd2786a9fa0caa5f4a933704ec486c7394dd	UNCLASSIFIED	UNCLASSIFIED	EXAM	ACADEMIC_YEAR_UNKNOWN	UNKNOWN	TELEGRAM_USER_PROVIDED	LOW	—	EXACT_DUPLICATE	L1---informatique-part-03.zip/extracted/L1---informatique-part-03/L1---informatique/Examen (2015) (1).pdf	PDF_NO_TEXT_LAYER (1p)	nombre 4-chiffres nu dans le texte, non retenu comme preuve d'annee	general	DUPLICATE_NOT_COPIED	canonical copy: organized/UNCLASSIFIED/Autres/Examen (2015) (1).pdf
L1---informatique-part-03.zip	L1---informatique/Examen (2014).pdf	extracted/L1---informatique-part-03/L1---informatique/Examen (2014).pdf	41dbb9fab650916cd6d498fe762526dd6ef2bb698bfcc9aa11da538d15ef3be4	UNCLASSIFIED	UNCLASSIFIED	EXAM	ACADEMIC_YEAR_UNKNOWN	UNKNOWN	TELEGRAM_USER_PROVIDED	LOW	—	EXACT_DUPLICATE	L1---informatique-part-03.zip/extracted/L1---informatique-part-03/L1---informatique/Examen (2014) (1).pdf	PDF_NO_TEXT_LAYER (1p)	nombre 4-chiffres nu dans le texte, non retenu comme preuve d'annee	general	DUPLICATE_NOT_COPIED	canonical copy: organized/UNCLASSIFIED/Autres/Examen (2014) (1).pdf
L1---informatique-part-03.zip	L1---informatique/Examen (2011).pdf	extracted/L1---informatique-part-03/L1---informatique/Examen (2011).pdf	2b3d10c0aa654e59b471c5288309788b6e07534ac8f5b11cfa8d5942ac001536	UNCLASSIFIED	UNCLASSIFIED	EXAM	ACADEMIC_YEAR_UNKNOWN	UNKNOWN	TELEGRAM_USER_PROVIDED	LOW	—	EXACT_DUPLICATE	L1---informatique-part-03.zip/extracted/L1---informatique-part-03/L1---informatique/Examen (2011) (1).pdf	PDF_NO_TEXT_LAYER (2p)	nombre 4-chiffres nu dans le texte, non retenu comme preuve d'annee	general	DUPLICATE_NOT_COPIED	canonical copy: organized/UNCLASSIFIED/Autres/Examen (2011) (1).pdf
L1---informatique-part-03.zip	L1---informatique/Examen (2010).pdf	extracted/L1---informatique-part-03/L1---informatique/Examen (2010).pdf	6e68183041df28dd5c077ac0b61bca9bee76440db5bfd9a54b4c156b051bf5ee	UNCLASSIFIED	UNCLASSIFIED	EXAM	ACADEMIC_YEAR_UNKNOWN	UNKNOWN	TELEGRAM_USER_PROVIDED	LOW	—	EXACT_DUPLICATE	L1---informatique-part-03.zip/extracted/L1---informatique-part-03/L1---informatique/Examen (2010) (1).pdf	PDF_NO_TEXT_LAYER (1p)	nombre 4-chiffres nu dans le texte, non retenu comme preuve d'annee	general	DUPLICATE_NOT_COPIED	canonical copy: organized/UNCLASSIFIED/Autres/Examen (2010) (1).pdf
L1---informatique-part-03.zip	L1---informatique/تيدي 2 (1).pdf	extracted/L1---informatique-part-03/L1---informatique/تيدي 2 (1).pdf	5a28510ce2cd898aaa75a94a4bc85a75bb1ed8f49e5e5c7a8180d3d84e4123b5	S2/Structure-de-machine-2	S2	CORRECTION	ACADEMIC_YEAR_UNKNOWN	UNKNOWN	TELEGRAM_USER_PROVIDED	MEDIUM	organized/S2/Structure-de-machine-2/Corriges/تيدي 2 (1).pdf	NEW		pdf_parsed (2p)		logique-combinatoire	PLACED_CANONICAL	canonical
L1---informatique-part-03.zip	L1---informatique/TD3_Représentation_des nombres (1).pdf	extracted/L1---informatique-part-03/L1---informatique/TD3_Représentation_des nombres (1).pdf	d215f15513b69b5f1368799f84868b3cc8b871ee981b1c86a4d62775833ee1a5	S1/Structure-de-machine-1	S1	TD	2020-2021	UNKNOWN	TELEGRAM_USER_PROVIDED	HIGH	organized/S1/Structure-de-machine-1/TD/TD3_Représentation_des nombres (1).pdf	NEW		pdf_parsed (2p)		numérations	PLACED_CANONICAL	canonical
L1---informatique-part-03.zip	L1---informatique/TD2_Représentation_des nombres (1).pdf	extracted/L1---informatique-part-03/L1---informatique/TD2_Représentation_des nombres (1).pdf	da38175eb126f453c2958aa28b92d8cfd03766b0def665600dbfcadf28a72a2e	S1/Structure-de-machine-1	S1	TD	2020-2021	UNKNOWN	TELEGRAM_USER_PROVIDED	HIGH	organized/S1/Structure-de-machine-1/TD/TD2_Représentation_des nombres (1).pdf	NEW		pdf_parsed (3p)		numérations	PLACED_CANONICAL	canonical
L1---informatique-part-03.zip	L1---informatique/TD1_Représentation_des nombres (1).pdf	extracted/L1---informatique-part-03/L1---informatique/TD1_Représentation_des nombres (1).pdf	534cc2d29c7f2a3122e0072dbc31545e66bb435dbabf8800f148f8ce471d5b10	S1/Structure-de-machine-1	S1	TD	2020-2021	UNKNOWN	TELEGRAM_USER_PROVIDED	HIGH	organized/S1/Structure-de-machine-1/TD/TD1_Représentation_des nombres (1).pdf	NEW		pdf_parsed (1p)		numérations	PLACED_CANONICAL	canonical
L1---informatique-part-03.zip	L1---informatique/série_TD1_info1_enp (1).pdf	extracted/L1---informatique-part-03/L1---informatique/série_TD1_info1_enp (1).pdf	b48ca2d90beb670291c88533b3045a305c8b6d8c92a5cee21aebf6dba4c5fbcf	S1/Structure-de-machine-1	S1	TD	ACADEMIC_YEAR_UNKNOWN	UNKNOWN	TELEGRAM_USER_PROVIDED	HIGH	organized/S1/Structure-de-machine-1/TD/série_TD1_info1_enp (1).pdf	NEW		pdf_parsed (1p)	nombre 4-chiffres nu dans le texte, non retenu comme preuve d'annee	numérations	PLACED_CANONICAL	canonical
L1---informatique-part-03.zip	L1---informatique/Exercices  de révision (1).pdf	extracted/L1---informatique-part-03/L1---informatique/Exercices  de révision (1).pdf	22e1cd89dcfe0121b3c272ef48e456229a2f7cce2ef0235c9c8e99f53b5fc6fd	S2/Logique-mathematique	S2	EXERCISES	ACADEMIC_YEAR_UNKNOWN	UNKNOWN	TELEGRAM_USER_PROVIDED	MEDIUM	organized/S2/Logique-mathematique/Series/Exercices  de révision (1).pdf	NEW		pdf_parsed (2p)		logique-des-propositions	PLACED_CANONICAL	canonical
L1---informatique-part-03.zip	L1---informatique/Examen9 Structure Machine .pdf	extracted/L1---informatique-part-03/L1---informatique/Examen9 Structure Machine .pdf	2cc00946d290c7af8d8af1a78d3a1d1e8dd704a683aed83a62d0b72b9d1a3e6f	S2/Structure-de-machine-2	S2	EXAM_CORRECTION	ACADEMIC_YEAR_UNKNOWN	UNKNOWN	TELEGRAM_USER_PROVIDED	HIGH	—	EXACT_DUPLICATE	L1---informatique-part-03.zip/extracted/L1---informatique-part-03/L1---informatique/Examen9 Structure Machine  (1).pdf	pdf_parsed (6p)	nombre 4-chiffres nu dans le texte, non retenu comme preuve d'annee	convertisseurs	DUPLICATE_NOT_COPIED	canonical copy: organized/S2/Structure-de-machine-2/Corriges/Examen9 Structure Machine  (1).pdf
L1---informatique-part-03.zip	L1---informatique/Examen8 Structure Machine 1.pdf	extracted/L1---informatique-part-03/L1---informatique/Examen8 Structure Machine 1.pdf	e48af7b14a30e158a1446639a17e2982029cde871a35b0ec73108f7f90627faa	S1/Structure-de-machine-1	S1	EXAM	ACADEMIC_YEAR_UNKNOWN	UNKNOWN	TELEGRAM_USER_PROVIDED	MEDIUM	—	EXACT_DUPLICATE	L1---informatique-part-03.zip/extracted/L1---informatique-part-03/L1---informatique/Examen8 Structure Machine 1 (1).pdf	pdf_parsed (6p)	nombre 4-chiffres nu dans le texte, non retenu comme preuve d'annee	numérations	DUPLICATE_NOT_COPIED	canonical copy: organized/S1/Structure-de-machine-1/Examens/Examen8 Structure Machine 1 (1).pdf
L1---informatique-part-03.zip	L1---informatique/Examen7 Structure Machine 1.pdf	extracted/L1---informatique-part-03/L1---informatique/Examen7 Structure Machine 1.pdf	c554bd1dfbd8eca36cfdfefb77ac493c070461263d6ae8a52eed900e07d5c290	S2/Structure-de-machine-2	S2	EXAM	ACADEMIC_YEAR_UNKNOWN	UNKNOWN	TELEGRAM_USER_PROVIDED	HIGH	—	EXACT_DUPLICATE	L1---informatique-part-03.zip/extracted/L1---informatique-part-03/L1---informatique/Examen7 Structure Machine 1 (1).pdf	pdf_parsed (6p)	nombre 4-chiffres nu dans le texte, non retenu comme preuve d'annee	convertisseurs	DUPLICATE_NOT_COPIED	canonical copy: organized/S2/Structure-de-machine-2/Examens/Examen7 Structure Machine 1 (1).pdf
L1---informatique-part-03.zip	L1---informatique/Examen-SM-2019-2020-V1-corrigé.pdf	extracted/L1---informatique-part-03/L1---informatique/Examen-SM-2019-2020-V1-corrigé.pdf	d908bff5336dfe3f758aae0d471eace202fd8d3aedd5eba751575b12433f7129	UNCLASSIFIED	UNCLASSIFIED	EXAM_CORRECTION	2019-2020	PUBLIC_UNIVERSITY	TELEGRAM_USER_PROVIDED	LOW	organized/UNCLASSIFIED/Autres/Examen-SM-2019-2020-V1-corrigé.pdf	NEW		pdf_parsed (4p)		general	PLACED_CANONICAL	canonical
L1---informatique-part-03.zip	L1---informatique/4_5825659658513161048 (1).pdf	extracted/L1---informatique-part-03/L1---informatique/4_5825659658513161048 (1).pdf	3ff3ef238f727d27350239bd03f58a1f3e6eb174ee977b8169ed55fd14e7456b	UNCLASSIFIED	UNCLASSIFIED	OTHER	ACADEMIC_YEAR_UNKNOWN	UNKNOWN	TELEGRAM_USER_PROVIDED	LOW	organized/UNCLASSIFIED/Autres/4_5825659658513161048 (1).pdf	NEW		pdf_parsed (3p)		general	PLACED_CANONICAL	canonical
L1---informatique-part-03.zip	L1---informatique/interro_eng.pdf	extracted/L1---informatique-part-03/L1---informatique/interro_eng.pdf	5e64cc698f1ce23229d83f7fe4d10e2fab232016b2001161df20bd492700f390	UNCLASSIFIED	UNCLASSIFIED	OTHER	ACADEMIC_YEAR_UNKNOWN	UNKNOWN	TELEGRAM_USER_PROVIDED	LOW	organized/UNCLASSIFIED/Autres/interro_eng.pdf	NEW		pdf_parsed (1p)		general	PLACED_CANONICAL	canonical
L1---informatique-part-03.zip	L1---informatique/Examen4 Structure Machine 1 (1).pdf	extracted/L1---informatique-part-03/L1---informatique/Examen4 Structure Machine 1 (1).pdf	dddc180fc20269559631b600a4797f929ac8fe1039a9663a034f074a1da3323f	UNCLASSIFIED	UNCLASSIFIED	EXAM	ACADEMIC_YEAR_UNKNOWN	UNKNOWN	TELEGRAM_USER_PROVIDED	LOW	—	EXACT_DUPLICATE	L1---informatique-part-03.zip/extracted/L1---informatique-part-03/L1---informatique/Examen4 Structure Machine 1 (1) (1).pdf	pdf_parsed (3p)	nombre 4-chiffres nu dans le texte, non retenu comme preuve d'annee	general	DUPLICATE_NOT_COPIED	canonical copy: organized/UNCLASSIFIED/Autres/Examen4 Structure Machine 1 (1) (1).pdf
L1---informatique-part-03.zip	L1---informatique/Examen4 Structure Machine 1.pdf	extracted/L1---informatique-part-03/L1---informatique/Examen4 Structure Machine 1.pdf	dddc180fc20269559631b600a4797f929ac8fe1039a9663a034f074a1da3323f	UNCLASSIFIED	UNCLASSIFIED	EXAM	ACADEMIC_YEAR_UNKNOWN	UNKNOWN	TELEGRAM_USER_PROVIDED	LOW	—	EXACT_DUPLICATE	L1---informatique-part-03.zip/extracted/L1---informatique-part-03/L1---informatique/Examen4 Structure Machine 1 (1) (1).pdf	pdf_parsed (3p)	nombre 4-chiffres nu dans le texte, non retenu comme preuve d'annee	general	DUPLICATE_NOT_COPIED	canonical copy: organized/UNCLASSIFIED/Autres/Examen4 Structure Machine 1 (1) (1).pdf
L1---informatique-part-03.zip	L1---informatique/Analyse 1-TD1.pdf	extracted/L1---informatique-part-03/L1---informatique/Analyse 1-TD1.pdf	7b152d9e48fb898c28b4e07b4ed80309f3cdf1bc0e23669cbc90380b1a7df22f	S1/Analyse-1	S1	OTHER	2025-2026	PUBLIC_UNIVERSITY	TELEGRAM_USER_PROVIDED	HIGH	organized/S1/Analyse-1/Autres/Analyse 1-TD1.pdf	NEW		pdf_parsed (1p)		general	PLACED_CANONICAL	canonical
L1---informatique-part-03.zip	L1---informatique/Examen Analyse1-2023 (1).pdf	extracted/L1---informatique-part-03/L1---informatique/Examen Analyse1-2023 (1).pdf	f156fa449bb2aee26e1d77164888474ff626fa2fdb028e1343d083b9622c3d73	S1/Analyse-1	S1	EXAM	ACADEMIC_YEAR_UNKNOWN	PUBLIC_UNIVERSITY	TELEGRAM_USER_PROVIDED	MEDIUM	organized/S1/Analyse-1/Examens/Examen Analyse1-2023 (1).pdf	NEW		pdf_parsed (1p)	nombre 4-chiffres nu dans le texte, non retenu comme preuve d'annee	suites	PLACED_CANONICAL	canonical
L1---informatique-part-03.zip	L1---informatique/Exam-2025.pdf	extracted/L1---informatique-part-03/L1---informatique/Exam-2025.pdf	11543a0f2a77c0a5cdc7fada5b1e19087f81e05d56be62a4aa7ad3d86898ebe3	S1/Algorithmique-ASD-1	S1	OTHER	2024-2025	PUBLIC_UNIVERSITY	TELEGRAM_USER_PROVIDED	LOW	organized/S1/Algorithmique-ASD-1/Autres/Exam-2025.pdf	NEW		pdf_parsed (4p)		tri	PLACED_CANONICAL	canonical
L1---informatique-part-03.zip	L1---informatique/Exam 2024.pdf	extracted/L1---informatique-part-03/L1---informatique/Exam 2024.pdf	35063e61c4fe35b8683249635e9c091ba9a85093b6e4f86074b386290f0e1c8e	UNCLASSIFIED	UNCLASSIFIED	COURSE	2023-2024	PUBLIC_UNIVERSITY	TELEGRAM_USER_PROVIDED	LOW	organized/UNCLASSIFIED/Autres/Exam 2024.pdf	NEW		pdf_parsed (1p)		general	PLACED_CANONICAL	canonical
L1---informatique-part-03.zip	L1---informatique/TD3 (1).pdf	extracted/L1---informatique-part-03/L1---informatique/TD3 (1).pdf	523a0c84aaef9b3eab94c00f4fa9d254ef23f2deda7481ab6d098022d971ad67	S1/Analyse-1	S1	EXERCISES	2023-2024	PUBLIC_UNIVERSITY	TELEGRAM_USER_PROVIDED	HIGH	organized/S1/Analyse-1/Series/TD3 (1).pdf	NEW		pdf_parsed (2p)		general	PLACED_CANONICAL	canonical
L1---informatique-part-03.zip	L1---informatique/TD 2  analyse .pdf	extracted/L1---informatique-part-03/L1---informatique/TD 2  analyse .pdf	186f82f15fbffa1168fa154d20be697a5623b2d5af014286a5def7b55be774ca	UNCLASSIFIED	UNCLASSIFIED	TD	2025-2026	UNKNOWN	TELEGRAM_USER_PROVIDED	LOW	organized/UNCLASSIFIED/Autres/TD 2  analyse .pdf	NEW		pdf_parsed (2p)		general	PLACED_CANONICAL	canonical
L1---informatique-part-03.zip	L1---informatique/T.C-INGENIEUR-INFORMATIQUE-SERIE-1.pdf	extracted/L1---informatique-part-03/L1---informatique/T.C-INGENIEUR-INFORMATIQUE-SERIE-1.pdf	45626dc9b28077be1885363fda465cbf5f2a0716ed644722ba92fa3cb770a7cf	S1/Analyse-1	S1	EXERCISES	2025-2026	UNKNOWN	TELEGRAM_USER_PROVIDED	MEDIUM	organized/S1/Analyse-1/Series/T.C-INGENIEUR-INFORMATIQUE-SERIE-1.pdf	NEW		pdf_parsed (3p)		general	PLACED_CANONICAL	canonical
L1---informatique-part-03.zip	L1---informatique/Série2-2025.pdf	extracted/L1---informatique-part-03/L1---informatique/Série2-2025.pdf	70abff386cce903e0609c0f2840c2e827af22fc058e691cdda2eb2b6e98e2dd8	UNCLASSIFIED	UNCLASSIFIED	EXERCISES	2025-2026	PUBLIC_UNIVERSITY	TELEGRAM_USER_PROVIDED	LOW	organized/UNCLASSIFIED/Autres/Série2-2025.pdf	NEW		pdf_parsed (2p)		general	PLACED_CANONICAL	canonical of 1 exact duplicates
L1---informatique-part-03.zip	L1---informatique/Final Exam 2 Analysis 1 (1).pdf	extracted/L1---informatique-part-03/L1---informatique/Final Exam 2 Analysis 1 (1).pdf	16f9a320f90149cce761ce71406b9bbf9dc9ad043653ba7ce3bf6ecfcfff18d9	S1/Algorithmique-ASD-1	S1	COURSE	2023-2024	PUBLIC_UNIVERSITY	TELEGRAM_USER_PROVIDED	HIGH	organized/S1/Algorithmique-ASD-1/Cours/Final Exam 2 Analysis 1 (1).pdf	NEW		pdf_parsed (3p)		general	PLACED_CANONICAL	canonical
L1---informatique-part-03.zip	L1---informatique/Les nombres réels.pdf	extracted/L1---informatique-part-03/L1---informatique/Les nombres réels.pdf	ade764fbc823a003ff93729a2251b6787266fbdf9cbc73dfe07f655337fe35e9	S1/Analyse-1	S1	OTHER	ACADEMIC_YEAR_UNKNOWN	UNKNOWN	TELEGRAM_USER_PROVIDED	LOW	organized/S1/Analyse-1/Autres/Les nombres réels.pdf	NEW		pdf_parsed (1p)		nombres-réels	PLACED_CANONICAL	canonical
L1---informatique-part-03.zip	L1---informatique/Développements limités.pdf	extracted/L1---informatique-part-03/L1---informatique/Développements limités.pdf	3d50819dd993a03d77490cd89d722f44baff3e0f687754339b03817316eaa0d6	S1/Analyse-1	S1	OTHER	ACADEMIC_YEAR_UNKNOWN	UNKNOWN	TELEGRAM_USER_PROVIDED	HIGH	organized/S1/Analyse-1/Autres/Développements limités.pdf	NEW		pdf_parsed (1p)		développements-limités	PLACED_CANONICAL	canonical
L1---informatique-part-03.zip	L1---informatique/ASD1_Tuto_02_20252026_.pdf	extracted/L1---informatique-part-03/L1---informatique/ASD1_Tuto_02_20252026_.pdf	e37c927cd58df68218942603957694e21a0ae5f5333795a0b1fdbfc56e29c4a5	S1/Algorithmique-ASD-1	S1	OTHER	2025-2026	PUBLIC_UNIVERSITY	TELEGRAM_USER_PROVIDED	LOW	organized/S1/Algorithmique-ASD-1/Autres/ASD1_Tuto_02_20252026_.pdf	NEW		pdf_parsed (3p)		fondamentaux	PLACED_CANONICAL	canonical
L1---informatique-part-03.zip	L1---informatique/Opérateurs(1).pdf	extracted/L1---informatique-part-03/L1---informatique/Opérateurs(1).pdf	f7c9ecd7d0fb7fbba6c134bf9c1323d3e3d301874c825d1feb4e54287182a313	S1/Algorithmique-ASD-1	S1	OTHER	ACADEMIC_YEAR_UNKNOWN	UNKNOWN	TELEGRAM_USER_PROVIDED	HIGH	organized/S1/Algorithmique-ASD-1/Autres/Opérateurs(1).pdf	NEW		pdf_parsed (7p)		fondamentaux	PLACED_CANONICAL	canonical
L1---informatique-part-03.zip	L1---informatique/Chapter Strings.PDF	extracted/L1---informatique-part-03/L1---informatique/Chapter Strings.PDF	ffdfb3ec69ba7f83a6fdaabc3501b96221686b20bf2fb45496f0b9d0c6a89d81	S2/Algebre-2	S2	OTHER	ACADEMIC_YEAR_UNKNOWN	UNKNOWN	TELEGRAM_USER_PROVIDED	LOW	organized/S2/Algebre-2/Autres/Chapter Strings.PDF	NEW		pdf_parsed (9p)		espaces-vectoriels	PLACED_CANONICAL	canonical
L1---informatique-part-03.zip	L1---informatique/REVISION ALGEBRE 1.pdf	extracted/L1---informatique-part-03/L1---informatique/REVISION ALGEBRE 1.pdf	f348be44cfb82b04dc1cddd3937c118e009b661208da7a3bbd01a507511656c1	S1/Algebre-1	S1	REVISION	ACADEMIC_YEAR_UNKNOWN	UNKNOWN	TELEGRAM_USER_PROVIDED	MEDIUM	organized/S1/Algebre-1/Revisions/REVISION ALGEBRE 1.pdf	NEW		pdf_parsed (4p)	contradiction nom/contenu (contenu->S2/Logique-mathematique)	general	PLACED_CANONICAL	canonical
L1---informatique-part-03.zip	L1---informatique/4_5902266529155649400_241210_071748.pdf	extracted/L1---informatique-part-03/L1---informatique/4_5902266529155649400_241210_071748.pdf	fd8975928b9e010488bc3022b565e6017a1b4457c066cfe449572076d22ef4ae	UNCLASSIFIED	UNCLASSIFIED	OTHER	ACADEMIC_YEAR_UNKNOWN	UNKNOWN	TELEGRAM_USER_PROVIDED	LOW	organized/UNCLASSIFIED/Autres/4_5902266529155649400_241210_071748.pdf	NEW		pdf_parsed (1p)		general	PLACED_CANONICAL	canonical
L1---informatique-part-03.zip	L1---informatique/TD-4.pdf	extracted/L1---informatique-part-03/L1---informatique/TD-4.pdf	3e876c53ecf2194d314f465ec418a878f85f6c6359690748985459655fc2ee5c	S1/Analyse-1	S1	TD	2025-2026	UNKNOWN	TELEGRAM_USER_PROVIDED	HIGH	organized/S1/Analyse-1/TD/TD-4.pdf	NEW		pdf_parsed (2p)		continuité	PLACED_CANONICAL	canonical
L1---informatique-part-03.zip	L1---informatique/TD-2.pdf	extracted/L1---informatique-part-03/L1---informatique/TD-2.pdf	66d2519226760b2003042d0c232ce9c93ed3fe55c9c6fb5ac6a252eee29d8a16	S1/Analyse-1	S1	TD	2025-2026	UNKNOWN	TELEGRAM_USER_PROVIDED	HIGH	organized/S1/Analyse-1/TD/TD-2.pdf	NEW		pdf_parsed (1p)		general	PLACED_CANONICAL	canonical
L1---informatique-part-03.zip	L1---informatique/TD-1.pdf	extracted/L1---informatique-part-03/L1---informatique/TD-1.pdf	af690ed93dc4c768cfc951048722505d4939248519ffa558098db7fd2d3f2ace	S1/Analyse-1	S1	TD	2025-2026	UNKNOWN	TELEGRAM_USER_PROVIDED	HIGH	organized/S1/Analyse-1/TD/TD-1.pdf	NEW		pdf_parsed (2p)		nombres-réels	PLACED_CANONICAL	canonical
L1---informatique-part-03.zip	L1---informatique/4_5769339949929205462 (1).pdf	extracted/L1---informatique-part-03/L1---informatique/4_5769339949929205462 (1).pdf	220470212c65e0d17790ed3b778d37739eef6bdeddf83a7a7c02c938c21cc389	UNCLASSIFIED	UNCLASSIFIED	EXAM	ACADEMIC_YEAR_UNKNOWN	PUBLIC_UNIVERSITY	TELEGRAM_USER_PROVIDED	LOW	organized/UNCLASSIFIED/Autres/4_5769339949929205462 (1).pdf	NEW		pdf_parsed (5p)	nombre 4-chiffres nu dans le texte, non retenu comme preuve d'annee	general	PLACED_CANONICAL	canonical of 3 exact duplicates
L1---informatique-part-03.zip	L1---informatique/Examen7_Analyse_1_MI-L1.pdf	extracted/L1---informatique-part-03/L1---informatique/Examen7_Analyse_1_MI-L1.pdf	fbc6287d323c745e3dc740746ad24a797870ccdf49b0248f55e4c71ee340db4f	UNCLASSIFIED	UNCLASSIFIED	EXAM	ACADEMIC_YEAR_UNKNOWN	UNKNOWN	TELEGRAM_USER_PROVIDED	LOW	—	EXACT_DUPLICATE	L1---informatique-part-03.zip/extracted/L1---informatique-part-03/L1---informatique/Examen7 Analyse 1 MI-L1.pdf	PDF_NO_TEXT_LAYER (3p)		general	DUPLICATE_NOT_COPIED	canonical copy: organized/S1/Analyse-1/Examens/Examen7 Analyse 1 MI-L1.pdf
L1---informatique-part-03.zip	L1---informatique/examen_analyse1.pdf	extracted/L1---informatique-part-03/L1---informatique/examen_analyse1.pdf	d9f1045be418fbef2bb3b84d02cf6d0a8e3fb7d26ef8a40d8e757c46f6bb835b	S1/Analyse-1	S1	EXAM	2022-2023	PUBLIC_UNIVERSITY	TELEGRAM_USER_PROVIDED	LOW	organized/S1/Analyse-1/Examens/examen_analyse1.pdf	NEW		pdf_parsed (1p)		suites	PLACED_CANONICAL	canonical
L1---informatique-part-03.zip	L1---informatique/examen d'analyse1 avec corrigé 2017 (2).pdf	extracted/L1---informatique-part-03/L1---informatique/examen d'analyse1 avec corrigé 2017 (2).pdf	220470212c65e0d17790ed3b778d37739eef6bdeddf83a7a7c02c938c21cc389	S1/Analyse-1	S1	EXAM_CORRECTION	ACADEMIC_YEAR_UNKNOWN	PUBLIC_UNIVERSITY	TELEGRAM_USER_PROVIDED	HIGH	—	EXACT_DUPLICATE	L1---informatique-part-03.zip/extracted/L1---informatique-part-03/L1---informatique/4_5769339949929205462 (1).pdf	pdf_parsed (5p)	nombre 4-chiffres nu dans le texte, non retenu comme preuve d'annee	limites	DUPLICATE_NOT_COPIED	canonical copy: organized/UNCLASSIFIED/Autres/4_5769339949929205462 (1).pdf
L1---informatique-part-03.zip	L1---informatique/Examen 12 analyse 1+ solution.PDF	extracted/L1---informatique-part-03/L1---informatique/Examen 12 analyse 1+ solution.PDF	fa4119f8321ab584c4c453919818611b2cb481d1a4507bc73538661fd78c31e6	S1/Analyse-1	S1	EXAM	ACADEMIC_YEAR_UNKNOWN	PUBLIC_UNIVERSITY	TELEGRAM_USER_PROVIDED	HIGH	organized/S1/Analyse-1/Examens/Examen 12 analyse 1+ solution.PDF	NEW		pdf_parsed (1p)	nombre 4-chiffres nu dans le texte, non retenu comme preuve d'annee	suites	PLACED_CANONICAL	canonical
L1---informatique-part-03.zip	L1---informatique/Sheet 3 _analysis 1_25-26.pdf	extracted/L1---informatique-part-03/L1---informatique/Sheet 3 _analysis 1_25-26.pdf	f19f3e47b189573b470fc84d1056d19114f84a8dc22442bc1bbfecbf6837940b	UNCLASSIFIED	UNCLASSIFIED	OTHER	ACADEMIC_YEAR_UNKNOWN	PUBLIC_UNIVERSITY	TELEGRAM_USER_PROVIDED	LOW	organized/UNCLASSIFIED/Autres/Sheet 3 _analysis 1_25-26.pdf	NEW		pdf_parsed (2p)		general	PLACED_CANONICAL	canonical
L1---informatique-part-03.zip	L1---informatique/Examen 11 janvier 2024.pdf	extracted/L1---informatique-part-03/L1---informatique/Examen 11 janvier 2024.pdf	c2e05b2f629d549293a375ad7fd7f7258a1e05fea9d3bc1f6ad0b2c008d5fa53	S1/Analyse-1	S1	EXAM	2024-2025	PUBLIC_UNIVERSITY	TELEGRAM_USER_PROVIDED	HIGH	organized/S1/Analyse-1/Examens/Examen 11 janvier 2024.pdf	NEW		pdf_parsed (1p)		dérivabilité	PLACED_CANONICAL	canonical
L1---informatique-part-03.zip	L1---informatique/MA_Chapter_03_1st_Part.pdf	extracted/L1---informatique-part-03/L1---informatique/MA_Chapter_03_1st_Part.pdf	5ebdde481ffd84dd93076111aff259b43a51fee8993add921798558b716e67af	UNCLASSIFIED	UNCLASSIFIED	OTHER	ACADEMIC_YEAR_UNKNOWN	UNKNOWN	TELEGRAM_USER_PROVIDED	LOW	organized/UNCLASSIFIED/Autres/MA_Chapter_03_1st_Part.pdf	NEW		pdf_parsed (19p)		general	PLACED_CANONICAL	canonical
L1---informatique-part-03.zip	L1---informatique/TD4.pdf	extracted/L1---informatique-part-03/L1---informatique/TD4.pdf	458b49a25deca4c28faf20bb8dbdd662750bd26d6ea9ca9603554f296f1547cc	UNCLASSIFIED	UNCLASSIFIED	TD	2025-2026	PUBLIC_UNIVERSITY	TELEGRAM_USER_PROVIDED	LOW	organized/UNCLASSIFIED/Autres/TD4.pdf	NEW		pdf_parsed (1p)		general	PLACED_CANONICAL	canonical
L1---informatique-part-03.zip	L1---informatique/Feuille de réponse de interrogation 2 + Solution.pdf	extracted/L1---informatique-part-03/L1---informatique/Feuille de réponse de interrogation 2 + Solution.pdf	52b106f3f079ad1d3e2b04828c4db457f338cd6e8404bf8d06440690d53496a5	UNCLASSIFIED	UNCLASSIFIED	EXAM	ACADEMIC_YEAR_UNKNOWN	UNKNOWN	TELEGRAM_USER_PROVIDED	LOW	organized/UNCLASSIFIED/Autres/Feuille de réponse de interrogation 2 + Solution.pdf	NEW		pdf_parsed (3p)		general	PLACED_CANONICAL	canonical
L1---informatique-part-03.zip	L1---informatique/2021-2022 ELTD Corrig-.pdf	extracted/L1---informatique-part-03/L1---informatique/2021-2022 ELTD Corrig-.pdf	e6addb63e08e2b2a8d2658e31b8a7d3df3d7613177a81538bfa46c3495f172d6	S2/ASD-2	S2	CORRECTION	2021-2022	UNKNOWN	TELEGRAM_USER_PROVIDED	HIGH	organized/S2/ASD-2/Corriges/2021-2022 ELTD Corrig-.pdf	NEW		pdf_parsed (1p)		langage-C	PLACED_CANONICAL	canonical
L1---informatique-part-03.zip	L1---informatique/Typical solution for Tutorial TD 01.pdf	extracted/L1---informatique-part-03/L1---informatique/Typical solution for Tutorial TD 01.pdf	39e840df27117f5336d2653180a4fb19680e77cd44468a0560eebb023ffff8fe	UNCLASSIFIED	UNCLASSIFIED	TD	ACADEMIC_YEAR_UNKNOWN	UNKNOWN	TELEGRAM_USER_PROVIDED	LOW	organized/UNCLASSIFIED/Autres/Typical solution for Tutorial TD 01.pdf	NEW		pdf_parsed (1p)		general	PLACED_CANONICAL	canonical
L1---informatique-part-03.zip	L1---informatique/TD TP 04 En.pdf	extracted/L1---informatique-part-03/L1---informatique/TD TP 04 En.pdf	76606d33c2da866d6a167babcd576d1eac20ec2d59f725f5c9cbc6f61aec1852	UNCLASSIFIED	UNCLASSIFIED	TP	2024-2025	UNKNOWN	TELEGRAM_USER_PROVIDED	LOW	organized/UNCLASSIFIED/Autres/TD TP 04 En.pdf	NEW		pdf_parsed (1p)		general	PLACED_CANONICAL	canonical
L1---informatique-part-03.zip	L1---informatique/Series 3 en.pdf	extracted/L1---informatique-part-03/L1---informatique/Series 3 en.pdf	8708dbf5d28cac40050bd3d28c9937cdd76541f70f6ec9c588b359c3b4e9ec1e	S2/ASD-2	S2	TP	2025-2026	UNKNOWN	TELEGRAM_USER_PROVIDED	MEDIUM	organized/S2/ASD-2/TP/Series 3 en.pdf	NEW		pdf_parsed (3p)		allocation-mémoire	PLACED_CANONICAL	canonical
L1---informatique-part-03.zip	L1---informatique/mi-1an16u-rattr1-algo17.pdf	extracted/L1---informatique-part-03/L1---informatique/mi-1an16u-rattr1-algo17.pdf	74aa8c6ea414e33442cd673b7c917044e6919a8dd88794c43b2500ef3d44b414	UNCLASSIFIED	UNCLASSIFIED	OTHER	ACADEMIC_YEAR_UNKNOWN	UNKNOWN	TELEGRAM_USER_PROVIDED	LOW	organized/UNCLASSIFIED/Autres/mi-1an16u-rattr1-algo17.pdf	NEW		PDF_NO_TEXT_LAYER (1p)		general	PLACED_CANONICAL	canonical
L1---informatique-part-03.zip	L1---informatique/Examen.pdf	extracted/L1---informatique-part-03/L1---informatique/Examen.pdf	45bba96732e161601b55bab38c2547e4a62a46a1149999645f90ab1ee33afeb5	S1/Algorithmique-ASD-1	S1	EXAM	ACADEMIC_YEAR_UNKNOWN	PUBLIC_UNIVERSITY	TELEGRAM_USER_PROVIDED	HIGH	organized/S1/Algorithmique-ASD-1/Examens/Examen.pdf	NEW		pdf_parsed (4p)	nombre 4-chiffres nu dans le texte, non retenu comme preuve d'annee	procédures-fonctions	PLACED_CANONICAL	canonical
L1---informatique-part-03.zip	L1---informatique/ASD1_Tuto_03_20252026_.pdf	extracted/L1---informatique-part-03/L1---informatique/ASD1_Tuto_03_20252026_.pdf	ab70601ba82d94d4da7ac93fde127510c4325b1d365f3be872be82b51d05cd2f	UNCLASSIFIED	UNCLASSIFIED	OTHER	2025-2026	PUBLIC_UNIVERSITY	TELEGRAM_USER_PROVIDED	LOW	organized/UNCLASSIFIED/Autres/ASD1_Tuto_03_20252026_.pdf	NEW		pdf_parsed (2p)		general	PLACED_CANONICAL	canonical
L1---informatique-part-03.zip	L1---informatique/TP5.pdf	extracted/L1---informatique-part-03/L1---informatique/TP5.pdf	0347eb00364bd2bdab877cb35e7b0226cc3bf9b95c1e958e49329a8876b72f3f	S2/ASD-2	S2	OTHER	2025-2026	PUBLIC_UNIVERSITY	TELEGRAM_USER_PROVIDED	HIGH	organized/S2/ASD-2/Autres/TP5.pdf	NEW		pdf_parsed (3p)		allocation-mémoire	PLACED_CANONICAL	canonical
L1---informatique-part-03.zip	L1---informatique/TD 05 (Solution) (1).pdf	extracted/L1---informatique-part-03/L1---informatique/TD 05 (Solution) (1).pdf	48e1aa10d499a5cd340700cba1c8a478c1f4b6ad9da0abbc17bfcdee4738303f	UNCLASSIFIED	UNCLASSIFIED	CORRECTION	ACADEMIC_YEAR_UNKNOWN	UNKNOWN	TELEGRAM_USER_PROVIDED	LOW	organized/UNCLASSIFIED/Autres/TD 05 (Solution) (1).pdf	NEW		pdf_parsed (6p)		general	PLACED_CANONICAL	canonical of 1 exact duplicates
L1---informatique-part-03.zip	L1---informatique/Serie 2 en.docx.pdf	extracted/L1---informatique-part-03/L1---informatique/Serie 2 en.docx.pdf	683ce48906500c465fb8cab1719f47735b2cf35052220cc7a787bf57bc5d1685	UNCLASSIFIED	UNCLASSIFIED	TP	2025-2026	UNKNOWN	TELEGRAM_USER_PROVIDED	LOW	organized/UNCLASSIFIED/Autres/Serie 2 en.docx.pdf	NEW		pdf_parsed (2p)		general	PLACED_CANONICAL	canonical
L1---informatique-part-03.zip	L1---informatique/S-rie 2 fr.docx.pdf	extracted/L1---informatique-part-03/L1---informatique/S-rie 2 fr.docx.pdf	23e7b48dc54b36ccefea0f8ae23e6d77268508ba20b86209d18f4ab1b9f0041b	S1/Algorithmique-ASD-1	S1	TP	2025-2026	UNKNOWN	TELEGRAM_USER_PROVIDED	HIGH	organized/S1/Algorithmique-ASD-1/TP/S-rie 2 fr.docx.pdf	NEW		pdf_parsed (4p)		tri	PLACED_CANONICAL	canonical
L1---informatique-part-03.zip	L1---informatique/S-rie 1 Eng.pdf	extracted/L1---informatique-part-03/L1---informatique/S-rie 1 Eng.pdf	dd4a876a5c88ff4c640ccf202113050e49e4a3f50846c2abc19299cc0d163a90	S1/Algorithmique-ASD-1	S1	EXERCISES	2025-2026	UNKNOWN	TELEGRAM_USER_PROVIDED	HIGH	organized/S1/Algorithmique-ASD-1/Series/S-rie 1 Eng.pdf	NEW		pdf_parsed (3p)		fondamentaux	PLACED_CANONICAL	canonical
L1---informatique-part-03.zip	L1---informatique/mi-1an16u-emd1-algo17.pdf	extracted/L1---informatique-part-03/L1---informatique/mi-1an16u-emd1-algo17.pdf	e485c8ab6cdd5d209739bf82ddd7b821d05a718fba98f7b98c237b587bee60b1	UNCLASSIFIED	UNCLASSIFIED	EXAM	ACADEMIC_YEAR_UNKNOWN	UNKNOWN	TELEGRAM_USER_PROVIDED	LOW	organized/UNCLASSIFIED/Autres/mi-1an16u-emd1-algo17.pdf	NEW		PDF_NO_TEXT_LAYER (1p)		general	PLACED_CANONICAL	canonical
L1---informatique-part-03.zip	L1---informatique/TD 1.pdf	extracted/L1---informatique-part-03/L1---informatique/TD 1.pdf	ae1d890d6ecd33fb544d8405fc87cf138fe0508fbf7ed0bf084f68066442748a	S1/Algorithmique-ASD-1	S1	TD	ACADEMIC_YEAR_UNKNOWN	UNKNOWN	TELEGRAM_USER_PROVIDED	MEDIUM	organized/S1/Algorithmique-ASD-1/TD/TD 1.pdf	NEW		pdf_parsed (5p)		fondamentaux	PLACED_CANONICAL	canonical of 1 exact duplicates
L1---informatique-part-03.zip	L1---informatique/Examen 5 analyse 1+ solution.PDF	extracted/L1---informatique-part-03/L1---informatique/Examen 5 analyse 1+ solution.PDF	6a63c953932a604057b758d720721d39bb27041f6b7ff2bae72dbe7a12c368e7	S1/Analyse-1	S1	EXAM	ACADEMIC_YEAR_UNKNOWN	UNKNOWN	TELEGRAM_USER_PROVIDED	HIGH	organized/S1/Analyse-1/Examens/Examen 5 analyse 1+ solution.PDF	NEW		pdf_parsed (3p)		general	PLACED_CANONICAL	canonical
L1---informatique-part-03.zip	L1---informatique/examen d'analyse1 avec corrigé 2017.pdf	extracted/L1---informatique-part-03/L1---informatique/examen d'analyse1 avec corrigé 2017.pdf	220470212c65e0d17790ed3b778d37739eef6bdeddf83a7a7c02c938c21cc389	S1/Analyse-1	S1	EXAM_CORRECTION	ACADEMIC_YEAR_UNKNOWN	PUBLIC_UNIVERSITY	TELEGRAM_USER_PROVIDED	HIGH	—	EXACT_DUPLICATE	L1---informatique-part-03.zip/extracted/L1---informatique-part-03/L1---informatique/4_5769339949929205462 (1).pdf	pdf_parsed (5p)	nombre 4-chiffres nu dans le texte, non retenu comme preuve d'annee	limites	DUPLICATE_NOT_COPIED	canonical copy: organized/UNCLASSIFIED/Autres/4_5769339949929205462 (1).pdf
L1---informatique-part-03.zip	L1---informatique/examen d'analyse 1 avec corrigé 2015 .pdf	extracted/L1---informatique-part-03/L1---informatique/examen d'analyse 1 avec corrigé 2015 .pdf	9be05c462bb3eebab1acde0314f366e85470f989b2fbddb1051046fd4b537381	S1/Analyse-1	S1	EXAM_CORRECTION	ACADEMIC_YEAR_UNKNOWN	PUBLIC_UNIVERSITY	TELEGRAM_USER_PROVIDED	HIGH	organized/S1/Analyse-1/Corriges/examen d'analyse 1 avec corrigé 2015 .pdf	NEW		pdf_parsed (6p)	nombre 4-chiffres nu dans le texte, non retenu comme preuve d'annee	limites	PLACED_CANONICAL	canonical of 1 exact duplicates
L1---informatique-part-03.zip	L1---informatique/Examen analyse1 2020 avec corrigé..pdf	extracted/L1---informatique-part-03/L1---informatique/Examen analyse1 2020 avec corrigé_dot_pdf	1ab9d5a9b1b991fbee285019a0c9064a3b99cc5bf0ec1951cc191ed4d1812a22	S1/Analyse-1	S1	EXAM_CORRECTION	ACADEMIC_YEAR_UNKNOWN	UNKNOWN	TELEGRAM_USER_PROVIDED	HIGH	organized/S1/Analyse-1/Corriges/Examen analyse1 2020 avec corrigé..pdf	NEW		PDF_NO_TEXT_LAYER (3p)	nombre 4-chiffres nu dans le texte, non retenu comme preuve d'annee	general	PLACED_CANONICAL	canonical
L1---informatique-part-03.zip	L1---informatique/Série2-2025 (1).pdf	extracted/L1---informatique-part-03/L1---informatique/Série2-2025 (1).pdf	70abff386cce903e0609c0f2840c2e827af22fc058e691cdda2eb2b6e98e2dd8	UNCLASSIFIED	UNCLASSIFIED	EXERCISES	2025-2026	PUBLIC_UNIVERSITY	TELEGRAM_USER_PROVIDED	LOW	—	EXACT_DUPLICATE	L1---informatique-part-03.zip/extracted/L1---informatique-part-03/L1---informatique/Série2-2025.pdf	pdf_parsed (2p)		general	DUPLICATE_NOT_COPIED	canonical copy: organized/UNCLASSIFIED/Autres/Série2-2025.pdf
L1---informatique-part-03.zip	L1---informatique/rattrapage 2024-s1.pdf	extracted/L1---informatique-part-03/L1---informatique/rattrapage 2024-s1.pdf	dfb4b4ec5fc0d064c0506d034fd57e74c2b70def07cf144a602e6c4d63d0d876	S1/Analyse-1	S1	EXAM	2023-2024	PUBLIC_UNIVERSITY	TELEGRAM_USER_PROVIDED	HIGH	organized/S1/Analyse-1/Examens/rattrapage 2024-s1.pdf	NEW		pdf_parsed (1p)		continuité	PLACED_CANONICAL	canonical
L1---informatique-part-03.zip	L1---informatique/3-Rectification de nombres complexes.pdf	extracted/L1---informatique-part-03/L1---informatique/3-Rectification de nombres complexes.pdf	7f8366962c6cfe8c51f1023efce7b277c2b1b8eee640ffc61552427c9c41030d	S1/Analyse-1	S1	COURSE	2025-2026	UNKNOWN	TELEGRAM_USER_PROVIDED	HIGH	organized/S1/Analyse-1/Cours/3-Rectification de nombres complexes.pdf	NEW		pdf_parsed (1p)		general	PLACED_CANONICAL	canonical
L1---informatique-part-03.zip	L1---informatique/Limites et fonctions continues.pdf	extracted/L1---informatique-part-03/L1---informatique/Limites et fonctions continues.pdf	5f210ece6349f09b1ce23d90d0d264ccfbf79abed6c0f3baee1f7ab6a0b95683	S1/Analyse-1	S1	OTHER	ACADEMIC_YEAR_UNKNOWN	UNKNOWN	TELEGRAM_USER_PROVIDED	HIGH	organized/S1/Analyse-1/Autres/Limites et fonctions continues.pdf	NEW		pdf_parsed (2p)		general	PLACED_CANONICAL	canonical
L1---informatique-part-03.zip	L1---informatique/Fonctions usuelles.pdf	extracted/L1---informatique-part-03/L1---informatique/Fonctions usuelles.pdf	4cf6b557e0d6fc79497ff9e46005d2ab2559994da4f5f5b31e76485f2f82a56a	S1/Structure-de-machine-1	S1	OTHER	ACADEMIC_YEAR_UNKNOWN	UNKNOWN	TELEGRAM_USER_PROVIDED	LOW	organized/S1/Structure-de-machine-1/Autres/Fonctions usuelles.pdf	NEW		pdf_parsed (2p)		numérations	PLACED_CANONICAL	canonical
L1---informatique-part-03.zip	L1---informatique/TD4 Solution.pdf	extracted/L1---informatique-part-03/L1---informatique/TD4 Solution.pdf	4e30ff5841919091249aa450924ed4d6622d4cd25cc4bd38362fce1c7e750b9d	S2/ASD-2	S2	CORRECTION	2025-2026	PUBLIC_UNIVERSITY	TELEGRAM_USER_PROVIDED	HIGH	organized/S2/ASD-2/Corriges/TD4 Solution.pdf	NEW		pdf_parsed (9p)		allocation-mémoire	PLACED_CANONICAL	canonical
L1---informatique-part-03.zip	L1---informatique/TD3.pdf	extracted/L1---informatique-part-03/L1---informatique/TD3.pdf	8a0e95419e61f3110089f7c3ce2f70a8c6ed71e06ab6e4092a64f6cb94b9f745	UNCLASSIFIED	UNCLASSIFIED	TD	2025-2026	PUBLIC_UNIVERSITY	TELEGRAM_USER_PROVIDED	LOW	organized/UNCLASSIFIED/Autres/TD3.pdf	NEW		pdf_parsed (2p)		general	PLACED_CANONICAL	canonical
L1---informatique-part-03.zip	L1---informatique/Exs_251228_144156.pdf	extracted/L1---informatique-part-03/L1---informatique/Exs_251228_144156.pdf	4bb1d3e437367666967d9f894cc6f66cc517392c4672d2c3c526c81c7d86f87f	UNCLASSIFIED	UNCLASSIFIED	OTHER	ACADEMIC_YEAR_UNKNOWN	UNKNOWN	TELEGRAM_USER_PROVIDED	LOW	organized/UNCLASSIFIED/Autres/Exs_251228_144156.pdf	NEW		pdf_parsed (4p)		general	PLACED_CANONICAL	canonical
L1---informatique-part-03.zip	L1---informatique/Typical solution TD TP 03 En.pdf	extracted/L1---informatique-part-03/L1---informatique/Typical solution TD TP 03 En.pdf	b3e37ddecb1a571d93932359ad6e8ddcf40a0f19d66214090e79596d427a5b3d	S2/ASD-2	S2	TP	2024-2025	UNKNOWN	TELEGRAM_USER_PROVIDED	HIGH	organized/S2/ASD-2/TP/Typical solution TD TP 03 En.pdf	NEW		pdf_parsed (2p)		langage-C	PLACED_CANONICAL	canonical
L1---informatique-part-03.zip	L1---informatique/tutorial_ASD1_(012025).pdf	extracted/L1---informatique-part-03/L1---informatique/tutorial_ASD1_(012025).pdf	4e9a3af00f3009068473c791963f853bcd7c40fae820ea978a47785ad4304f5a	S1/Algorithmique-ASD-1	S1	OTHER	2025-2026	PUBLIC_UNIVERSITY	TELEGRAM_USER_PROVIDED	LOW	organized/S1/Algorithmique-ASD-1/Autres/tutorial_ASD1_(012025).pdf	NEW		pdf_parsed (3p)		fondamentaux	PLACED_CANONICAL	canonical
L1---informatique-part-03.zip	L1---informatique/TD TP 03 En.pdf	extracted/L1---informatique-part-03/L1---informatique/TD TP 03 En.pdf	c8388d65798297abd15bbb7b72704600f97c03e514f3739143473422ee103e2d	S2/ASD-2	S2	TP	2024-2025	UNKNOWN	TELEGRAM_USER_PROVIDED	MEDIUM	organized/S2/ASD-2/TP/TD TP 03 En.pdf	NEW		pdf_parsed (1p)		general	PLACED_CANONICAL	canonical
L1---informatique-part-03.zip	L1---informatique/TD TP 01.pdf	extracted/L1---informatique-part-03/L1---informatique/TD TP 01.pdf	57a9e9badb6ceca8854656ab192824d1581b892905de4d2f2e8540bba202f457	S2/ASD-2	S2	TP	2023-2024	UNKNOWN	TELEGRAM_USER_PROVIDED	MEDIUM	organized/S2/ASD-2/TP/TD TP 01.pdf	NEW		pdf_parsed (1p)		piles-files	PLACED_CANONICAL	canonical
L1---informatique-part-03.zip	L1---informatique/2024-2025 ELTD Corrig- (1).pdf	extracted/L1---informatique-part-03/L1---informatique/2024-2025 ELTD Corrig- (1).pdf	445b365b5c3e9fa69f83aad01a398d0d31899d1fd768b99fb267ebc53a3da5db	S1/Algorithmique-ASD-1	S1	CORRECTION	2024-2025	PUBLIC_UNIVERSITY	TELEGRAM_USER_PROVIDED	MEDIUM	organized/S1/Algorithmique-ASD-1/Corriges/2024-2025 ELTD Corrig- (1).pdf	NEW		pdf_parsed (2p)		tri	PLACED_CANONICAL	canonical of 2 exact duplicates
L1---informatique-part-03.zip	L1---informatique/2024-2025 ELTD Corrig-.pdf	extracted/L1---informatique-part-03/L1---informatique/2024-2025 ELTD Corrig-.pdf	445b365b5c3e9fa69f83aad01a398d0d31899d1fd768b99fb267ebc53a3da5db	S1/Algorithmique-ASD-1	S1	CORRECTION	2024-2025	PUBLIC_UNIVERSITY	TELEGRAM_USER_PROVIDED	MEDIUM	—	EXACT_DUPLICATE	L1---informatique-part-03.zip/extracted/L1---informatique-part-03/L1---informatique/2024-2025 ELTD Corrig- (1).pdf	pdf_parsed (2p)		tri	DUPLICATE_NOT_COPIED	canonical copy: organized/S1/Algorithmique-ASD-1/Corriges/2024-2025 ELTD Corrig- (1).pdf
L1---informatique-part-03.zip	L1---informatique/TP6.pdf	extracted/L1---informatique-part-03/L1---informatique/TP6.pdf	2bb3da543b89acf6bf7882db4f99ae86bd969334ece4d8425e7fcc6c0b3c3db4	S2/ASD-2	S2	OTHER	2025-2026	PUBLIC_UNIVERSITY	TELEGRAM_USER_PROVIDED	HIGH	organized/S2/ASD-2/Autres/TP6.pdf	NEW		pdf_parsed (2p)		general	PLACED_CANONICAL	canonical
L1---informatique-part-03.zip	L1---informatique/TD 06.pdf	extracted/L1---informatique-part-03/L1---informatique/TD 06.pdf	570830da935d8d5c209d3f39b2e66db46c7d23933bbee91df22486dd9a754112	S2/Algebre-2	S2	TD	ACADEMIC_YEAR_UNKNOWN	UNKNOWN	TELEGRAM_USER_PROVIDED	LOW	organized/S2/Algebre-2/TD/TD 06.pdf	NEW		pdf_parsed (2p)		applications-linéaires	PLACED_CANONICAL	canonical
L1---informatique-part-03.zip	L1---informatique/TD 03 (Solution).pdf	extracted/L1---informatique-part-03/L1---informatique/TD 03 (Solution).pdf	5b75d600365292a4cf317199bd345cc2f797203a9c420e90cb85588aece226ea	S1/Algorithmique-ASD-1	S1	CORRECTION	ACADEMIC_YEAR_UNKNOWN	UNKNOWN	TELEGRAM_USER_PROVIDED	LOW	organized/S1/Algorithmique-ASD-1/Corriges/TD 03 (Solution).pdf	NEW		pdf_parsed (10p)		procédures-fonctions	PLACED_CANONICAL	canonical
L1---informatique-part-03.zip	L1---informatique/TD 02 (Solution).pdf	extracted/L1---informatique-part-03/L1---informatique/TD 02 (Solution).pdf	4624617134dfe7efa740bda59241c8750ec41662162158fdaa8634cb850f56e6	UNCLASSIFIED	UNCLASSIFIED	TD	ACADEMIC_YEAR_UNKNOWN	PUBLIC_UNIVERSITY	TELEGRAM_USER_PROVIDED	LOW	organized/UNCLASSIFIED/Autres/TD 02 (Solution).pdf	NEW		pdf_parsed (11p)		general	PLACED_CANONICAL	canonical
L1---informatique-part-03.zip	L1---informatique/TD 1 (1).pdf	extracted/L1---informatique-part-03/L1---informatique/TD 1 (1).pdf	ae1d890d6ecd33fb544d8405fc87cf138fe0508fbf7ed0bf084f68066442748a	S1/Algorithmique-ASD-1	S1	TD	ACADEMIC_YEAR_UNKNOWN	UNKNOWN	TELEGRAM_USER_PROVIDED	MEDIUM	—	EXACT_DUPLICATE	L1---informatique-part-03.zip/extracted/L1---informatique-part-03/L1---informatique/TD 1.pdf	pdf_parsed (5p)		fondamentaux	DUPLICATE_NOT_COPIED	canonical copy: organized/S1/Algorithmique-ASD-1/TD/TD 1.pdf
L1---informatique-part-03.zip	L1---informatique/Algorithm_vs_C_Syntax.pdf	extracted/L1---informatique-part-03/L1---informatique/Algorithm_vs_C_Syntax.pdf	3102b38c034c277bd05c159637c2d37394e39c5b9bc093fb50cceb76529d3dd8	S2/ASD-2	S2	OTHER	ACADEMIC_YEAR_UNKNOWN	UNKNOWN	TELEGRAM_USER_PROVIDED	HIGH	organized/S2/ASD-2/Autres/Algorithm_vs_C_Syntax.pdf	NEW		pdf_parsed (8p)	nombre 4-chiffres nu dans le texte, non retenu comme preuve d'annee	listes-chaînées	PLACED_CANONICAL	canonical
L1---informatique-part-03.zip	L1---informatique/logic and proof.pdf	extracted/L1---informatique-part-03/L1---informatique/logic and proof.pdf	fc8adefe5aacdf21b01a0a1058f37a4141bfdfd5095d5f47d6070802d71855e3	S2/Logique-mathematique	S2	CHAPTER	ACADEMIC_YEAR_UNKNOWN	UNKNOWN	TELEGRAM_USER_PROVIDED	HIGH	organized/S2/Logique-mathematique/Cours/logic and proof.pdf	NEW		pdf_parsed (11p)		logique-des-propositions	PLACED_CANONICAL	canonical
L1---informatique-part-03.zip	L1---informatique/CO-TD-4_2.pdf	extracted/L1---informatique-part-03/L1---informatique/CO-TD-4_2.pdf	39ff22fbe12f72849e03a660dc591c95ec015844c9dbf697b411e179bb0a7eda	S1/Analyse-1	S1	CORRECTION	2025-2026	UNKNOWN	TELEGRAM_USER_PROVIDED	HIGH	organized/S1/Analyse-1/Corriges/CO-TD-4_2.pdf	NEW		pdf_parsed (7p)		continuité	PLACED_CANONICAL	canonical
L1---informatique-part-03.zip	L1---informatique/CO-TD-4_1.pdf	extracted/L1---informatique-part-03/L1---informatique/CO-TD-4_1.pdf	3fa21b5d037fa31093f66e67b26404588f479999d709df6c37c393b3b297feb4	S1/Analyse-1	S1	CORRECTION	2025-2026	UNKNOWN	TELEGRAM_USER_PROVIDED	HIGH	organized/S1/Analyse-1/Corriges/CO-TD-4_1.pdf	NEW		pdf_parsed (6p)		développements-limités	PLACED_CANONICAL	canonical
L1---informatique-part-03.zip	L1---informatique/Revision Sheet for the Final Exam.pdf	extracted/L1---informatique-part-03/L1---informatique/Revision Sheet for the Final Exam.pdf	7b60392677f27f653d1a19d59bdc15087d8807e22d904dec81efbc9077798d69	UNCLASSIFIED	UNCLASSIFIED	REVISION	2025-2026	UNKNOWN	TELEGRAM_USER_PROVIDED	LOW	organized/UNCLASSIFIED/Autres/Revision Sheet for the Final Exam.pdf	NEW		pdf_parsed (2p)		general	PLACED_CANONICAL	canonical
L1---informatique-part-03.zip	L1---informatique/Ing.Inf.24-25-SectionD-Analyse1-ER-eng.pdf	extracted/L1---informatique-part-03/L1---informatique/Ing.Inf.24-25-SectionD-Analyse1-ER-eng.pdf	72965ae2a0888ad4ca638a6559ad8d2f2a03681ec01cf33c9065261da0600455	S1/Analyse-1	S1	CORRECTION	2024-2025	PUBLIC_UNIVERSITY	TELEGRAM_USER_PROVIDED	HIGH	organized/S1/Analyse-1/Corriges/Ing.Inf.24-25-SectionD-Analyse1-ER-eng.pdf	NEW		pdf_parsed (1p)		general	PLACED_CANONICAL	canonical
L1---informatique-part-03.zip	L1---informatique/cor_exam_analyse.pdf	extracted/L1---informatique-part-03/L1---informatique/cor_exam_analyse.pdf	b557c97c7419a912e437466a9f09486bfc94752899aedc0cf7903ee88b52f815	S1/Analyse-1	S1	EXAM_CORRECTION	2022-2023	PUBLIC_UNIVERSITY	TELEGRAM_USER_PROVIDED	HIGH	organized/S1/Analyse-1/Corriges/cor_exam_analyse.pdf	NEW		pdf_parsed (4p)	pair-examen: organized/S1/Analyse-1/Corriges/Exam Analyse avec corrigé 2023-24 (2).pdf; pair-correction: organized/S1/Analyse-1/Corriges/Exam Analyse avec corrigé 2023-24 (2).pdf	suites	PLACED_CANONICAL	canonical
L1---informatique-part-03.zip	L1---informatique/Analyse 1-TD2.pdf	extracted/L1---informatique-part-03/L1---informatique/Analyse 1-TD2.pdf	ad65d80378d9c630c02909871eb4fb7f1e39e69620556945315f197587754917	S1/Analyse-1	S1	OTHER	2025-2026	PUBLIC_UNIVERSITY	TELEGRAM_USER_PROVIDED	HIGH	organized/S1/Analyse-1/Autres/Analyse 1-TD2.pdf	NEW		pdf_parsed (1p)		general	PLACED_CANONICAL	canonical
L1---informatique-part-03.zip	L1---informatique/examen_1 d'analyse1 2022-2023.pdf	extracted/L1---informatique-part-03/L1---informatique/examen_1 d'analyse1 2022-2023.pdf	abc3406d0628a109cc0ddff97f20f8bed5deb2f6674894a91d2fd743be3845b4	S1/Analyse-1	S1	EXAM	2022-2023	PUBLIC_UNIVERSITY	TELEGRAM_USER_PROVIDED	HIGH	—	EXACT_DUPLICATE	L1---informatique-part-03.zip/extracted/L1---informatique-part-03/L1---informatique/4_5769339949929205467.pdf	pdf_parsed (2p)		general	DUPLICATE_NOT_COPIED	canonical copy: organized/S1/Analyse-1/Examens/4_5769339949929205467.pdf
L1---informatique-part-03.zip	L1---informatique/examen d'analyse 1 avec corrigé 2015  (1).pdf	extracted/L1---informatique-part-03/L1---informatique/examen d'analyse 1 avec corrigé 2015  (1).pdf	9be05c462bb3eebab1acde0314f366e85470f989b2fbddb1051046fd4b537381	S1/Analyse-1	S1	EXAM_CORRECTION	ACADEMIC_YEAR_UNKNOWN	PUBLIC_UNIVERSITY	TELEGRAM_USER_PROVIDED	HIGH	—	EXACT_DUPLICATE	L1---informatique-part-03.zip/extracted/L1---informatique-part-03/L1---informatique/examen d'analyse 1 avec corrigé 2015 .pdf	pdf_parsed (6p)	nombre 4-chiffres nu dans le texte, non retenu comme preuve d'annee	limites	DUPLICATE_NOT_COPIED	canonical copy: organized/S1/Analyse-1/Corriges/examen d'analyse 1 avec corrigé 2015 .pdf
L1---informatique-part-03.zip	L1---informatique/examen d'analyse1 avec corrigé 2017 (1).pdf	extracted/L1---informatique-part-03/L1---informatique/examen d'analyse1 avec corrigé 2017 (1).pdf	220470212c65e0d17790ed3b778d37739eef6bdeddf83a7a7c02c938c21cc389	S1/Analyse-1	S1	EXAM_CORRECTION	ACADEMIC_YEAR_UNKNOWN	PUBLIC_UNIVERSITY	TELEGRAM_USER_PROVIDED	HIGH	—	EXACT_DUPLICATE	L1---informatique-part-03.zip/extracted/L1---informatique-part-03/L1---informatique/4_5769339949929205462 (1).pdf	pdf_parsed (5p)	nombre 4-chiffres nu dans le texte, non retenu comme preuve d'annee	limites	DUPLICATE_NOT_COPIED	canonical copy: organized/UNCLASSIFIED/Autres/4_5769339949929205462 (1).pdf
L1---informatique-part-03.zip	L1---informatique/T.C-INGENIEUR-INFORMATIQUE-SERIE-3.pdf	extracted/L1---informatique-part-03/L1---informatique/T.C-INGENIEUR-INFORMATIQUE-SERIE-3.pdf	23763f0e64a07ad700681691e9761d39a882cfb755137cfb7bc1408f93489cbf	UNCLASSIFIED	UNCLASSIFIED	EXERCISES	2025-2026	UNKNOWN	TELEGRAM_USER_PROVIDED	LOW	organized/UNCLASSIFIED/Autres/T.C-INGENIEUR-INFORMATIQUE-SERIE-3.pdf	NEW		pdf_parsed (2p)		general	PLACED_CANONICAL	canonical
L1---informatique-part-03.zip	L1---informatique/Primitives usuelles (integrales).pdf	extracted/L1---informatique-part-03/L1---informatique/Primitives usuelles (integrales).pdf	498fa83b3bb83db4ba9133ff82e7cff3e68e482ff1a4fac15cba598fc9c1419e	S1/Analyse-1	S1	OTHER	ACADEMIC_YEAR_UNKNOWN	UNKNOWN	TELEGRAM_USER_PROVIDED	MEDIUM	organized/S1/Analyse-1/Autres/Primitives usuelles (integrales).pdf	NEW		pdf_parsed (1p)		primitives-intégrales	PLACED_CANONICAL	canonical
L1---informatique-part-03.zip	L1---informatique/Les suites.pdf	extracted/L1---informatique-part-03/L1---informatique/Les suites.pdf	81d4358bb351b46a98cef79347b2fa741c574e7a9625137e0d8903a9c7e5cdcd	S1/Algorithmique-ASD-1	S1	OTHER	ACADEMIC_YEAR_UNKNOWN	UNKNOWN	TELEGRAM_USER_PROVIDED	HIGH	organized/S1/Algorithmique-ASD-1/Autres/Les suites.pdf	NEW		pdf_parsed (1p)		conditions	PLACED_CANONICAL	canonical
L1---informatique-part-03.zip	L1---informatique/Intégrales.pdf	extracted/L1---informatique-part-03/L1---informatique/Intégrales.pdf	9a19d330f2aab35c83e3bff0f724209e97b9c621ec027285442faa536a342674	S1/Analyse-1	S1	OTHER	ACADEMIC_YEAR_UNKNOWN	UNKNOWN	TELEGRAM_USER_PROVIDED	MEDIUM	organized/S1/Analyse-1/Autres/Intégrales.pdf	NEW		pdf_parsed (2p)		primitives-intégrales	PLACED_CANONICAL	canonical
L1---informatique-part-03.zip	L1---informatique/Fonctions circulaires et hyperboliques.pdf	extracted/L1---informatique-part-03/L1---informatique/Fonctions circulaires et hyperboliques.pdf	08db0bd291d641a0ec3a04187535d3f0035665e85ea60f8b99b9737bcefa5599	UNCLASSIFIED	UNCLASSIFIED	OTHER	ACADEMIC_YEAR_UNKNOWN	UNKNOWN	TELEGRAM_USER_PROVIDED	LOW	organized/UNCLASSIFIED/Autres/Fonctions circulaires et hyperboliques.pdf	NEW		pdf_parsed (2p)		general	PLACED_CANONICAL	canonical
L1---informatique-part-03.zip	L1---informatique/Dérivée d’une fonction.pdf	extracted/L1---informatique-part-03/L1---informatique/Dérivée d’une fonction.pdf	7e82afe333665194fec890d426aa1a1c13fad54c5f3cf8cb3f34da804a9ffd55	S2/ASD-2	S2	OTHER	ACADEMIC_YEAR_UNKNOWN	UNKNOWN	TELEGRAM_USER_PROVIDED	LOW	organized/S2/ASD-2/Autres/Dérivée d’une fonction.pdf	NEW		pdf_parsed (1p)		general	PLACED_CANONICAL	canonical
L1---informatique-part-03.zip	L1---informatique/HW1 (1).pdf	extracted/L1---informatique-part-03/L1---informatique/HW1 (1).pdf	c629f11463494c846c6eaf16122baaf937f79624e4772c0d346814040a4222dc	UNCLASSIFIED	UNCLASSIFIED	EXAM	ACADEMIC_YEAR_UNKNOWN	PUBLIC_UNIVERSITY	TELEGRAM_USER_PROVIDED	LOW	organized/UNCLASSIFIED/Autres/HW1 (1).pdf	NEW		pdf_parsed (1p)		general	PLACED_CANONICAL	canonical of 1 exact duplicates
L1---informatique-part-03.zip	L1---informatique/chapter_02_field_of_complex_number_copy.pdf	extracted/L1---informatique-part-03/L1---informatique/chapter_02_field_of_complex_number_copy.pdf	8d700d02a6b26327ef263cce068530f4106cb379986f3a629bfa75f189479de7	S1/Algorithmique-ASD-1	S1	REFERENCE	ACADEMIC_YEAR_UNKNOWN	UNKNOWN	TELEGRAM_USER_PROVIDED	LOW	organized/S1/Algorithmique-ASD-1/Supports/chapter_02_field_of_complex_number_copy.pdf	NEW		pdf_parsed (11p)		tri	PLACED_CANONICAL	canonical
L1---informatique-part-03.zip	L1---informatique/Série TD3 ASD.pdf	extracted/L1---informatique-part-03/L1---informatique/Série TD3 ASD.pdf	ea100eaec604331c06f64df5093b83531fe7a30df6dce452c0b8397472069513	S1/Algorithmique-ASD-1	S1	TD	ACADEMIC_YEAR_UNKNOWN	PUBLIC_UNIVERSITY	TELEGRAM_USER_PROVIDED	HIGH	organized/S1/Algorithmique-ASD-1/TD/Série TD3 ASD.pdf	NEW		pdf_parsed (2p)		tri	PLACED_CANONICAL	canonical
L1---informatique-part-03.zip	L1---informatique/TestTP.pdf	extracted/L1---informatique-part-03/L1---informatique/TestTP.pdf	9f1e32be34e7a9aed3500740d9807abd24cccf55085b639c7ce8aabff3dc6d1e	S1/Algorithmique-ASD-1	S1	OTHER	ACADEMIC_YEAR_UNKNOWN	PUBLIC_UNIVERSITY	TELEGRAM_USER_PROVIDED	HIGH	organized/S1/Algorithmique-ASD-1/Autres/TestTP.pdf	NEW		pdf_parsed (2p)	nombre 4-chiffres nu dans le texte, non retenu comme preuve d'annee	fondamentaux	PLACED_CANONICAL	canonical
L1---informatique-part-03.zip	L1---informatique/solution_tp_vecteur.pdf	extracted/L1---informatique-part-03/L1---informatique/solution_tp_vecteur.pdf	121f3117fa45316534058ab159e609b389e3c392d683914762ea683929d1f882	UNCLASSIFIED	UNCLASSIFIED	CORRECTION	ACADEMIC_YEAR_UNKNOWN	UNKNOWN	TELEGRAM_USER_PROVIDED	LOW	organized/UNCLASSIFIED/Autres/solution_tp_vecteur.pdf	NEW		pdf_parsed (11p)		general	PLACED_CANONICAL	canonical
L1---informatique-part-03.zip	L1---informatique/Exam_CType.pdf	extracted/L1---informatique-part-03/L1---informatique/Exam_CType.pdf	bc7f514687201c1dd24f531ccdad2cce073150cbc26764ff603d209ca202eac5	S2/ASD-2	S2	COURSE	2024-2025	PUBLIC_UNIVERSITY	TELEGRAM_USER_PROVIDED	HIGH	organized/S2/ASD-2/Cours/Exam_CType.pdf	NEW		pdf_parsed (3p)		langage-C	PLACED_CANONICAL	canonical
L1---informatique-part-03.zip	L1---informatique/Correction Of Algorithmics and Data Structures 1.pdf	extracted/L1---informatique-part-03/L1---informatique/Correction Of Algorithmics and Data Structures 1.pdf	88c26f98c79705b1219417bc933c92175777904fd1d1065de18b2e9d1419c435	S2/ASD-2	S2	OTHER	2024-2025	UNKNOWN	TELEGRAM_USER_PROVIDED	HIGH	organized/S2/ASD-2/Autres/Correction Of Algorithmics and Data Structures 1.pdf	NEW		pdf_parsed (3p)		allocation-mémoire	PLACED_CANONICAL	canonical
L1---informatique-part-03.zip	L1---informatique/2024-2025 ELTD Corrig- (2).pdf	extracted/L1---informatique-part-03/L1---informatique/2024-2025 ELTD Corrig- (2).pdf	445b365b5c3e9fa69f83aad01a398d0d31899d1fd768b99fb267ebc53a3da5db	S1/Algorithmique-ASD-1	S1	CORRECTION	2024-2025	PUBLIC_UNIVERSITY	TELEGRAM_USER_PROVIDED	MEDIUM	—	EXACT_DUPLICATE	L1---informatique-part-03.zip/extracted/L1---informatique-part-03/L1---informatique/2024-2025 ELTD Corrig- (1).pdf	pdf_parsed (2p)		tri	DUPLICATE_NOT_COPIED	canonical copy: organized/S1/Algorithmique-ASD-1/Corriges/2024-2025 ELTD Corrig- (1).pdf
L1---informatique-part-03.zip	L1---informatique/Typical solution TD TP 02 En.pdf	extracted/L1---informatique-part-03/L1---informatique/Typical solution TD TP 02 En.pdf	729b70142ede21786f8d8e507465c7f16ca2c10fe1836e6445869ea867dd6fb0	S2/ASD-2	S2	TP	2024-2025	UNKNOWN	TELEGRAM_USER_PROVIDED	HIGH	organized/S2/ASD-2/TP/Typical solution TD TP 02 En.pdf	NEW		pdf_parsed (2p)		allocation-mémoire	PLACED_CANONICAL	canonical
L1---informatique-part-03.zip	L1---informatique/TD TP 02 En.pdf	extracted/L1---informatique-part-03/L1---informatique/TD TP 02 En.pdf	f0473019e05ebb47db6959e4189e2f4e01aaf9d5e532f94a3d1f4100d5977632	S1/Structure-de-machine-1	S1	TP	2024-2025	UNKNOWN	TELEGRAM_USER_PROVIDED	MEDIUM	organized/S1/Structure-de-machine-1/TP/TD TP 02 En.pdf	NEW		pdf_parsed (1p)		algèbre-de-bool	PLACED_CANONICAL	canonical
L1---informatique-part-03.zip	L1---informatique/TD 05 (Solution).pdf	extracted/L1---informatique-part-03/L1---informatique/TD 05 (Solution).pdf	48e1aa10d499a5cd340700cba1c8a478c1f4b6ad9da0abbc17bfcdee4738303f	UNCLASSIFIED	UNCLASSIFIED	CORRECTION	ACADEMIC_YEAR_UNKNOWN	UNKNOWN	TELEGRAM_USER_PROVIDED	LOW	—	EXACT_DUPLICATE	L1---informatique-part-03.zip/extracted/L1---informatique-part-03/L1---informatique/TD 05 (Solution) (1).pdf	pdf_parsed (6p)		general	DUPLICATE_NOT_COPIED	canonical copy: organized/UNCLASSIFIED/Autres/TD 05 (Solution) (1).pdf
L1---informatique-part-03.zip	L1---informatique/TD 2.pdf	extracted/L1---informatique-part-03/L1---informatique/TD 2.pdf	594ed756d82f96fe842661236a29400e16357a50dbda152f5e79bfc81126018a	UNCLASSIFIED	UNCLASSIFIED	TD	ACADEMIC_YEAR_UNKNOWN	UNKNOWN	TELEGRAM_USER_PROVIDED	LOW	organized/UNCLASSIFIED/Autres/TD 2.pdf	NEW		pdf_parsed (2p)		general	PLACED_CANONICAL	canonical
L1---informatique-part-03.zip	L1---informatique/Matrixes Course.pdf	extracted/L1---informatique-part-03/L1---informatique/Matrixes Course.pdf	bb928f5dd54f9a851e9b2c3ac1d1a916df0b23b84ec84a2ed29504654504f048	S1/Algorithmique-ASD-1	S1	COURSE	ACADEMIC_YEAR_UNKNOWN	UNKNOWN	TELEGRAM_USER_PROVIDED	MEDIUM	organized/S1/Algorithmique-ASD-1/Cours/Matrixes Course.pdf	NEW		pdf_parsed (9p)		tri	PLACED_CANONICAL	canonical
L1---informatique-part-04.zip	L1---informatique/Grammar Lessons MI S1 .pdf	extracted/L1---informatique-part-04/L1---informatique/Grammar Lessons MI S1 .pdf	062168b559a8800e5b031c39d3bc0c696856c20f498c001d6711de9ab798ce18	S1/Anglais-1-TCE-1	S1	OTHER	ACADEMIC_YEAR_UNKNOWN	UNKNOWN	TELEGRAM_USER_PROVIDED	HIGH	organized/S1/Anglais-1-TCE-1/Autres/Grammar Lessons MI S1 .pdf	NEW		pdf_parsed (13p)		grammaire-temps	PLACED_CANONICAL	canonical
L1---informatique-part-04.zip	L1---informatique/the verb.pdf	extracted/L1---informatique-part-04/L1---informatique/the verb.pdf	333aac9671a9ec96eb2c49a1104e36f3e00500fafa612122e7f30e49901c3e28	S1/Anglais-1-TCE-1	S1	OTHER	2019-2020	PUBLIC_UNIVERSITY	TELEGRAM_USER_PROVIDED	HIGH	organized/S1/Anglais-1-TCE-1/Autres/the verb.pdf	NEW		pdf_parsed (4p)		general	PLACED_CANONICAL	canonical
L1---informatique-part-04.zip	L1---informatique/English Syllabus mdified 2019 2020 (1).pdf	extracted/L1---informatique-part-04/L1---informatique/English Syllabus mdified 2019 2020 (1).pdf	5611d8329f307243b0eac0687eb3531d360cd3109a83936048d4aa380344fcbe	S1/Anglais-1-TCE-1	S1	REFERENCE	2019-2020	PUBLIC_UNIVERSITY	TELEGRAM_USER_PROVIDED	HIGH	organized/S1/Anglais-1-TCE-1/Supports/English Syllabus mdified 2019 2020 (1).pdf	NEW		pdf_parsed (4p)		general	PLACED_CANONICAL	canonical
L1---informatique-part-04.zip	L1---informatique/chapter_2_opensource.pdf	extracted/L1---informatique-part-04/L1---informatique/chapter_2_opensource.pdf	b2ae218588b5b995ae56b701d5e3d07b84805a54a7e4b336c618ca148cd3c3c3	S1/Logiciels-libres	S1	SUMMARY	ACADEMIC_YEAR_UNKNOWN	UNKNOWN	TELEGRAM_USER_PROVIDED	HIGH	organized/S1/Logiciels-libres/Revisions/chapter_2_opensource.pdf	NEW		pdf_parsed (33p)		philosophie-du-libre	PLACED_CANONICAL	canonical
L1---informatique-part-04.zip	L1---informatique/Examen1 Structure Machine 1 (2).pdf	extracted/L1---informatique-part-04/L1---informatique/Examen1 Structure Machine 1 (2).pdf	6c1dbca39481372a8b70d9793f2a9a85c920a02507766760fdbe43503aeedde6	S2/Structure-de-machine-2	S2	EXAM_CORRECTION	ACADEMIC_YEAR_UNKNOWN	UNKNOWN	TELEGRAM_USER_PROVIDED	MEDIUM	organized/S2/Structure-de-machine-2/Corriges/Examen1 Structure Machine 1 (2).pdf	NEW		pdf_parsed (5p)	nombre 4-chiffres nu dans le texte, non retenu comme preuve d'annee; pair-examen: organized/S2/Structure-de-machine-2/Corriges/Examen9 Structure Machine  (1).pdf; pair-correction: organized/S2/Structure-de-machine-2/Corriges/Examen9 Structure Machine  (1).pdf	convertisseurs	PLACED_CANONICAL	canonical of 2 exact duplicates
L1---informatique-part-04.zip	L1---informatique/Examen6 Structure Machine 1 (1).pdf	extracted/L1---informatique-part-04/L1---informatique/Examen6 Structure Machine 1 (1).pdf	613322e8439a693ef22359b476d518d0010545a2337cc0e35318796614bcc3f5	S2/Structure-de-machine-2	S2	EXAM	ACADEMIC_YEAR_UNKNOWN	UNKNOWN	TELEGRAM_USER_PROVIDED	MEDIUM	organized/S2/Structure-de-machine-2/Examens/Examen6 Structure Machine 1 (1).pdf	NEW		pdf_parsed (6p)	nombre 4-chiffres nu dans le texte, non retenu comme preuve d'annee	general	PLACED_CANONICAL	canonical of 1 exact duplicates
L1---informatique-part-04.zip	L1---informatique/Examen1 Structure Machine 1 (1).pdf	extracted/L1---informatique-part-04/L1---informatique/Examen1 Structure Machine 1 (1).pdf	6c1dbca39481372a8b70d9793f2a9a85c920a02507766760fdbe43503aeedde6	S2/Structure-de-machine-2	S2	EXAM_CORRECTION	ACADEMIC_YEAR_UNKNOWN	UNKNOWN	TELEGRAM_USER_PROVIDED	MEDIUM	—	EXACT_DUPLICATE	L1---informatique-part-04.zip/extracted/L1---informatique-part-04/L1---informatique/Examen1 Structure Machine 1 (2).pdf	pdf_parsed (5p)	nombre 4-chiffres nu dans le texte, non retenu comme preuve d'annee	convertisseurs	DUPLICATE_NOT_COPIED	canonical copy: organized/S2/Structure-de-machine-2/Corriges/Examen1 Structure Machine 1 (2).pdf
L1---informatique-part-04.zip	L1---informatique/Polycopie_Meghnafi_Mustapha_01_01_2016_Algèbre1_cours_et_exercices.pdf	extracted/L1---informatique-part-04/L1---informatique/Polycopie_Meghnafi_Mustapha_01_01_2016_Algèbre1_cours_et_exercices.pdf	39a8497a5458f5d3f978d506eee873f51133426d6b9178d4c2f9f6e4899f3b30	S1/Algebre-1	S1	CORRECTION	ACADEMIC_YEAR_UNKNOWN	PUBLIC_UNIVERSITY	TELEGRAM_USER_PROVIDED	MEDIUM	organized/S1/Algebre-1/Corriges/Polycopie_Meghnafi_Mustapha_01_01_2016_Algèbre1_cours_et_exercices.pdf	NEW		pdf_parsed (87p)		arithmétique	PLACED_CANONICAL	canonical
L1---informatique-part-04.zip	L1---informatique/Emd algebre 1 2024.pdf	extracted/L1---informatique-part-04/L1---informatique/Emd algebre 1 2024.pdf	82e1ede427f5134c29c4c5956015aaea793742f96148579168b293511b7b3712	S1/Algebre-1	S1	EXAM	ACADEMIC_YEAR_UNKNOWN	UNKNOWN	TELEGRAM_USER_PROVIDED	HIGH	organized/S1/Algebre-1/Examens/Emd algebre 1 2024.pdf	NEW		PDF_NO_TEXT_LAYER (3p)	nombre 4-chiffres nu dans le texte, non retenu comme preuve d'annee	general	PLACED_CANONICAL	canonical
L1---informatique-part-04.zip	L1---informatique/Examen6 Structure Machine 1.pdf	extracted/L1---informatique-part-04/L1---informatique/Examen6 Structure Machine 1.pdf	613322e8439a693ef22359b476d518d0010545a2337cc0e35318796614bcc3f5	S2/Structure-de-machine-2	S2	EXAM	ACADEMIC_YEAR_UNKNOWN	UNKNOWN	TELEGRAM_USER_PROVIDED	MEDIUM	—	EXACT_DUPLICATE	L1---informatique-part-04.zip/extracted/L1---informatique-part-04/L1---informatique/Examen6 Structure Machine 1 (1).pdf	pdf_parsed (6p)	nombre 4-chiffres nu dans le texte, non retenu comme preuve d'annee	general	DUPLICATE_NOT_COPIED	canonical copy: organized/S2/Structure-de-machine-2/Examens/Examen6 Structure Machine 1 (1).pdf
L1---informatique-part-04.zip	L1---informatique/Examen1 Structure Machine 1.pdf	extracted/L1---informatique-part-04/L1---informatique/Examen1 Structure Machine 1.pdf	6c1dbca39481372a8b70d9793f2a9a85c920a02507766760fdbe43503aeedde6	S2/Structure-de-machine-2	S2	EXAM_CORRECTION	ACADEMIC_YEAR_UNKNOWN	UNKNOWN	TELEGRAM_USER_PROVIDED	MEDIUM	—	EXACT_DUPLICATE	L1---informatique-part-04.zip/extracted/L1---informatique-part-04/L1---informatique/Examen1 Structure Machine 1 (2).pdf	pdf_parsed (5p)	nombre 4-chiffres nu dans le texte, non retenu comme preuve d'annee	convertisseurs	DUPLICATE_NOT_COPIED	canonical copy: organized/S2/Structure-de-machine-2/Corriges/Examen1 Structure Machine 1 (2).pdf
L1---informatique-part-04.zip	L1---informatique/solution TD2 (1).pdf	extracted/L1---informatique-part-04/L1---informatique/solution TD2 (1).pdf	7917a150b37e1be3a0bbb1841964a85c29761244d594382ce7651077597ee678	S1/Analyse-1	S1	EXERCISES	ACADEMIC_YEAR_UNKNOWN	PUBLIC_UNIVERSITY	TELEGRAM_USER_PROVIDED	HIGH	organized/S1/Analyse-1/Series/solution TD2 (1).pdf	NEW		pdf_parsed (7p)		développements-limités	PLACED_CANONICAL	canonical
L1---informatique-part-04.zip	L1---informatique/corrigé_test_2021_2022 (1).pdf	extracted/L1---informatique-part-04/L1---informatique/corrigé_test_2021_2022 (1).pdf	350b476380b50c8cd19c77b673a01bf7e4b8af7d9d54ddd5418c1c32171a3de8	UNCLASSIFIED	UNCLASSIFIED	CORRECTION	ACADEMIC_YEAR_UNKNOWN	UNKNOWN	TELEGRAM_USER_PROVIDED	LOW	organized/UNCLASSIFIED/Autres/corrigé_test_2021_2022 (1).pdf	NEW		pdf_parsed (40p)		general	PLACED_CANONICAL	canonical of 1 exact duplicates
L1---informatique-part-04.zip	L1---informatique/Série TD1 ASD.pdf	extracted/L1---informatique-part-04/L1---informatique/Série TD1 ASD.pdf	fac8a422b302f231ce8a183028a60c447a0b577b432d27d802c047e0fb5eb0f9	S1/Algorithmique-ASD-1	S1	EXERCISES	ACADEMIC_YEAR_UNKNOWN	PUBLIC_UNIVERSITY	TELEGRAM_USER_PROVIDED	HIGH	organized/S1/Algorithmique-ASD-1/Series/Série TD1 ASD.pdf	NEW		pdf_parsed (15p)		tri	PLACED_CANONICAL	canonical
L1---informatique-part-04.zip	L1---informatique/serie3(1).pdf	extracted/L1---informatique-part-04/L1---informatique/serie3(1).pdf	473aa6134a58656280f0bb4e878e970613e00ddce474edba0e728bc5a25a9143	UNCLASSIFIED	UNCLASSIFIED	TP	2024-2025	UNKNOWN	TELEGRAM_USER_PROVIDED	LOW	organized/UNCLASSIFIED/Autres/serie3(1).pdf	NEW		pdf_parsed (2p)		general	PLACED_CANONICAL	canonical
L1---informatique-part-04.zip	L1---informatique/mi-1an15-emd1-algo2017.pdf	extracted/L1---informatique-part-04/L1---informatique/mi-1an15-emd1-algo2017.pdf	8558ee15f5c23bc9e4dba63a871e93110726c273322495c723d5b83ccbf3bb53	S1/Algorithmique-ASD-1	S1	EXAM	2016-2017	PUBLIC_UNIVERSITY	TELEGRAM_USER_PROVIDED	MEDIUM	organized/S1/Algorithmique-ASD-1/Examens/mi-1an15-emd1-algo2017.pdf	NEW		pdf_parsed (3p)		tableaux	PLACED_CANONICAL	canonical
L1---informatique-part-04.zip	L1---informatique/Exercices et Examens corrigés.pdf	extracted/L1---informatique-part-04/L1---informatique/Exercices et Examens corrigés.pdf	0fff49fbdbef72d3621b3cf1dea151dbf9bf8a12ae01d2fc75a562fbe2359e91	S1/Algorithmique-ASD-1	S1	EXAM_CORRECTION	ACADEMIC_YEAR_UNKNOWN	UNKNOWN	TELEGRAM_USER_PROVIDED	HIGH	organized/S1/Algorithmique-ASD-1/Corriges/Exercices et Examens corrigés.pdf	NEW		pdf_parsed (87p)	nombre 4-chiffres nu dans le texte, non retenu comme preuve d'annee; pair-correction: organized/S1/Algorithmique-ASD-1/Corriges/80 examens corrigés algorithmique.pdf; pair-examen: organized/S1/Algorithmique-ASD-1/Corriges/80 examens corrigés algorithmique.pdf	conditions	PLACED_CANONICAL	canonical of 3 exact duplicates
L1---informatique-part-04.zip	L1---informatique/cours ASD1 les boucles_ve.pdf	extracted/L1---informatique-part-04/L1---informatique/cours ASD1 les boucles_ve.pdf	7a1d536d229adbe559186842a72fea6f7b6207af330c86b02afb8c56184e166d	S1/Algorithmique-ASD-1	S1	COURSE	ACADEMIC_YEAR_UNKNOWN	UNKNOWN	TELEGRAM_USER_PROVIDED	HIGH	organized/S1/Algorithmique-ASD-1/Cours/cours ASD1 les boucles_ve.pdf	NEW		pdf_parsed (52p)		fondamentaux	PLACED_CANONICAL	canonical
L1---informatique-part-04.zip	L1---informatique/corrigé_test_2021_2022.pdf	extracted/L1---informatique-part-04/L1---informatique/corrigé_test_2021_2022.pdf	350b476380b50c8cd19c77b673a01bf7e4b8af7d9d54ddd5418c1c32171a3de8	UNCLASSIFIED	UNCLASSIFIED	CORRECTION	ACADEMIC_YEAR_UNKNOWN	UNKNOWN	TELEGRAM_USER_PROVIDED	LOW	—	EXACT_DUPLICATE	L1---informatique-part-04.zip/extracted/L1---informatique-part-04/L1---informatique/corrigé_test_2021_2022 (1).pdf	pdf_parsed (40p)		general	DUPLICATE_NOT_COPIED	canonical copy: organized/UNCLASSIFIED/Autres/corrigé_test_2021_2022 (1).pdf
L1---informatique-part-04.zip	L1---informatique/Examen 6 analyse 1+ solution.PDF	extracted/L1---informatique-part-04/L1---informatique/Examen 6 analyse 1+ solution.PDF	1fd907aa999fd2a9e2a450af65d76ce9d7d54cfbc2187d9b2d8e1e4b23b7aac2	S1/Analyse-1	S1	EXAM	ACADEMIC_YEAR_UNKNOWN	UNKNOWN	TELEGRAM_USER_PROVIDED	HIGH	organized/S1/Analyse-1/Examens/Examen 6 analyse 1+ solution.PDF	NEW		pdf_parsed (4p)		general	PLACED_CANONICAL	canonical
L1---informatique-part-04.zip	L1---informatique/analysis_1-chapter_04.pdf	extracted/L1---informatique-part-04/L1---informatique/analysis_1-chapter_04.pdf	2e5cbbbbd8798401a38658fae0c070c6c5d913cc993a61943fa26599ba18b0e0	S1/Algorithmique-ASD-1	S1	CHAPTER	2024-2025	PUBLIC_UNIVERSITY	TELEGRAM_USER_PROVIDED	MEDIUM	organized/S1/Algorithmique-ASD-1/Cours/analysis_1-chapter_04.pdf	NEW		pdf_parsed (12p)		fondamentaux	PLACED_CANONICAL	canonical
L1---informatique-part-04.zip	L1---informatique/Bibliothèque_dexercices_L1.pdf	extracted/L1---informatique-part-04/L1---informatique/Bibliothèque_dexercices_L1.pdf	9f58074b80cede46d55c43b50afe78267f50fec85f9d95af03137fd71e2c2d2c	S1/Analyse-1	S1	EXERCISES	ACADEMIC_YEAR_UNKNOWN	UNKNOWN	TELEGRAM_USER_PROVIDED	MEDIUM	organized/S1/Analyse-1/Series/Bibliothèque_dexercices_L1.pdf	NEW		pdf_parsed (96p)		continuité	PLACED_CANONICAL	canonical
L1---informatique-part-04.zip	L1---informatique/résumer chapitre 5 analyse Elementary functions.pdf	extracted/L1---informatique-part-04/L1---informatique/résumer chapitre 5 analyse Elementary functions.pdf	8a1059ad57d97a24472dc2ac4a4c07aef701e2a73919c08f26e9e89a060cc3d5	UNCLASSIFIED	UNCLASSIFIED	SUMMARY	ACADEMIC_YEAR_UNKNOWN	UNKNOWN	TELEGRAM_USER_PROVIDED	LOW	organized/UNCLASSIFIED/Autres/résumer chapitre 5 analyse Elementary functions.pdf	NEW		PDF_NO_TEXT_LAYER (3p)		general	PLACED_CANONICAL	canonical
L1---informatique-part-04.zip	L1---informatique/mi1an_algo-exercices_corriges.pdf	extracted/L1---informatique-part-04/L1---informatique/mi1an_algo-exercices_corriges.pdf	0fff49fbdbef72d3621b3cf1dea151dbf9bf8a12ae01d2fc75a562fbe2359e91	S1/Algorithmique-ASD-1	S1	CORRECTION	ACADEMIC_YEAR_UNKNOWN	UNKNOWN	TELEGRAM_USER_PROVIDED	HIGH	—	EXACT_DUPLICATE	L1---informatique-part-04.zip/extracted/L1---informatique-part-04/L1---informatique/Exercices et Examens corrigés.pdf	pdf_parsed (87p)	nombre 4-chiffres nu dans le texte, non retenu comme preuve d'annee	conditions	DUPLICATE_NOT_COPIED	canonical copy: organized/S1/Algorithmique-ASD-1/Corriges/Exercices et Examens corrigés.pdf
L1---informatique-part-04.zip	L1---informatique/Chapter 1_Basic Concepts (1).pdf	extracted/L1---informatique-part-04/L1---informatique/Chapter 1_Basic Concepts (1).pdf	b8d6e06249c2d2c5b404f5ca8507ac886c8167f8ba797078a87ec902264393a3	S1/Algorithmique-ASD-1	S1	CHAPTER	ACADEMIC_YEAR_UNKNOWN	UNKNOWN	TELEGRAM_USER_PROVIDED	MEDIUM	organized/S1/Algorithmique-ASD-1/Cours/Chapter 1_Basic Concepts (1).pdf	NEW		pdf_parsed (8p)		general	PLACED_CANONICAL	canonical
L1---informatique-part-04.zip	L1---informatique/Examen 15 analyse 1+ solution.PDF	extracted/L1---informatique-part-04/L1---informatique/Examen 15 analyse 1+ solution.PDF	1300ea97d85c4b6cf3682f3b024372ec485f9fcea7a959d7fa5a4a4d04535efe	S1/Analyse-1	S1	EXAM	2017-2018	PUBLIC_UNIVERSITY	TELEGRAM_USER_PROVIDED	HIGH	organized/S1/Analyse-1/Examens/Examen 15 analyse 1+ solution.PDF	NEW		pdf_parsed (4p)		general	PLACED_CANONICAL	canonical
L1---informatique-part-04.zip	L1---informatique/Analyse_1_17-18_Fiche_1_Corrige.pdf	extracted/L1---informatique-part-04/L1---informatique/Analyse_1_17-18_Fiche_1_Corrige.pdf	6c461206b89c591d8a2b25835a7c6303fa7a11ca8d1eb4826ae0aa2d62be83de	S1/Structure-de-machine-1	S1	CORRECTION	2017-2018	PUBLIC_UNIVERSITY	TELEGRAM_USER_PROVIDED	HIGH	organized/S1/Structure-de-machine-1/Corriges/Analyse_1_17-18_Fiche_1_Corrige.pdf	NEW		pdf_parsed (5p)		numérations	PLACED_CANONICAL	canonical
L1---informatique-part-04.zip	L1---informatique/Final Exam 3 Analysis 1 (1).pdf	extracted/L1---informatique-part-04/L1---informatique/Final Exam 3 Analysis 1 (1).pdf	a1b1d565e1e912bda9223663df5d1f2d32b6d2338eef097cfbd9f3b652fffa1a	UNCLASSIFIED	UNCLASSIFIED	OTHER	2023-2024	PUBLIC_UNIVERSITY	TELEGRAM_USER_PROVIDED	LOW	organized/UNCLASSIFIED/Autres/Final Exam 3 Analysis 1 (1).pdf	NEW		pdf_parsed (4p)		general	PLACED_CANONICAL	canonical
L1---informatique-part-04.zip	L1---informatique/analysis_1-chapter_02.pdf	extracted/L1---informatique-part-04/L1---informatique/analysis_1-chapter_02.pdf	448e2bbf1032dc426691c7f10175f472153437a8e07b0cff02423907326cb85c	S1/Algorithmique-ASD-1	S1	CHAPTER	2024-2025	PUBLIC_UNIVERSITY	TELEGRAM_USER_PROVIDED	LOW	organized/S1/Algorithmique-ASD-1/Cours/analysis_1-chapter_02.pdf	NEW		pdf_parsed (11p)		general	PLACED_CANONICAL	canonical
L1---informatique-part-04.zip	L1---informatique/POLY_A_TROUS_COURS_INFO.pdf	extracted/L1---informatique-part-04/L1---informatique/POLY_A_TROUS_COURS_INFO.pdf	c1344d4fc63acedbd3f802e715fb85169a50ce08dcafee4604f38d6db074fbd2	S1/Algorithmique-ASD-1	S1	COURSE	2012-2013	PUBLIC_UNIVERSITY	TELEGRAM_USER_PROVIDED	HIGH	organized/S1/Algorithmique-ASD-1/Cours/POLY_A_TROUS_COURS_INFO.pdf	NEW		pdf_parsed (77p)		general	PLACED_CANONICAL	canonical
L1---informatique-part-04.zip	L1---informatique/livre algo-exercices_corriges.pdf	extracted/L1---informatique-part-04/L1---informatique/livre algo-exercices_corriges.pdf	0fff49fbdbef72d3621b3cf1dea151dbf9bf8a12ae01d2fc75a562fbe2359e91	S1/Algorithmique-ASD-1	S1	CORRECTION	ACADEMIC_YEAR_UNKNOWN	UNKNOWN	TELEGRAM_USER_PROVIDED	HIGH	—	EXACT_DUPLICATE	L1---informatique-part-04.zip/extracted/L1---informatique-part-04/L1---informatique/Exercices et Examens corrigés.pdf	pdf_parsed (87p)	nombre 4-chiffres nu dans le texte, non retenu comme preuve d'annee	conditions	DUPLICATE_NOT_COPIED	canonical copy: organized/S1/Algorithmique-ASD-1/Corriges/Exercices et Examens corrigés.pdf
L1---informatique-part-04.zip	L1---informatique/Examen_2022 (2).pdf	extracted/L1---informatique-part-04/L1---informatique/Examen_2022 (2).pdf	7e2950252d3a5ed59846624135f17db60756e735ca3f23710c4fc3c97b935063	UNCLASSIFIED	UNCLASSIFIED	EXAM	ACADEMIC_YEAR_UNKNOWN	UNKNOWN	TELEGRAM_USER_PROVIDED	LOW	organized/UNCLASSIFIED/Autres/Examen_2022 (2).pdf	NEW		pdf_parsed (2p)		general	PLACED_CANONICAL	canonical
L1---informatique-part-04.zip	L1---informatique/2_Chapter 4 _String (1).pdf	extracted/L1---informatique-part-04/L1---informatique/2_Chapter 4 _String (1).pdf	3d7388b189ce9b57e22050ccae6a48ddb8dfff0f5408e4527d2f88c82d90b808	S2/Algebre-2	S2	CHAPTER	ACADEMIC_YEAR_UNKNOWN	UNKNOWN	TELEGRAM_USER_PROVIDED	HIGH	organized/S2/Algebre-2/Cours/2_Chapter 4 _String (1).pdf	NEW		pdf_parsed (14p)		espaces-vectoriels	PLACED_CANONICAL	canonical
L1---informatique-part-04.zip	L1---informatique/5- Conditions.pdf	extracted/L1---informatique-part-04/L1---informatique/5- Conditions.pdf	41f4d21ef32263b4f8aff89c069da1afe7471d19f2913399f86ff1d5d225b2af	S1/Algorithmique-ASD-1	S1	OTHER	ACADEMIC_YEAR_UNKNOWN	UNKNOWN	TELEGRAM_USER_PROVIDED	MEDIUM	organized/S1/Algorithmique-ASD-1/Autres/5- Conditions.pdf	NEW		pdf_parsed (12p)		conditions	PLACED_CANONICAL	canonical
L1---informatique-part-05.zip	L1---informatique/Lesson-7- Key Components of a Paragraph.pdf	extracted/L1---informatique-part-05/L1---informatique/Lesson-7- Key Components of a Paragraph.pdf	2d5260d64285c31de028438395751cf7cf302bc665c752956950f0581a367166	S1/Anglais-1-TCE-1	S1	OTHER	2021-2022	PUBLIC_UNIVERSITY	TELEGRAM_USER_PROVIDED	HIGH	organized/S1/Anglais-1-TCE-1/Autres/Lesson-7- Key Components of a Paragraph.pdf	NEW		pdf_parsed (5p)		expression-écrite	PLACED_CANONICAL	canonical
L1---informatique-part-05.zip	L1---informatique/Open_source__Copy_ (1).pdf	extracted/L1---informatique-part-05/L1---informatique/Open_source__Copy_ (1).pdf	fffcf3e6e20da8f2b2ed9c63ba5e7068675b00c0272ae9704c25e90cafab094f	S1/Logiciels-libres	S1	CHAPTER	2025-2026	UNKNOWN	TELEGRAM_USER_PROVIDED	HIGH	organized/S1/Logiciels-libres/Cours/Open_source__Copy_ (1).pdf	NEW		pdf_parsed (36p)		philosophie-du-libre	PLACED_CANONICAL	canonical
L1---informatique-part-05.zip	L1---informatique/chapter_1_opensource.pdf	extracted/L1---informatique-part-05/L1---informatique/chapter_1_opensource.pdf	acce3649ff3d3621b739ebe2e4378ccc890cad1a5e26bb3ae6973aca1d2c46d2	S1/Logiciels-libres	S1	SUMMARY	ACADEMIC_YEAR_UNKNOWN	UNKNOWN	TELEGRAM_USER_PROVIDED	HIGH	organized/S1/Logiciels-libres/Revisions/chapter_1_opensource.pdf	NEW		pdf_parsed (59p)		philosophie-du-libre	PLACED_CANONICAL	canonical
L1---informatique-part-05.zip	L1---informatique/1_Examen Algebre1 avec solution.pdf	extracted/L1---informatique-part-05/L1---informatique/1_Examen Algebre1 avec solution.pdf	59b0b5c38e8e5617193173cfa77acc3ce89fd9ddf4eb48223c99267c67db5336	S1/Algebre-1	S1	EXAM	ACADEMIC_YEAR_UNKNOWN	UNKNOWN	TELEGRAM_USER_PROVIDED	HIGH	organized/S1/Algebre-1/Examens/1_Examen Algebre1 avec solution.pdf	NEW		PDF_NO_TEXT_LAYER (3p)		general	PLACED_CANONICAL	canonical
L1---informatique-part-05.zip	L1---informatique/TD Alg1 Serie 1  Logique Mathematique 2025.pdf	extracted/L1---informatique-part-05/L1---informatique/TD Alg1 Serie 1  Logique Mathematique 2025.pdf	34c246ec4d51d912cdf8905ffc8a1c9e1a690d85756014b0e9b89bf5a04c6ebd	S2/Logique-mathematique	S2	TD	2025-2026	UNKNOWN	TELEGRAM_USER_PROVIDED	HIGH	organized/S2/Logique-mathematique/TD/TD Alg1 Serie 1  Logique Mathematique 2025.pdf	NEW		pdf_parsed (2p)		general	PLACED_CANONICAL	canonical
L1---informatique-part-05.zip	L1---informatique/Examen3 Structure Machine 1.pdf	extracted/L1---informatique-part-05/L1---informatique/Examen3 Structure Machine 1.pdf	a9b30eb05d9e1b77216fc6099d7ca1a9575472967198ed587ee19be1d13acc33	S2/Structure-de-machine-2	S2	EXAM_CORRECTION	ACADEMIC_YEAR_UNKNOWN	UNKNOWN	TELEGRAM_USER_PROVIDED	HIGH	organized/S2/Structure-de-machine-2/Corriges/Examen3 Structure Machine 1.pdf	NEW		pdf_parsed (5p)	nombre 4-chiffres nu dans le texte, non retenu comme preuve d'annee; pair-correction: organized/S2/Structure-de-machine-2/Corriges/Examen9 Structure Machine  (1).pdf	general	PLACED_CANONICAL	canonical of 1 exact duplicates
L1---informatique-part-05.zip	L1---informatique/Examen2 Structure Machine 1.pdf	extracted/L1---informatique-part-05/L1---informatique/Examen2 Structure Machine 1.pdf	e81230120a9cf81f82a7c09d5a923b27dc462fe3f4b9c8d0357aaac1842775ba	S2/Structure-de-machine-2	S2	EXAM_CORRECTION	ACADEMIC_YEAR_UNKNOWN	UNKNOWN	TELEGRAM_USER_PROVIDED	HIGH	organized/S2/Structure-de-machine-2/Corriges/Examen2 Structure Machine 1.pdf	NEW		pdf_parsed (5p)	nombre 4-chiffres nu dans le texte, non retenu comme preuve d'annee; pair-correction: organized/S2/Structure-de-machine-2/Corriges/Examen9 Structure Machine  (1).pdf	general	PLACED_CANONICAL	canonical of 1 exact duplicates
L1---informatique-part-05.zip	L1---informatique/Examen1+Solution Analyse 1.pdf	extracted/L1---informatique-part-05/L1---informatique/Examen1+Solution Analyse 1.pdf	3ae38c368cda6403356dbd3ac019713eecac4fb6a7f31d256759531f0e410b9b	S1/Analyse-1	S1	EXAM	ACADEMIC_YEAR_UNKNOWN	UNKNOWN	TELEGRAM_USER_PROVIDED	HIGH	organized/S1/Analyse-1/Examens/Examen1+Solution Analyse 1.pdf	NEW		PDF_NO_TEXT_LAYER (5p)		general	PLACED_CANONICAL	canonical
L1---informatique-part-05.zip	L1---informatique/Examen2 Structure Machine 1 (1).pdf	extracted/L1---informatique-part-05/L1---informatique/Examen2 Structure Machine 1 (1).pdf	e81230120a9cf81f82a7c09d5a923b27dc462fe3f4b9c8d0357aaac1842775ba	S2/Structure-de-machine-2	S2	EXAM_CORRECTION	ACADEMIC_YEAR_UNKNOWN	UNKNOWN	TELEGRAM_USER_PROVIDED	HIGH	—	EXACT_DUPLICATE	L1---informatique-part-05.zip/extracted/L1---informatique-part-05/L1---informatique/Examen2 Structure Machine 1.pdf	pdf_parsed (5p)	nombre 4-chiffres nu dans le texte, non retenu comme preuve d'annee	general	DUPLICATE_NOT_COPIED	canonical copy: organized/S2/Structure-de-machine-2/Corriges/Examen2 Structure Machine 1.pdf
L1---informatique-part-05.zip	L1---informatique/Examen3 Structure Machine 1 (1).pdf	extracted/L1---informatique-part-05/L1---informatique/Examen3 Structure Machine 1 (1).pdf	a9b30eb05d9e1b77216fc6099d7ca1a9575472967198ed587ee19be1d13acc33	S2/Structure-de-machine-2	S2	EXAM_CORRECTION	ACADEMIC_YEAR_UNKNOWN	UNKNOWN	TELEGRAM_USER_PROVIDED	HIGH	—	EXACT_DUPLICATE	L1---informatique-part-05.zip/extracted/L1---informatique-part-05/L1---informatique/Examen3 Structure Machine 1.pdf	pdf_parsed (5p)	nombre 4-chiffres nu dans le texte, non retenu comme preuve d'annee	general	DUPLICATE_NOT_COPIED	canonical copy: organized/S2/Structure-de-machine-2/Corriges/Examen3 Structure Machine 1.pdf
L1---informatique-part-05.zip	L1---informatique/Analyse 1-TD2-Correction.pdf	extracted/L1---informatique-part-05/L1---informatique/Analyse 1-TD2-Correction.pdf	d5d910f27571e31018a918a138f191b25256a8de277b4d6674a9f1f509f62442	S1/Analyse-1	S1	OTHER	ACADEMIC_YEAR_UNKNOWN	UNKNOWN	TELEGRAM_USER_PROVIDED	HIGH	organized/S1/Analyse-1/Autres/Analyse 1-TD2-Correction.pdf	NEW		PDF_NO_TEXT_LAYER (6p)		general	PLACED_CANONICAL	canonical
L1---informatique-part-05.zip	L1---informatique/HW1 (1) (1).pdf	extracted/L1---informatique-part-05/L1---informatique/HW1 (1) (1).pdf	c629f11463494c846c6eaf16122baaf937f79624e4772c0d346814040a4222dc	UNCLASSIFIED	UNCLASSIFIED	EXAM	ACADEMIC_YEAR_UNKNOWN	PUBLIC_UNIVERSITY	TELEGRAM_USER_PROVIDED	LOW	—	EXACT_DUPLICATE	L1---informatique-part-03.zip/extracted/L1---informatique-part-03/L1---informatique/HW1 (1).pdf	pdf_parsed (1p)		general	DUPLICATE_NOT_COPIED	canonical copy: organized/UNCLASSIFIED/Autres/HW1 (1).pdf
L1---informatique-part-05.zip	L1---informatique/Exercices corrigés (Suites réelles).pdf	extracted/L1---informatique-part-05/L1---informatique/Exercices corrigés (Suites réelles).pdf	b487290a9de991ef8879ccb431c4f68d89a8d2ba42f86efce2a3cee48aa2f7fd	S1/Analyse-1	S1	CORRECTION	ACADEMIC_YEAR_UNKNOWN	UNKNOWN	TELEGRAM_USER_PROVIDED	HIGH	organized/S1/Analyse-1/Corriges/Exercices corrigés (Suites réelles).pdf	NEW		pdf_parsed (24p)		suites	PLACED_CANONICAL	canonical
L1---informatique-part-05.zip	L1---informatique/1- Algorithm Basics.pdf	extracted/L1---informatique-part-05/L1---informatique/1- Algorithm Basics.pdf	9202e804ee77705fedde8583591a6396d36e33a51d53ca2fd8ba0112a4161460	S1/Algorithmique-ASD-1	S1	REFERENCE	ACADEMIC_YEAR_UNKNOWN	UNKNOWN	TELEGRAM_USER_PROVIDED	LOW	organized/S1/Algorithmique-ASD-1/Supports/1- Algorithm Basics.pdf	NEW		pdf_parsed (17p)		fondamentaux	PLACED_CANONICAL	canonical
L1---informatique-part-05.zip	L1---informatique/Examen 11 analyse 1+ solution.PDF	extracted/L1---informatique-part-05/L1---informatique/Examen 11 analyse 1+ solution.PDF	a71e95a820507d39f47fd3359e12b53aa94dffd581f6036db847d5ea3d8f7daa	S1/Analyse-1	S1	EXAM	2017-2018	PUBLIC_UNIVERSITY	TELEGRAM_USER_PROVIDED	HIGH	organized/S1/Analyse-1/Examens/Examen 11 analyse 1+ solution.PDF	NEW		pdf_parsed (5p)		limites	PLACED_CANONICAL	canonical
L1---informatique-part-05.zip	L1---informatique/Algo-Test1_2025_2026 (Solution).pdf	extracted/L1---informatique-part-05/L1---informatique/Algo-Test1_2025_2026 (Solution).pdf	f69a22de6d832cababc80c2da861d337bc1e44ccc95ab2669d4327c87e87f490	S2/ASD-2	S2	EXAM	2025-2026	PUBLIC_UNIVERSITY	TELEGRAM_USER_PROVIDED	MEDIUM	organized/S2/ASD-2/Examens/Algo-Test1_2025_2026 (Solution).pdf	NEW		pdf_parsed (1p)		allocation-mémoire	PLACED_CANONICAL	canonical
L1---informatique-part-05.zip	L1---informatique/Algorithm 1.pdf	extracted/L1---informatique-part-05/L1---informatique/Algorithm 1.pdf	10bd0f653062efd68f7454aab9bd769a90f12624d66f18d1aadad457a2283a22	S2/ASD-2	S2	COURSE	2023-2024	PUBLIC_UNIVERSITY	TELEGRAM_USER_PROVIDED	MEDIUM	organized/S2/ASD-2/Cours/Algorithm 1.pdf	NEW		pdf_parsed (29p)		allocation-mémoire	PLACED_CANONICAL	canonical
L1---informatique-part-05.zip	L1---informatique/CamScanner 08-28-2025 20.22_41.pdf	extracted/L1---informatique-part-05/L1---informatique/CamScanner 08-28-2025 20.22_41.pdf	13d304afdaa4eeb02d1caf9cdfac45ad040f9c8b0b4c45420350ed3fd1dd55e9	UNCLASSIFIED	UNCLASSIFIED	OTHER	ACADEMIC_YEAR_UNKNOWN	UNKNOWN	TELEGRAM_USER_PROVIDED	LOW	organized/UNCLASSIFIED/Autres/CamScanner 08-28-2025 20.22_41.pdf	NEW		PDF_NO_TEXT_LAYER (9p)	nombre 4-chiffres nu dans le texte, non retenu comme preuve d'annee	general	PLACED_CANONICAL	canonical
L1---informatique-part-05.zip	L1---informatique/Exam Of Algorithmics and Data Structures 1 (1).pdf	extracted/L1---informatique-part-05/L1---informatique/Exam Of Algorithmics and Data Structures 1 (1).pdf	f827845caaf24aa4b92506d6368011e1f8d5aec3a316a24a9b1abb35878e9056	UNCLASSIFIED	UNCLASSIFIED	OTHER	ACADEMIC_YEAR_UNKNOWN	UNKNOWN	TELEGRAM_USER_PROVIDED	LOW	organized/UNCLASSIFIED/Autres/Exam Of Algorithmics and Data Structures 1 (1).pdf	NEW		PDF_NO_TEXT_LAYER (2p)		general	PLACED_CANONICAL	canonical
L1---informatique-part-05.zip	L1---informatique/4- Operators.pdf	extracted/L1---informatique-part-05/L1---informatique/4- Operators.pdf	3142f8f3781a3acec720f39319a652e86feb20d61f289d891fdf969251f4bf72	UNCLASSIFIED	UNCLASSIFIED	OTHER	ACADEMIC_YEAR_UNKNOWN	UNKNOWN	TELEGRAM_USER_PROVIDED	LOW	organized/UNCLASSIFIED/Autres/4- Operators.pdf	NEW		pdf_parsed (18p)		general	PLACED_CANONICAL	canonical
L1---informatique-part-05.zip	L1---informatique/Algbool.pdf	extracted/L1---informatique-part-05/L1---informatique/Algbool.pdf	bd4123b6b40398763f950964a70de4fa96aac25359ba43b81684b50ad8ae42e3	S1/Structure-de-machine-1	S1	OTHER	ACADEMIC_YEAR_UNKNOWN	PUBLIC_UNIVERSITY	TELEGRAM_USER_PROVIDED	MEDIUM	organized/S1/Structure-de-machine-1/Autres/Algbool.pdf	NEW		pdf_parsed (74p)		algèbre-de-bool	PLACED_CANONICAL	canonical
L1---informatique-part-05.zip	L1---informatique/Analyse_1_17-18_Fiche_3_Corrige.pdf	extracted/L1---informatique-part-05/L1---informatique/Analyse_1_17-18_Fiche_3_Corrige.pdf	8dbeb7b6d88bd193a85e55f8d455519c0656a24554c95e12608afeb760c05e92	UNCLASSIFIED	UNCLASSIFIED	CORRECTION	2017-2018	PUBLIC_UNIVERSITY	TELEGRAM_USER_PROVIDED	LOW	organized/UNCLASSIFIED/Autres/Analyse_1_17-18_Fiche_3_Corrige.pdf	NEW		pdf_parsed (6p)		general	PLACED_CANONICAL	canonical
L1---informatique-part-05.zip	L1---informatique/6- Loops.pdf	extracted/L1---informatique-part-05/L1---informatique/6- Loops.pdf	e7e78e8d0e1662bbecffc5abaf7ce3b97badf8e3b5bc75f22fbc2180144ff997	UNCLASSIFIED	UNCLASSIFIED	OTHER	ACADEMIC_YEAR_UNKNOWN	UNKNOWN	TELEGRAM_USER_PROVIDED	LOW	organized/UNCLASSIFIED/Autres/6- Loops.pdf	NEW		pdf_parsed (17p)		general	PLACED_CANONICAL	canonical
L1---informatique-part-06.zip	L1---informatique/sentence type.pdf	extracted/L1---informatique-part-06/L1---informatique/sentence type.pdf	7de100b755d189c90af759bda52cee7d12a6903c68c17d752065fe8b17bf1b99	S1/Anglais-1-TCE-1	S1	OTHER	2019-2020	PUBLIC_UNIVERSITY	TELEGRAM_USER_PROVIDED	HIGH	organized/S1/Anglais-1-TCE-1/Autres/sentence type.pdf	NEW		pdf_parsed (4p)		general	PLACED_CANONICAL	canonical
L1---informatique-part-06.zip	L1---informatique/Quantifiers.pdf	extracted/L1---informatique-part-06/L1---informatique/Quantifiers.pdf	9322986df3068b933136d8f4626b986e24ad8f9b17a31ced9c039f7689b2f5bf	S1/Anglais-1-TCE-1	S1	OTHER	2019-2020	PUBLIC_UNIVERSITY	TELEGRAM_USER_PROVIDED	HIGH	organized/S1/Anglais-1-TCE-1/Autres/Quantifiers.pdf	NEW		pdf_parsed (5p)		general	PLACED_CANONICAL	canonical
L1---informatique-part-06.zip	L1---informatique/English Pronouns.pdf	extracted/L1---informatique-part-06/L1---informatique/English Pronouns.pdf	07c1f2d4854fd801cc8d4096ae941aaaa0aa28f005ced2afb5daaaa120d7fe47	S1/Anglais-1-TCE-1	S1	OTHER	2019-2020	PUBLIC_UNIVERSITY	TELEGRAM_USER_PROVIDED	HIGH	organized/S1/Anglais-1-TCE-1/Autres/English Pronouns.pdf	NEW		pdf_parsed (5p)		grammaire-temps	PLACED_CANONICAL	canonical
L1---informatique-part-06.zip	L1---informatique/articles.pdf	extracted/L1---informatique-part-06/L1---informatique/articles.pdf	ccbab0964632792288722ec2c2133306fd0670b5c56960fa74d07c82ae67dac5	S1/Anglais-1-TCE-1	S1	OTHER	2019-2020	PUBLIC_UNIVERSITY	TELEGRAM_USER_PROVIDED	HIGH	organized/S1/Anglais-1-TCE-1/Autres/articles.pdf	NEW		pdf_parsed (6p)		general	PLACED_CANONICAL	canonical
L1---informatique-part-06.zip	L1---informatique/Adjectives in English.pdf	extracted/L1---informatique-part-06/L1---informatique/Adjectives in English.pdf	71b1e516a23131414ad3afd35ec069aa5d36d405a46df8a8d3880a57d0b86336	S1/Anglais-1-TCE-1	S1	OTHER	2019-2020	PUBLIC_UNIVERSITY	TELEGRAM_USER_PROVIDED	HIGH	organized/S1/Anglais-1-TCE-1/Autres/Adjectives in English.pdf	NEW		pdf_parsed (4p)		general	PLACED_CANONICAL	canonical
L1---informatique-part-06.zip	L1---informatique/Workshop_1_Discovering_Linux_and_Installing_it_in_a_Virtual_Machine.pdf	extracted/L1---informatique-part-06/L1---informatique/Workshop_1_Discovering_Linux_and_Installing_it_in_a_Virtual_Machine.pdf	a966d2839c73b43bb0d6f46c76f99896507073753721718071e259d4a075bcde	S1/Logiciels-libres	S1	TP	ACADEMIC_YEAR_UNKNOWN	UNKNOWN	TELEGRAM_USER_PROVIDED	HIGH	organized/S1/Logiciels-libres/TP/Workshop_1_Discovering_Linux_and_Installing_it_in_a_Virtual_Machine.pdf	NEW		pdf_parsed (4p)		philosophie-du-libre	PLACED_CANONICAL	canonical
L1---informatique-part-06.zip	L1---informatique/The_Difference_Between_Free_Software_and_Open_Source_Software_3.pdf	extracted/L1---informatique-part-06/L1---informatique/The_Difference_Between_Free_Software_and_Open_Source_Software_3.pdf	348e94e35e804ef209720dffc83bd701a00511091aaa4c35455b30e70b753e90	S1/Logiciels-libres	S1	OTHER	ACADEMIC_YEAR_UNKNOWN	UNKNOWN	TELEGRAM_USER_PROVIDED	HIGH	organized/S1/Logiciels-libres/Autres/The_Difference_Between_Free_Software_and_Open_Source_Software_3.pdf	NEW		pdf_parsed (4p)		philosophie-du-libre	PLACED_CANONICAL	canonical
L1---informatique-part-06.zip	L1---informatique/Chapitre 2.pdf	extracted/L1---informatique-part-06/L1---informatique/Chapitre 2.pdf	a70d665b522e4d712d54ddc39ed963790fcc80486472b2df5b292d8ca9acee8c	S1/Logiciels-libres	S1	CHAPTER	ACADEMIC_YEAR_UNKNOWN	PUBLIC_UNIVERSITY	TELEGRAM_USER_PROVIDED	HIGH	organized/S1/Logiciels-libres/Cours/Chapitre 2.pdf	NEW		pdf_parsed (9p)		philosophie-du-libre	PLACED_CANONICAL	canonical
L1---informatique-part-06.zip	L1---informatique/chap1_part3.pdf	extracted/L1---informatique-part-06/L1---informatique/chap1_part3.pdf	76582aa4bf9ada0349f697403b7c28784c1fca3ca487c46159efb393cd001360	S1/Algorithmique-ASD-1	S1	OTHER	ACADEMIC_YEAR_UNKNOWN	PUBLIC_UNIVERSITY	TELEGRAM_USER_PROVIDED	HIGH	organized/S1/Algorithmique-ASD-1/Autres/chap1_part3.pdf	NEW		pdf_parsed (4p)		procédures-fonctions	PLACED_CANONICAL	canonical
L1---informatique-part-06.zip	L1---informatique/2019-2020_Exam_2.pdf	extracted/L1---informatique-part-06/L1---informatique/2019-2020_Exam_2.pdf	2d39eeb3e150e06da654697027f00a67cb83013bbf402a5371dd8f73155c08fb	S1/Algorithmique-ASD-1	S1	EXAM	2019-2020	UNKNOWN	TELEGRAM_USER_PROVIDED	MEDIUM	organized/S1/Algorithmique-ASD-1/Examens/2019-2020_Exam_2.pdf	NEW		pdf_parsed (6p)		tri	PLACED_CANONICAL	canonical
L1---informatique-part-06.zip	L1---informatique/2019-2020_Exam_1.pdf	extracted/L1---informatique-part-06/L1---informatique/2019-2020_Exam_1.pdf	42973bd986b7d37425ae3b7724779354554d9a75ede108829f5ef5a8881ac3b5	S2/Logique-mathematique	S2	EXAM	2019-2020	UNKNOWN	TELEGRAM_USER_PROVIDED	MEDIUM	organized/S2/Logique-mathematique/Examens/2019-2020_Exam_1.pdf	NEW		pdf_parsed (8p)		logique-des-propositions	PLACED_CANONICAL	canonical
L1---informatique-part-06.zip	L1---informatique/2018-2019_Exam_2.pdf	extracted/L1---informatique-part-06/L1---informatique/2018-2019_Exam_2.pdf	dc71f85a70c073d257411d5e4e6e68e52bdf1c9446d8b0c88ed0e179d94275cb	S2/Algebre-2	S2	EXAM	2018-2019	UNKNOWN	TELEGRAM_USER_PROVIDED	MEDIUM	organized/S2/Algebre-2/Examens/2018-2019_Exam_2.pdf	NEW		pdf_parsed (5p)		structures-algébriques	PLACED_CANONICAL	canonical
L1---informatique-part-06.zip	L1---informatique/2018-2019_Exam_1.pdf	extracted/L1---informatique-part-06/L1---informatique/2018-2019_Exam_1.pdf	d7588fb48bddd37d0a024acde756c09dbfd0fe837c63aed57c6e91b8d27f4c73	S2/Logique-mathematique	S2	EXAM	2018-2019	UNKNOWN	TELEGRAM_USER_PROVIDED	HIGH	organized/S2/Logique-mathematique/Examens/2018-2019_Exam_1.pdf	NEW		pdf_parsed (6p)		logique-des-propositions	PLACED_CANONICAL	canonical
L1---informatique-part-06.zip	L1---informatique/2017-2018_Exam_2.pdf	extracted/L1---informatique-part-06/L1---informatique/2017-2018_Exam_2.pdf	af0670a3cc0910f61fb2d319e5afa5c8ef07f1a71c48979f184d60f4a627faf9	S1/Algorithmique-ASD-1	S1	EXAM	2017-2018	UNKNOWN	TELEGRAM_USER_PROVIDED	HIGH	organized/S1/Algorithmique-ASD-1/Examens/2017-2018_Exam_2.pdf	NEW		pdf_parsed (6p)		conditions	PLACED_CANONICAL	canonical
L1---informatique-part-06.zip	L1---informatique/2017-2018_Exam_1.pdf	extracted/L1---informatique-part-06/L1---informatique/2017-2018_Exam_1.pdf	4fb6acf9be728d9ba2cf3d4728a603804d487bf07e8ad8fbfc691bbe9ea53721	S2/Logique-mathematique	S2	EXAM	2017-2018	UNKNOWN	TELEGRAM_USER_PROVIDED	HIGH	organized/S2/Logique-mathematique/Examens/2017-2018_Exam_1.pdf	NEW		pdf_parsed (5p)		logique-des-propositions	PLACED_CANONICAL	canonical
L1---informatique-part-06.zip	L1---informatique/Série 02-converted.pdf	extracted/L1---informatique-part-06/L1---informatique/Série 02-converted.pdf	bcee431253e4bd9ea24a8a9c2fc5fef788c35290f1612eded088bee2ccbaa048	UNCLASSIFIED	UNCLASSIFIED	EXERCISES	ACADEMIC_YEAR_UNKNOWN	PUBLIC_UNIVERSITY	TELEGRAM_USER_PROVIDED	LOW	organized/UNCLASSIFIED/Autres/Série 02-converted.pdf	NEW		pdf_parsed (2p)		general	PLACED_CANONICAL	canonical
L1---informatique-part-06.zip	L1---informatique/Worksheet n01-Logic and Methods of proof.pdf	extracted/L1---informatique-part-06/L1---informatique/Worksheet n01-Logic and Methods of proof.pdf	f6da6ca1f9426439c320064192e1fc4a27a721d4ad19e6701d9d1d7abbd54ffa	S2/Logique-mathematique	S2	OTHER	2025-2026	PUBLIC_UNIVERSITY	TELEGRAM_USER_PROVIDED	HIGH	organized/S2/Logique-mathematique/Autres/Worksheet n01-Logic and Methods of proof.pdf	NEW		pdf_parsed (2p)		logique-des-propositions	PLACED_CANONICAL	canonical
L1---informatique-part-06.zip	L1---informatique/Examen (2023)(Solutions) (1) (1).pdf	extracted/L1---informatique-part-06/L1---informatique/Examen (2023)(Solutions) (1) (1).pdf	e092817a8949be65f9daf85cc821223acec605580d35be76346e2cae88902028	UNCLASSIFIED	UNCLASSIFIED	EXAM_CORRECTION	ACADEMIC_YEAR_UNKNOWN	UNKNOWN	TELEGRAM_USER_PROVIDED	LOW	organized/UNCLASSIFIED/Autres/Examen (2023)(Solutions) (1) (1).pdf	NEW		PDF_NO_TEXT_LAYER (3p)	nombre 4-chiffres nu dans le texte, non retenu comme preuve d'annee	general	PLACED_CANONICAL	canonical of 1 exact duplicates
L1---informatique-part-06.zip	L1---informatique/Examen2 Structure Machine 1 Tlemcen (1).pdf	extracted/L1---informatique-part-06/L1---informatique/Examen2 Structure Machine 1 Tlemcen (1).pdf	024e9bfde0f1b3e5b38d6db35bd796534cf6fbccf66652c13f68929e04524b19	S2/Logique-mathematique	S2	EXAM	ACADEMIC_YEAR_UNKNOWN	PUBLIC_UNIVERSITY	TELEGRAM_USER_PROVIDED	MEDIUM	—	EXACT_DUPLICATE	L1---informatique-part-03.zip/extracted/L1---informatique-part-03/L1---informatique/Examen2 Structure Machine 1 Tlemcen.pdf	pdf_parsed (2p)	nombre 4-chiffres nu dans le texte, non retenu comme preuve d'annee	general	DUPLICATE_NOT_COPIED	canonical copy: organized/S2/Logique-mathematique/Examens/Examen2 Structure Machine 1 Tlemcen.pdf
L1---informatique-part-06.zip	L1---informatique/4_5825412569044621763 (1).pdf	extracted/L1---informatique-part-06/L1---informatique/4_5825412569044621763 (1).pdf	a27e772247ecfbcf7e5b7895da05b3289e500155ff8bac2af69bb71632bf4f48	S1/Structure-de-machine-1	S1	EXERCISES	2021-2022	PUBLIC_UNIVERSITY	TELEGRAM_USER_PROVIDED	HIGH	organized/S1/Structure-de-machine-1/Series/4_5825412569044621763 (1).pdf	NEW		pdf_parsed (6p)		numérations	PLACED_CANONICAL	canonical
L1---informatique-part-06.zip	L1---informatique/Série2_StrM1_2526.pdf	extracted/L1---informatique-part-06/L1---informatique/Série2_StrM1_2526.pdf	ed65620e45ab0ea1110bebae1b3c6e58fc442198e3cccfb8cd9b13795d38e01c	S1/Structure-de-machine-1	S1	EXERCISES	2025-2026	PUBLIC_UNIVERSITY	TELEGRAM_USER_PROVIDED	HIGH	organized/S1/Structure-de-machine-1/Series/Série2_StrM1_2526.pdf	NEW		pdf_parsed (2p)		numérations	PLACED_CANONICAL	canonical
L1---informatique-part-06.zip	L1---informatique/serie1_strm1_24_25.pdf	extracted/L1---informatique-part-06/L1---informatique/serie1_strm1_24_25.pdf	a86e8d9f691adf65e7f0ac1d20e37bfb64a81303418642a18a4c131daf191499	UNCLASSIFIED	UNCLASSIFIED	EXERCISES	2024-2025	PUBLIC_UNIVERSITY	TELEGRAM_USER_PROVIDED	LOW	organized/UNCLASSIFIED/Autres/serie1_strm1_24_25.pdf	NEW		pdf_parsed (2p)		general	PLACED_CANONICAL	canonical
L1---informatique-part-06.zip	L1---informatique/EXAM CRI 2017 01.pdf	extracted/L1---informatique-part-06/L1---informatique/EXAM CRI 2017 01.pdf	e5b2530b2f35148844cb2fe138a7aae030a85b8aaca866fcc8713fcf035d760f	S1/Structure-de-machine-1	S1	LECTURE	ACADEMIC_YEAR_UNKNOWN	PUBLIC_UNIVERSITY	TELEGRAM_USER_PROVIDED	HIGH	organized/S1/Structure-de-machine-1/Cours/EXAM CRI 2017 01.pdf	NEW		pdf_parsed (2p)	nombre 4-chiffres nu dans le texte, non retenu comme preuve d'annee	numérations	PLACED_CANONICAL	canonical
L1---informatique-part-06.zip	L1---informatique/Algebra chapter 2.pdf	extracted/L1---informatique-part-06/L1---informatique/Algebra chapter 2.pdf	f5004465e67de1af14194e1975fb1d13f34a9ac98f47043d26b59a482a5ce707	S1/Algorithmique-ASD-1	S1	CHAPTER	ACADEMIC_YEAR_UNKNOWN	UNKNOWN	TELEGRAM_USER_PROVIDED	HIGH	organized/S1/Algorithmique-ASD-1/Cours/Algebra chapter 2.pdf	NEW		pdf_parsed (14p)		general	PLACED_CANONICAL	canonical
L1---informatique-part-06.zip	L1---informatique/analyse epreuve S1, annee   2020-2021.pdf	extracted/L1---informatique-part-06/L1---informatique/analyse epreuve S1, annee   2020-2021.pdf	21b62b1e07e0412e08df8924a411506e842a2e5d6511120abeaeb0e7d4285940	S1/Analyse-1	S1	EXAM	2020-2021	UNKNOWN	TELEGRAM_USER_PROVIDED	MEDIUM	organized/S1/Analyse-1/Examens/analyse epreuve S1, annee   2020-2021.pdf	NEW		pdf_parsed (1p)		continuité	PLACED_CANONICAL	canonical
L1---informatique-part-06.zip	L1---informatique/EF1 corrigé 2019-2020.pdf	extracted/L1---informatique-part-06/L1---informatique/EF1 corrigé 2019-2020.pdf	647060a14b14c27577006009d875496d3b3a222c92a44f09ce7c3c94c50f8313	S1/Analyse-1	S1	EXAM_CORRECTION	2019-2020	UNKNOWN	TELEGRAM_USER_PROVIDED	HIGH	organized/S1/Analyse-1/Corriges/EF1 corrigé 2019-2020.pdf	NEW		pdf_parsed (6p)		nombres-réels	PLACED_CANONICAL	canonical
L1---informatique-part-06.zip	L1---informatique/Worksheet n01-Logic 2025-2026.pdf	extracted/L1---informatique-part-06/L1---informatique/Worksheet n01-Logic 2025-2026.pdf	14825134b3f9c1915c028c488f2f5befc31b16981ebdc922ef40018d61f37df3	S2/Logique-mathematique	S2	OTHER	2025-2026	PUBLIC_UNIVERSITY	TELEGRAM_USER_PROVIDED	HIGH	organized/S2/Logique-mathematique/Autres/Worksheet n01-Logic 2025-2026.pdf	NEW		pdf_parsed (2p)		logique-des-propositions	PLACED_CANONICAL	canonical
L1---informatique-part-06.zip	L1---informatique/td2 algebre.pdf	extracted/L1---informatique-part-06/L1---informatique/td2 algebre.pdf	ffecb437b879ba7a560f6610a6077fa77238e477e3d22ab1d6c375983b555bbb	UNCLASSIFIED	UNCLASSIFIED	OTHER	ACADEMIC_YEAR_UNKNOWN	UNKNOWN	TELEGRAM_USER_PROVIDED	LOW	organized/UNCLASSIFIED/Autres/td2 algebre.pdf	NEW		PDF_NO_TEXT_LAYER (2p)		general	PLACED_CANONICAL	canonical
L1---informatique-part-06.zip	L1---informatique/Fiche de TD2_92994ecd74ee19258c8d7681541971aa.pdf	extracted/L1---informatique-part-06/L1---informatique/Fiche de TD2_92994ecd74ee19258c8d7681541971aa.pdf	36ac8a1d2ab20658eac538616ad113b952a43edec5987674755d7a616d45fc69	S1/Algorithmique-ASD-1	S1	TD	2023-2024	PUBLIC_UNIVERSITY	TELEGRAM_USER_PROVIDED	HIGH	organized/S1/Algorithmique-ASD-1/TD/Fiche de TD2_92994ecd74ee19258c8d7681541971aa.pdf	NEW		pdf_parsed (1p)		conditions	PLACED_CANONICAL	canonical
L1---informatique-part-06.zip	L1---informatique/algebra 1 exam info_lmd_saad dahleb.pdf	extracted/L1---informatique-part-06/L1---informatique/algebra 1 exam info_lmd_saad dahleb.pdf	b9b7878268dccaa069b0e9f17237bfe0e8e599db6864adf918d5d6569206931e	UNCLASSIFIED	UNCLASSIFIED	OTHER	ACADEMIC_YEAR_UNKNOWN	UNKNOWN	TELEGRAM_USER_PROVIDED	LOW	organized/UNCLASSIFIED/Autres/algebra 1 exam info_lmd_saad dahleb.pdf	NEW		PDF_NO_TEXT_LAYER (1p)		general	PLACED_CANONICAL	canonical
L1---informatique-part-06.zip	L1---informatique/TD1-SM.pdf	extracted/L1---informatique-part-06/L1---informatique/TD1-SM.pdf	40e257976f8a69c156328e4f865ea651b9f472f97952ca25eea40eb3515f407e	S1/Structure-de-machine-1	S1	EXERCISES	2025-2026	PUBLIC_UNIVERSITY	TELEGRAM_USER_PROVIDED	HIGH	organized/S1/Structure-de-machine-1/Series/TD1-SM.pdf	NEW		pdf_parsed (2p)		numérations	PLACED_CANONICAL	canonical
L1---informatique-part-06.zip	L1---informatique/SM TD1 - prof Ounnaci.pdf	extracted/L1---informatique-part-06/L1---informatique/SM TD1 - prof Ounnaci.pdf	1108671ead8a0e09b78ae6c8684a09514636d7822104f31e9a513c6ec582ce1c	S1/Structure-de-machine-1	S1	OTHER	ACADEMIC_YEAR_UNKNOWN	UNKNOWN	TELEGRAM_USER_PROVIDED	HIGH	organized/S1/Structure-de-machine-1/Autres/SM TD1 - prof Ounnaci.pdf	NEW		pdf_parsed (1p)	nombre 4-chiffres nu dans le texte, non retenu comme preuve d'annee	numérations	PLACED_CANONICAL	canonical
L1---informatique-part-06.zip	L1---informatique/Examen4 Structure Machine 1 (2).pdf	extracted/L1---informatique-part-06/L1---informatique/Examen4 Structure Machine 1 (2).pdf	1bc616da8fff1c86cdb0a286d746eacc3387eb85537aa911fa0b5afd43e76dc8	S2/Structure-de-machine-2	S2	EXAM_CORRECTION	ACADEMIC_YEAR_UNKNOWN	UNKNOWN	TELEGRAM_USER_PROVIDED	MEDIUM	organized/S2/Structure-de-machine-2/Corriges/Examen4 Structure Machine 1 (2).pdf	NEW		pdf_parsed (4p)	nombre 4-chiffres nu dans le texte, non retenu comme preuve d'annee; pair-correction: organized/S2/Structure-de-machine-2/Corriges/Examen9 Structure Machine  (1).pdf	general	PLACED_CANONICAL	canonical of 2 exact duplicates
L1---informatique-part-06.zip	L1---informatique/Exam.pdf	extracted/L1---informatique-part-06/L1---informatique/Exam.pdf	19f8e380c2db632793b9a4d86b6969352af282f5f95b2360ffd74f7d6d96c62d	UNCLASSIFIED	UNCLASSIFIED	OTHER	ACADEMIC_YEAR_UNKNOWN	UNKNOWN	TELEGRAM_USER_PROVIDED	LOW	organized/UNCLASSIFIED/Autres/Exam.pdf	NEW		PDF_NO_TEXT_LAYER (3p)		general	PLACED_CANONICAL	canonical
L1---informatique-part-06.zip	L1---informatique/Examen (2023)(Solutions) (1).pdf	extracted/L1---informatique-part-06/L1---informatique/Examen (2023)(Solutions) (1).pdf	e092817a8949be65f9daf85cc821223acec605580d35be76346e2cae88902028	UNCLASSIFIED	UNCLASSIFIED	EXAM_CORRECTION	ACADEMIC_YEAR_UNKNOWN	UNKNOWN	TELEGRAM_USER_PROVIDED	LOW	—	EXACT_DUPLICATE	L1---informatique-part-06.zip/extracted/L1---informatique-part-06/L1---informatique/Examen (2023)(Solutions) (1) (1).pdf	PDF_NO_TEXT_LAYER (3p)	nombre 4-chiffres nu dans le texte, non retenu comme preuve d'annee	general	DUPLICATE_NOT_COPIED	canonical copy: organized/UNCLASSIFIED/Autres/Examen (2023)(Solutions) (1) (1).pdf
L1---informatique-part-06.zip	L1---informatique/TD2 AB en_37f64c7abdec17d6410d6b648b6e1dbc (1).pdf	extracted/L1---informatique-part-06/L1---informatique/TD2 AB en_37f64c7abdec17d6410d6b648b6e1dbc (1).pdf	e9b4ebbcb9fa46c9154736ff422f17fe265b4c292234b57e18ca26c13c73f91f	UNCLASSIFIED	UNCLASSIFIED	OTHER	2023-2024	UNKNOWN	TELEGRAM_USER_PROVIDED	LOW	organized/UNCLASSIFIED/Autres/TD2 AB en_37f64c7abdec17d6410d6b648b6e1dbc (1).pdf	NEW		pdf_parsed (1p)		general	PLACED_CANONICAL	canonical
L1---informatique-part-06.zip	L1---informatique/TD1 AB en_e3b638955847862e8392cc6aff186678 (1).pdf	extracted/L1---informatique-part-06/L1---informatique/TD1 AB en_e3b638955847862e8392cc6aff186678 (1).pdf	46f079c21f43bbfee2f8d30d22f7d96de3c8f309299e9e52211b3e1f8b9fcd7e	UNCLASSIFIED	UNCLASSIFIED	OTHER	2023-2024	UNKNOWN	TELEGRAM_USER_PROVIDED	LOW	organized/UNCLASSIFIED/Autres/TD1 AB en_e3b638955847862e8392cc6aff186678 (1).pdf	NEW		pdf_parsed (2p)		general	PLACED_CANONICAL	canonical
L1---informatique-part-06.zip	L1---informatique/série supplémentaire  (1).pdf	extracted/L1---informatique-part-06/L1---informatique/série supplémentaire  (1).pdf	9e3f91b2583c4c80f5e32ecd0ba6be77cdf84818dab24044f22cebd1a9e5dd89	S1/Algorithmique-ASD-1	S1	EXERCISES	ACADEMIC_YEAR_UNKNOWN	UNKNOWN	TELEGRAM_USER_PROVIDED	LOW	organized/S1/Algorithmique-ASD-1/Series/série supplémentaire  (1).pdf	NEW		PDF_NO_TEXT_LAYER (1p)		general	PLACED_CANONICAL	canonical
L1---informatique-part-06.zip	L1---informatique/Examen4 Structure Machine 1 (1).pdf	extracted/L1---informatique-part-06/L1---informatique/Examen4 Structure Machine 1 (1).pdf	1bc616da8fff1c86cdb0a286d746eacc3387eb85537aa911fa0b5afd43e76dc8	S2/Structure-de-machine-2	S2	EXAM_CORRECTION	ACADEMIC_YEAR_UNKNOWN	UNKNOWN	TELEGRAM_USER_PROVIDED	MEDIUM	—	EXACT_DUPLICATE	L1---informatique-part-06.zip/extracted/L1---informatique-part-06/L1---informatique/Examen4 Structure Machine 1 (2).pdf	pdf_parsed (4p)	nombre 4-chiffres nu dans le texte, non retenu comme preuve d'annee	general	DUPLICATE_NOT_COPIED	canonical copy: organized/S2/Structure-de-machine-2/Corriges/Examen4 Structure Machine 1 (2).pdf
L1---informatique-part-06.zip	L1---informatique/Examen4 Structure Machine 1.pdf	extracted/L1---informatique-part-06/L1---informatique/Examen4 Structure Machine 1.pdf	1bc616da8fff1c86cdb0a286d746eacc3387eb85537aa911fa0b5afd43e76dc8	S2/Structure-de-machine-2	S2	EXAM_CORRECTION	ACADEMIC_YEAR_UNKNOWN	UNKNOWN	TELEGRAM_USER_PROVIDED	MEDIUM	—	EXACT_DUPLICATE	L1---informatique-part-06.zip/extracted/L1---informatique-part-06/L1---informatique/Examen4 Structure Machine 1 (2).pdf	pdf_parsed (4p)	nombre 4-chiffres nu dans le texte, non retenu comme preuve d'annee	general	DUPLICATE_NOT_COPIED	canonical copy: organized/S2/Structure-de-machine-2/Corriges/Examen4 Structure Machine 1 (2).pdf
L1---informatique-part-06.zip	L1---informatique/Examen d'analyse1 avec corrigé 2021 (2).pdf	extracted/L1---informatique-part-06/L1---informatique/Examen d'analyse1 avec corrigé 2021 (2).pdf	d035148672aeec1669319fcdc687555e64df91f8e52c6d213e32c72273a6930b	S1/Analyse-1	S1	EXAM_CORRECTION	ACADEMIC_YEAR_UNKNOWN	PUBLIC_UNIVERSITY	TELEGRAM_USER_PROVIDED	HIGH	organized/S1/Analyse-1/Corriges/Examen d'analyse1 avec corrigé 2021 (2).pdf	NEW		pdf_parsed (6p)	nombre 4-chiffres nu dans le texte, non retenu comme preuve d'annee	limites	PLACED_CANONICAL	canonical of 3 exact duplicates
L1---informatique-part-06.zip	L1---informatique/Correction Of Analyse 1.pdf	extracted/L1---informatique-part-06/L1---informatique/Correction Of Analyse 1.pdf	80bc813b1a118d09e5d864459035c4475f723c31220c9b04764fa15c0abb0880	S1/Analyse-1	S1	OTHER	2024-2025	PUBLIC_UNIVERSITY	TELEGRAM_USER_PROVIDED	HIGH	organized/S1/Analyse-1/Autres/Correction Of Analyse 1.pdf	NEW		pdf_parsed (7p)		general	PLACED_CANONICAL	canonical
L1---informatique-part-06.zip	L1---informatique/correction série N°1.pdf	extracted/L1---informatique-part-06/L1---informatique/correction série N°1.pdf	c345dc9957addd965dbff9a13e59781017be9fa18a2eed6cb68a164469615195	UNCLASSIFIED	UNCLASSIFIED	EXERCISES	2023-2024	PUBLIC_UNIVERSITY	TELEGRAM_USER_PROVIDED	LOW	organized/UNCLASSIFIED/Autres/correction série N°1.pdf	NEW		pdf_parsed (11p)		general	PLACED_CANONICAL	canonical
L1---informatique-part-06.zip	L1---informatique/4-Suites numeriques.pdf	extracted/L1---informatique-part-06/L1---informatique/4-Suites numeriques.pdf	4de5b45f1de1705384c63565de3bfc563f3b9ad959635962631d5dbef41097bf	S1/Analyse-1	S1	OTHER	ACADEMIC_YEAR_UNKNOWN	PUBLIC_UNIVERSITY	TELEGRAM_USER_PROVIDED	HIGH	organized/S1/Analyse-1/Autres/4-Suites numeriques.pdf	NEW		pdf_parsed (11p)		suites	PLACED_CANONICAL	canonical
L1---informatique-part-06.zip	L1---informatique/Analyse 1.pdf	extracted/L1---informatique-part-06/L1---informatique/Analyse 1.pdf	6283d846bbcd1a55479d9407c6b72a331181c8bd0178de5583533c7d16e34c35	S1/Analyse-1	S1	CHAPTER	ACADEMIC_YEAR_UNKNOWN	UNKNOWN	TELEGRAM_USER_PROVIDED	MEDIUM	organized/S1/Analyse-1/Cours/Analyse 1.pdf	NEW		pdf_parsed (15p)	contradiction nom/contenu (contenu->S2/Logique-mathematique)	general	PLACED_CANONICAL	canonical
L1---informatique-part-06.zip	L1---informatique/Série TD2 ASD.pdf	extracted/L1---informatique-part-06/L1---informatique/Série TD2 ASD.pdf	ae504dbdcbd5406dd3a3028b94f2017fe9b2f2d2962e97ec9b8c82ee3748d790	S1/Algorithmique-ASD-1	S1	TD	ACADEMIC_YEAR_UNKNOWN	PUBLIC_UNIVERSITY	TELEGRAM_USER_PROVIDED	HIGH	organized/S1/Algorithmique-ASD-1/TD/Série TD2 ASD.pdf	NEW		pdf_parsed (9p)		conditions	PLACED_CANONICAL	canonical
L1---informatique-part-06.zip	L1---informatique/2022-2023 ELTD Corrig-.pdf	extracted/L1---informatique-part-06/L1---informatique/2022-2023 ELTD Corrig-.pdf	52d46dcf7ce33e80f9b5bc936df51ec4576c47e957e1ee4a743f93fd9464d6a5	S2/ASD-2	S2	CORRECTION	2022-2023	UNKNOWN	TELEGRAM_USER_PROVIDED	HIGH	organized/S2/ASD-2/Corriges/2022-2023 ELTD Corrig-.pdf	NEW		pdf_parsed (3p)		langage-C	PLACED_CANONICAL	canonical
L1---informatique-part-06.zip	L1---informatique/Sol_Tab_UNIV.pdf	extracted/L1---informatique-part-06/L1---informatique/Sol_Tab_UNIV.pdf	759715af2c589facef95122991a05b15eb11123f9979f5143ab2cbfe0c6f5c32	S1/Algorithmique-ASD-1	S1	EXERCISES	ACADEMIC_YEAR_UNKNOWN	PUBLIC_UNIVERSITY	TELEGRAM_USER_PROVIDED	MEDIUM	organized/S1/Algorithmique-ASD-1/Series/Sol_Tab_UNIV.pdf	NEW		pdf_parsed (6p)		tableaux	PLACED_CANONICAL	canonical
L1---informatique-part-06.zip	L1---informatique/Feuille de réponse examen + solution.pdf	extracted/L1---informatique-part-06/L1---informatique/Feuille de réponse examen + solution.pdf	0b7bac2de1f8d4690a9c94f35ecf3eb29b2f1efbc70bef986ad3b5104ac727b3	UNCLASSIFIED	UNCLASSIFIED	EXAM	ACADEMIC_YEAR_UNKNOWN	UNKNOWN	TELEGRAM_USER_PROVIDED	LOW	organized/UNCLASSIFIED/Autres/Feuille de réponse examen + solution.pdf	NEW		pdf_parsed (6p)		general	PLACED_CANONICAL	canonical
L1---informatique-part-06.zip	L1---informatique/2025_2026 Interrogation_7042c3f95e0218b212fe606df0ca3fa7.pdf	extracted/L1---informatique-part-06/L1---informatique/2025_2026 Interrogation_7042c3f95e0218b212fe606df0ca3fa7.pdf	aa24e21f3385bdf53fc3135f45ef326ccfa0c67d3b03378cf2c3260aa5dc5dbc	S2/ASD-2	S2	TD	2025-2026	UNKNOWN	TELEGRAM_USER_PROVIDED	MEDIUM	organized/S2/ASD-2/TD/2025_2026 Interrogation_7042c3f95e0218b212fe606df0ca3fa7.pdf	NEW		pdf_parsed (2p)		general	PLACED_CANONICAL	canonical
L1---informatique-part-06.zip	L1---informatique/Solution Interogation Decembre 2018 - SB (1).pdf	extracted/L1---informatique-part-06/L1---informatique/Solution Interogation Decembre 2018 - SB (1).pdf	1c6107e3eb45286a16a67f27eec14d2b60ded5af40c6ee0a2a201806795ed471	S1/Algorithmique-ASD-1	S1	OTHER	ACADEMIC_YEAR_UNKNOWN	UNKNOWN	TELEGRAM_USER_PROVIDED	HIGH	organized/S1/Algorithmique-ASD-1/Autres/Solution Interogation Decembre 2018 - SB (1).pdf	NEW		pdf_parsed (2p)	nombre 4-chiffres nu dans le texte, non retenu comme preuve d'annee	fondamentaux	PLACED_CANONICAL	canonical of 3 exact duplicates
L1---informatique-part-06.zip	L1---informatique/Interogation Janvier 2020 (sujet 2)v1.pdf	extracted/L1---informatique-part-06/L1---informatique/Interogation Janvier 2020 (sujet 2)v1.pdf	b1f56bc17f79193320898aa6560fd92e561c72a7ce1f2bf0a472c88443fbdc0a	S1/Algorithmique-ASD-1	S1	OTHER	ACADEMIC_YEAR_UNKNOWN	UNKNOWN	TELEGRAM_USER_PROVIDED	HIGH	organized/S1/Algorithmique-ASD-1/Autres/Interogation Janvier 2020 (sujet 2)v1.pdf	NEW		pdf_parsed (4p)	nombre 4-chiffres nu dans le texte, non retenu comme preuve d'annee	tableaux	PLACED_CANONICAL	canonical of 1 exact duplicates
L1---informatique-part-06.zip	L1---informatique/Interogation Janvier 2020 (sujet 1)v1.pdf	extracted/L1---informatique-part-06/L1---informatique/Interogation Janvier 2020 (sujet 1)v1.pdf	ba9c26563ba88a3be12639397cbaeb1cec3d9d2ef6bb825d84cab4030eb324f9	S1/Algorithmique-ASD-1	S1	OTHER	ACADEMIC_YEAR_UNKNOWN	UNKNOWN	TELEGRAM_USER_PROVIDED	HIGH	organized/S1/Algorithmique-ASD-1/Autres/Interogation Janvier 2020 (sujet 1)v1.pdf	NEW		pdf_parsed (4p)	nombre 4-chiffres nu dans le texte, non retenu comme preuve d'annee	tableaux	PLACED_CANONICAL	canonical of 1 exact duplicates
L1---informatique-part-06.zip	L1---informatique/Fiches de TD-ASD1.pdf	extracted/L1---informatique-part-06/L1---informatique/Fiches de TD-ASD1.pdf	2b8f2a3beeb5380ea2653226889bc38cc2c5dd7fdbaadb27ebc44fef883f7d89	S1/Algorithmique-ASD-1	S1	TD	ACADEMIC_YEAR_UNKNOWN	PUBLIC_UNIVERSITY	TELEGRAM_USER_PROVIDED	HIGH	organized/S1/Algorithmique-ASD-1/TD/Fiches de TD-ASD1.pdf	NEW		pdf_parsed (9p)		tri	PLACED_CANONICAL	canonical
L1---informatique-part-06.zip	L1---informatique/Set-5 Arrays.pdf	extracted/L1---informatique-part-06/L1---informatique/Set-5 Arrays.pdf	bec48e1010b00712ffd7261995c2badc95c986b993584434f447e793163701a6	S2/Algebre-2	S2	OTHER	ACADEMIC_YEAR_UNKNOWN	PUBLIC_UNIVERSITY	TELEGRAM_USER_PROVIDED	LOW	organized/S2/Algebre-2/Autres/Set-5 Arrays.pdf	NEW		pdf_parsed (2p)		general	PLACED_CANONICAL	canonical
L1---informatique-part-06.zip	L1---informatique/8- Strings.pdf	extracted/L1---informatique-part-06/L1---informatique/8- Strings.pdf	c806fc11eb66cf1f2bb866bd1a9dedf277a20664391427bcbab2d07e61483efa	UNCLASSIFIED	UNCLASSIFIED	OTHER	ACADEMIC_YEAR_UNKNOWN	UNKNOWN	TELEGRAM_USER_PROVIDED	LOW	organized/UNCLASSIFIED/Autres/8- Strings.pdf	NEW		pdf_parsed (5p)		general	PLACED_CANONICAL	canonical
L1---informatique-part-06.zip	L1---informatique/Corrigé math1 st Lmd usthb 20242025.pdf	extracted/L1---informatique-part-06/L1---informatique/Corrigé math1 st Lmd usthb 20242025.pdf	3a8074cf0f07f1ba4cb9ac3e2046015008315c51fcea7941e7ad366f31e4bb46	S1/Analyse-1	S1	EXAM_CORRECTION	2024-2025	PUBLIC_UNIVERSITY	TELEGRAM_USER_PROVIDED	HIGH	organized/S1/Analyse-1/Corriges/Corrigé math1 st Lmd usthb 20242025.pdf	NEW		pdf_parsed (4p)		general	PLACED_CANONICAL	canonical
L1---informatique-part-06.zip	L1---informatique/Examen8 Analyse 1 MI-L1.pdf	extracted/L1---informatique-part-06/L1---informatique/Examen8 Analyse 1 MI-L1.pdf	18156df5807f8dac0af320ef8c95f4909cc03b973e370f58dbf6bbeae662a1d0	S1/Analyse-1	S1	EXAM	ACADEMIC_YEAR_UNKNOWN	UNKNOWN	TELEGRAM_USER_PROVIDED	HIGH	organized/S1/Analyse-1/Examens/Examen8 Analyse 1 MI-L1.pdf	NEW		PDF_NO_TEXT_LAYER (4p)		general	PLACED_CANONICAL	canonical of 1 exact duplicates
L1---informatique-part-06.zip	L1---informatique/Analyse 1-TD3.pdf	extracted/L1---informatique-part-06/L1---informatique/Analyse 1-TD3.pdf	5fa67dff4148b28fc86e139862db8a9dadb590d8a2fc51fd126c096b478ec9c9	S1/Analyse-1	S1	OTHER	ACADEMIC_YEAR_UNKNOWN	UNKNOWN	TELEGRAM_USER_PROVIDED	HIGH	organized/S1/Analyse-1/Autres/Analyse 1-TD3.pdf	NEW		PDF_NO_TEXT_LAYER (2p)		general	PLACED_CANONICAL	canonical
L1---informatique-part-06.zip	L1---informatique/Examen d'analyse1 avec corrigé 2021 (1).pdf	extracted/L1---informatique-part-06/L1---informatique/Examen d'analyse1 avec corrigé 2021 (1).pdf	d035148672aeec1669319fcdc687555e64df91f8e52c6d213e32c72273a6930b	S1/Analyse-1	S1	EXAM_CORRECTION	ACADEMIC_YEAR_UNKNOWN	PUBLIC_UNIVERSITY	TELEGRAM_USER_PROVIDED	HIGH	—	EXACT_DUPLICATE	L1---informatique-part-06.zip/extracted/L1---informatique-part-06/L1---informatique/Examen d'analyse1 avec corrigé 2021 (2).pdf	pdf_parsed (6p)	nombre 4-chiffres nu dans le texte, non retenu comme preuve d'annee	limites	DUPLICATE_NOT_COPIED	canonical copy: organized/S1/Analyse-1/Corriges/Examen d'analyse1 avec corrigé 2021 (2).pdf
L1---informatique-part-06.zip	L1---informatique/TD2.pdf	extracted/L1---informatique-part-06/L1---informatique/TD2.pdf	1a45396f557cf83e76e9cd7b6c27cf026e6b131dff63087ed89c39dece4833be	UNCLASSIFIED	UNCLASSIFIED	EXERCISES	ACADEMIC_YEAR_UNKNOWN	PUBLIC_UNIVERSITY	TELEGRAM_USER_PROVIDED	LOW	organized/UNCLASSIFIED/Autres/TD2.pdf	NEW		pdf_parsed (1p)		general	PLACED_CANONICAL	canonical
L1---informatique-part-06.zip	L1---informatique/analysis_1-chapter_01.pdf	extracted/L1---informatique-part-06/L1---informatique/analysis_1-chapter_01.pdf	7493168e963961628c97e4c11f225fbabd73ed2f243ceb0ec4d0d1753ae2af20	S1/Analyse-1	S1	CHAPTER	2024-2025	PUBLIC_UNIVERSITY	TELEGRAM_USER_PROVIDED	HIGH	organized/S1/Analyse-1/Cours/analysis_1-chapter_01.pdf	NEW		pdf_parsed (6p)		general	PLACED_CANONICAL	canonical
L1---informatique-part-06.zip	L1---informatique/Analyse_1____Exam_Summary (1).pdf	extracted/L1---informatique-part-06/L1---informatique/Analyse_1____Exam_Summary (1).pdf	4571426ffadbb299011c630fd6a0fac1e165d2bdf7e43533e85703b9401f1a8d	S1/Analyse-1	S1	SUMMARY	ACADEMIC_YEAR_UNKNOWN	UNKNOWN	TELEGRAM_USER_PROVIDED	MEDIUM	organized/S1/Analyse-1/Revisions/Analyse_1____Exam_Summary (1).pdf	NEW		pdf_parsed (13p)		general	PLACED_CANONICAL	canonical of 1 exact duplicates
L1---informatique-part-06.zip	L1---informatique/2-Nombres complexes.pdf	extracted/L1---informatique-part-06/L1---informatique/2-Nombres complexes.pdf	eea16c71ec5930b0510d855ccb12b3f435e1eed6663bd214bf59520d0e74ea11	S1/Analyse-1	S1	OTHER	ACADEMIC_YEAR_UNKNOWN	PUBLIC_UNIVERSITY	TELEGRAM_USER_PROVIDED	MEDIUM	organized/S1/Analyse-1/Autres/2-Nombres complexes.pdf	NEW		pdf_parsed (11p)		general	PLACED_CANONICAL	canonical
L1---informatique-part-06.zip	L1---informatique/1-Nombres Reels.pdf	extracted/L1---informatique-part-06/L1---informatique/1-Nombres Reels.pdf	873d66b829d1199089f743772d9701aa29130986696ef52b4f2d2cedfee67789	S1/Analyse-1	S1	OTHER	ACADEMIC_YEAR_UNKNOWN	PUBLIC_UNIVERSITY	TELEGRAM_USER_PROVIDED	MEDIUM	organized/S1/Analyse-1/Autres/1-Nombres Reels.pdf	NEW		pdf_parsed (10p)		nombres-réels	PLACED_CANONICAL	canonical
L1---informatique-part-06.zip	L1---informatique/Résumé fonctions usuelles.pdf	extracted/L1---informatique-part-06/L1---informatique/Résumé fonctions usuelles.pdf	02002cbf7d2b3ec49fbbafb6023fe0f0f0f2486d97dd38f6acc18ccdf5efb724	UNCLASSIFIED	UNCLASSIFIED	SUMMARY	ACADEMIC_YEAR_UNKNOWN	UNKNOWN	TELEGRAM_USER_PROVIDED	LOW	organized/UNCLASSIFIED/Autres/Résumé fonctions usuelles.pdf	NEW		PDF_NO_TEXT_LAYER (1p)		general	PLACED_CANONICAL	canonical
L1---informatique-part-06.zip	L1---informatique/2024-2025 ELTD (2).pdf	extracted/L1---informatique-part-06/L1---informatique/2024-2025 ELTD (2).pdf	67690be99316f79475fbe93113e4ce6fa751ef02001d369bc2e68955c7a95c90	S1/Algorithmique-ASD-1	S1	OTHER	2024-2025	PUBLIC_UNIVERSITY	TELEGRAM_USER_PROVIDED	HIGH	organized/S1/Algorithmique-ASD-1/Autres/2024-2025 ELTD (2).pdf	NEW		pdf_parsed (1p)		fondamentaux	PLACED_CANONICAL	canonical of 2 exact duplicates
L1---informatique-part-06.zip	L1---informatique/0727-algorithmique-programmation.pdf	extracted/L1---informatique-part-06/L1---informatique/0727-algorithmique-programmation.pdf	0f61ffdb2dedf19b37da0eed4ac85d7c0c1f4b9623a7a0fadb6e79cc1b5025e0	S1/Algorithmique-ASD-1	S1	REFERENCE	ACADEMIC_YEAR_UNKNOWN	UNKNOWN	TELEGRAM_USER_PROVIDED	HIGH	organized/S1/Algorithmique-ASD-1/Supports/0727-algorithmique-programmation.pdf	NEW		pdf_parsed (26p)	nombre 4-chiffres nu dans le texte, non retenu comme preuve d'annee	fondamentaux	PLACED_CANONICAL	canonical
L1---informatique-part-06.zip	L1---informatique/2024-2025 ELTD (1).pdf	extracted/L1---informatique-part-06/L1---informatique/2024-2025 ELTD (1).pdf	67690be99316f79475fbe93113e4ce6fa751ef02001d369bc2e68955c7a95c90	S1/Algorithmique-ASD-1	S1	OTHER	2024-2025	PUBLIC_UNIVERSITY	TELEGRAM_USER_PROVIDED	HIGH	—	EXACT_DUPLICATE	L1---informatique-part-06.zip/extracted/L1---informatique-part-06/L1---informatique/2024-2025 ELTD (2).pdf	pdf_parsed (1p)		fondamentaux	DUPLICATE_NOT_COPIED	canonical copy: organized/S1/Algorithmique-ASD-1/Autres/2024-2025 ELTD (2).pdf
L1---informatique-part-06.zip	L1---informatique/Solution Interogation Decembre 2018 - SB (1) (1).pdf	extracted/L1---informatique-part-06/L1---informatique/Solution Interogation Decembre 2018 - SB (1) (1).pdf	1c6107e3eb45286a16a67f27eec14d2b60ded5af40c6ee0a2a201806795ed471	S1/Algorithmique-ASD-1	S1	OTHER	ACADEMIC_YEAR_UNKNOWN	UNKNOWN	TELEGRAM_USER_PROVIDED	HIGH	—	EXACT_DUPLICATE	L1---informatique-part-06.zip/extracted/L1---informatique-part-06/L1---informatique/Solution Interogation Decembre 2018 - SB (1).pdf	pdf_parsed (2p)	nombre 4-chiffres nu dans le texte, non retenu comme preuve d'annee	fondamentaux	DUPLICATE_NOT_COPIED	canonical copy: organized/S1/Algorithmique-ASD-1/Autres/Solution Interogation Decembre 2018 - SB (1).pdf
L1---informatique-part-06.zip	L1---informatique/QCM_C (1).pdf	extracted/L1---informatique-part-06/L1---informatique/QCM_C (1).pdf	e760fe8bbcea9792d65cc270b39e649810ca935386a57241a59b11f3b1d81c8d	S1/Algorithmique-ASD-1	S1	OTHER	ACADEMIC_YEAR_UNKNOWN	UNKNOWN	TELEGRAM_USER_PROVIDED	HIGH	organized/S1/Algorithmique-ASD-1/Autres/QCM_C (1).pdf	NEW		pdf_parsed (6p)		fondamentaux	PLACED_CANONICAL	canonical
L1---informatique-part-06.zip	L1---informatique/Cours Pascal.pdf	extracted/L1---informatique-part-06/L1---informatique/Cours Pascal.pdf	9a43fe1005cb9eb6ab5789c267741a57ca479cc9e9f4213e51652219e6e334b3	S1/Algorithmique-ASD-1	S1	COURSE	ACADEMIC_YEAR_UNKNOWN	UNKNOWN	TELEGRAM_USER_PROVIDED	HIGH	organized/S1/Algorithmique-ASD-1/Cours/Cours Pascal.pdf	NEW		pdf_parsed (62p)	nombre 4-chiffres nu dans le texte, non retenu comme preuve d'annee	fondamentaux	PLACED_CANONICAL	canonical
L1---informatique-part-06.zip	L1---informatique/Examen8_Analyse_1_MI-L1.pdf	extracted/L1---informatique-part-06/L1---informatique/Examen8_Analyse_1_MI-L1.pdf	18156df5807f8dac0af320ef8c95f4909cc03b973e370f58dbf6bbeae662a1d0	UNCLASSIFIED	UNCLASSIFIED	EXAM	ACADEMIC_YEAR_UNKNOWN	UNKNOWN	TELEGRAM_USER_PROVIDED	LOW	—	EXACT_DUPLICATE	L1---informatique-part-06.zip/extracted/L1---informatique-part-06/L1---informatique/Examen8 Analyse 1 MI-L1.pdf	PDF_NO_TEXT_LAYER (4p)		general	DUPLICATE_NOT_COPIED	canonical copy: organized/S1/Analyse-1/Examens/Examen8 Analyse 1 MI-L1.pdf
L1---informatique-part-06.zip	L1---informatique/Examen 9 analyse 1+ solution.PDF	extracted/L1---informatique-part-06/L1---informatique/Examen 9 analyse 1+ solution.PDF	4682e7c9855c7d288895ffe526f28feccdb2c040bd80b4dd7a486314c4f64576	S1/Analyse-1	S1	EXAM	ACADEMIC_YEAR_UNKNOWN	UNKNOWN	TELEGRAM_USER_PROVIDED	HIGH	organized/S1/Analyse-1/Examens/Examen 9 analyse 1+ solution.PDF	NEW		pdf_parsed (4p)		general	PLACED_CANONICAL	canonical
L1---informatique-part-06.zip	L1---informatique/Examen d'analyse1 avec corrigé 2021.pdf	extracted/L1---informatique-part-06/L1---informatique/Examen d'analyse1 avec corrigé 2021.pdf	d035148672aeec1669319fcdc687555e64df91f8e52c6d213e32c72273a6930b	S1/Analyse-1	S1	EXAM_CORRECTION	ACADEMIC_YEAR_UNKNOWN	PUBLIC_UNIVERSITY	TELEGRAM_USER_PROVIDED	HIGH	—	EXACT_DUPLICATE	L1---informatique-part-06.zip/extracted/L1---informatique-part-06/L1---informatique/Examen d'analyse1 avec corrigé 2021 (2).pdf	pdf_parsed (6p)	nombre 4-chiffres nu dans le texte, non retenu comme preuve d'annee	limites	DUPLICATE_NOT_COPIED	canonical copy: organized/S1/Analyse-1/Corriges/Examen d'analyse1 avec corrigé 2021 (2).pdf
L1---informatique-part-06.zip	L1---informatique/Serie1-2025 (1).pdf	extracted/L1---informatique-part-06/L1---informatique/Serie1-2025 (1).pdf	5814c1c61589a413376ba7d56592018e331b974df618457731edec34b7c0d907	UNCLASSIFIED	UNCLASSIFIED	EXERCISES	2025-2026	PUBLIC_UNIVERSITY	TELEGRAM_USER_PROVIDED	LOW	organized/UNCLASSIFIED/Autres/Serie1-2025 (1).pdf	NEW		pdf_parsed (2p)		general	PLACED_CANONICAL	canonical
L1---informatique-part-06.zip	L1---informatique/Analyse_1____Exam_Summary.pdf	extracted/L1---informatique-part-06/L1---informatique/Analyse_1____Exam_Summary.pdf	4571426ffadbb299011c630fd6a0fac1e165d2bdf7e43533e85703b9401f1a8d	S1/Analyse-1	S1	SUMMARY	ACADEMIC_YEAR_UNKNOWN	UNKNOWN	TELEGRAM_USER_PROVIDED	MEDIUM	—	EXACT_DUPLICATE	L1---informatique-part-06.zip/extracted/L1---informatique-part-06/L1---informatique/Analyse_1____Exam_Summary (1).pdf	pdf_parsed (13p)		general	DUPLICATE_NOT_COPIED	canonical copy: organized/S1/Analyse-1/Revisions/Analyse_1____Exam_Summary (1).pdf
L1---informatique-part-06.zip	L1---informatique/mi-1an13-cntr1-algo15.pdf	extracted/L1---informatique-part-06/L1---informatique/mi-1an13-cntr1-algo15.pdf	74f5e7ed3aa8fff9b9c51af711e3c067b78ca3a240a2c7f4b7f8dca8aecfa7cb	S2/Electronique-generale	S2	CORRECTION	ACADEMIC_YEAR_UNKNOWN	PUBLIC_UNIVERSITY	TELEGRAM_USER_PROVIDED	HIGH	organized/S2/Electronique-generale/Corriges/mi-1an13-cntr1-algo15.pdf	NEW		pdf_parsed (1p)	nombre 4-chiffres nu dans le texte, non retenu comme preuve d'annee	general	PLACED_CANONICAL	canonical
L1---informatique-part-06.zip	L1---informatique/80 examens corrigés algorithmique.pdf	extracted/L1---informatique-part-06/L1---informatique/80 examens corrigés algorithmique.pdf	dd5ce353912e0a8f63959553d1c3dbfd5470dec5a6651777078315c12a893879	S1/Algorithmique-ASD-1	S1	EXAM_CORRECTION	ACADEMIC_YEAR_UNKNOWN	UNKNOWN	TELEGRAM_USER_PROVIDED	HIGH	organized/S1/Algorithmique-ASD-1/Corriges/80 examens corrigés algorithmique.pdf	NEW		pdf_parsed (160p)	pair-examen: organized/S1/Algorithmique-ASD-1/Corriges/Exercices et Examens corrigés.pdf; pair-correction: organized/S1/Algorithmique-ASD-1/Corriges/Exercices et Examens corrigés.pdf	boucles	PLACED_CANONICAL	canonical
L1---informatique-part-06.zip	L1---informatique/Solution Interogation Decembre 2018 - SB.pdf	extracted/L1---informatique-part-06/L1---informatique/Solution Interogation Decembre 2018 - SB.pdf	1c6107e3eb45286a16a67f27eec14d2b60ded5af40c6ee0a2a201806795ed471	S1/Algorithmique-ASD-1	S1	OTHER	ACADEMIC_YEAR_UNKNOWN	UNKNOWN	TELEGRAM_USER_PROVIDED	HIGH	—	EXACT_DUPLICATE	L1---informatique-part-06.zip/extracted/L1---informatique-part-06/L1---informatique/Solution Interogation Decembre 2018 - SB (1).pdf	pdf_parsed (2p)	nombre 4-chiffres nu dans le texte, non retenu comme preuve d'annee	fondamentaux	DUPLICATE_NOT_COPIED	canonical copy: organized/S1/Algorithmique-ASD-1/Autres/Solution Interogation Decembre 2018 - SB (1).pdf
L1---informatique-part-06.zip	L1---informatique/mi-1an16u-emd1-algo2019.pdf	extracted/L1---informatique-part-06/L1---informatique/mi-1an16u-emd1-algo2019.pdf	c4e7822f1d8ad3f01ffc050fdd1e95964b85c98f8620b5ddb6110b3284a9e88d	UNCLASSIFIED	UNCLASSIFIED	EXAM	ACADEMIC_YEAR_UNKNOWN	UNKNOWN	TELEGRAM_USER_PROVIDED	LOW	organized/UNCLASSIFIED/Autres/mi-1an16u-emd1-algo2019.pdf	NEW		PDF_NO_TEXT_LAYER (1p)		general	PLACED_CANONICAL	canonical
L1---informatique-part-06.zip	L1---informatique/Bases20Turbo Pascal.pdf	extracted/L1---informatique-part-06/L1---informatique/Bases20Turbo Pascal.pdf	31e0e6c69083391749e506b26a5d584fc631ac321eebdf9f939926f51c22e516	S1/Algorithmique-ASD-1	S1	CORRECTION	ACADEMIC_YEAR_UNKNOWN	PUBLIC_UNIVERSITY	TELEGRAM_USER_PROVIDED	MEDIUM	organized/S1/Algorithmique-ASD-1/Corriges/Bases20Turbo Pascal.pdf	NEW		pdf_parsed (71p)		fondamentaux	PLACED_CANONICAL	canonical of 1 exact duplicates
L1---informatique-part-06.zip	L1---informatique/Algèbre (0).pdf	extracted/L1---informatique-part-06/L1---informatique/Algèbre (0).pdf	d2ee1208203d961d9e5d39774d462c5130768b63acb62da85d1cf8537b847e4f	S2/Logique-mathematique	S2	SUMMARY	ACADEMIC_YEAR_UNKNOWN	PUBLIC_UNIVERSITY	TELEGRAM_USER_PROVIDED	MEDIUM	organized/S2/Logique-mathematique/Revisions/Algèbre (0).pdf	NEW		pdf_parsed (11p)		logique-des-propositions	PLACED_CANONICAL	canonical
L1---informatique-part-06.zip	L1---informatique/Correction epreuve Analyse  S1 annee 2020-2021 (2).pdf	extracted/L1---informatique-part-06/L1---informatique/Correction epreuve Analyse  S1 annee 2020-2021 (2).pdf	e89971d8382170b6f7c6fe0d20550907c8b3ca5228682cf88b3c536dc3951051	S1/Analyse-1	S1	EXAM_CORRECTION	2020-2021	UNKNOWN	TELEGRAM_USER_PROVIDED	HIGH	organized/S1/Analyse-1/Corriges/Correction epreuve Analyse  S1 annee 2020-2021 (2).pdf	NEW		pdf_parsed (4p)		general	PLACED_CANONICAL	canonical
L1---informatique-part-06.zip	L1---informatique/EF1 2019-2020.pdf	extracted/L1---informatique-part-06/L1---informatique/EF1 2019-2020.pdf	15cd3de0d4a40cb7996981ab86682f58a601118f4213be66a4fe5b24e76bc5ab	S1/Analyse-1	S1	EXAM	2019-2020	UNKNOWN	TELEGRAM_USER_PROVIDED	HIGH	organized/S1/Analyse-1/Examens/EF1 2019-2020.pdf	NEW		pdf_parsed (2p)		nombres-réels	PLACED_CANONICAL	canonical
L1---informatique-part-06.zip	L1---informatique/Examen_danalyse1_avec_corrige_2021.pdf	extracted/L1---informatique-part-06/L1---informatique/Examen_danalyse1_avec_corrige_2021.pdf	d035148672aeec1669319fcdc687555e64df91f8e52c6d213e32c72273a6930b	S1/Analyse-1	S1	EXAM_CORRECTION	ACADEMIC_YEAR_UNKNOWN	PUBLIC_UNIVERSITY	TELEGRAM_USER_PROVIDED	HIGH	—	EXACT_DUPLICATE	L1---informatique-part-06.zip/extracted/L1---informatique-part-06/L1---informatique/Examen d'analyse1 avec corrigé 2021 (2).pdf	pdf_parsed (6p)	nombre 4-chiffres nu dans le texte, non retenu comme preuve d'annee	limites	DUPLICATE_NOT_COPIED	canonical copy: organized/S1/Analyse-1/Corriges/Examen d'analyse1 avec corrigé 2021 (2).pdf
L1---informatique-part-06.zip	L1---informatique/Examen 10 analyse 1+ solution.PDF	extracted/L1---informatique-part-06/L1---informatique/Examen 10 analyse 1+ solution.PDF	bcda3af8940e3f42827d46830c570510c42c0451ca44cfcae489cd1167b37b65	S1/Analyse-1	S1	EXAM	2016-2017	PUBLIC_UNIVERSITY	TELEGRAM_USER_PROVIDED	HIGH	organized/S1/Analyse-1/Examens/Examen 10 analyse 1+ solution.PDF	NEW		pdf_parsed (5p)		general	PLACED_CANONICAL	canonical
L1---informatique-part-06.zip	L1---informatique/Examen 8 analyse 1+ solution.PDF	extracted/L1---informatique-part-06/L1---informatique/Examen 8 analyse 1+ solution.PDF	8e2662f85bf98f0783f68ac39905bd76b16bec95ab91095a4ca9644e06f01f05	S1/Analyse-1	S1	EXAM	ACADEMIC_YEAR_UNKNOWN	UNKNOWN	TELEGRAM_USER_PROVIDED	MEDIUM	organized/S1/Analyse-1/Examens/Examen 8 analyse 1+ solution.PDF	NEW		pdf_parsed (4p)	contradiction nom/contenu (contenu->S1/Anglais-1); nombre 4-chiffres nu dans le texte, non retenu comme preuve d'annee	general	PLACED_CANONICAL	canonical
L1---informatique-part-06.zip	L1---informatique/5-Fonctions.pdf	extracted/L1---informatique-part-06/L1---informatique/5-Fonctions.pdf	3e6a4aa7ca365e7542299996cc633c654b8f5de2b74d964e2f60e5acff70832b	S1/Analyse-1	S1	OTHER	ACADEMIC_YEAR_UNKNOWN	PUBLIC_UNIVERSITY	TELEGRAM_USER_PROVIDED	HIGH	organized/S1/Analyse-1/Autres/5-Fonctions.pdf	NEW		pdf_parsed (11p)		continuité	PLACED_CANONICAL	canonical
L1---informatique-part-06.zip	L1---informatique/2024-2025 ELTD.pdf	extracted/L1---informatique-part-06/L1---informatique/2024-2025 ELTD.pdf	67690be99316f79475fbe93113e4ce6fa751ef02001d369bc2e68955c7a95c90	S1/Algorithmique-ASD-1	S1	OTHER	2024-2025	PUBLIC_UNIVERSITY	TELEGRAM_USER_PROVIDED	HIGH	—	EXACT_DUPLICATE	L1---informatique-part-06.zip/extracted/L1---informatique-part-06/L1---informatique/2024-2025 ELTD (2).pdf	pdf_parsed (1p)		fondamentaux	DUPLICATE_NOT_COPIED	canonical copy: organized/S1/Algorithmique-ASD-1/Autres/2024-2025 ELTD (2).pdf
L1---informatique-part-06.zip	L1---informatique/Solution TEST TP Janvier 2020 - SB (1).pdf	extracted/L1---informatique-part-06/L1---informatique/Solution TEST TP Janvier 2020 - SB (1).pdf	e8fae01dd34bc9a1c2df17cabec78c219ebb639ecc345c3d420a1fb736c40464	UNCLASSIFIED	UNCLASSIFIED	EXAM	ACADEMIC_YEAR_UNKNOWN	UNKNOWN	TELEGRAM_USER_PROVIDED	LOW	organized/UNCLASSIFIED/Autres/Solution TEST TP Janvier 2020 - SB (1).pdf	NEW		pdf_parsed (2p)	nombre 4-chiffres nu dans le texte, non retenu comme preuve d'annee	general	PLACED_CANONICAL	canonical of 1 exact duplicates
L1---informatique-part-06.zip	L1---informatique/Solution TEST TP Janvier 2020 - SB.pdf	extracted/L1---informatique-part-06/L1---informatique/Solution TEST TP Janvier 2020 - SB.pdf	e8fae01dd34bc9a1c2df17cabec78c219ebb639ecc345c3d420a1fb736c40464	UNCLASSIFIED	UNCLASSIFIED	EXAM	ACADEMIC_YEAR_UNKNOWN	UNKNOWN	TELEGRAM_USER_PROVIDED	LOW	—	EXACT_DUPLICATE	L1---informatique-part-06.zip/extracted/L1---informatique-part-06/L1---informatique/Solution TEST TP Janvier 2020 - SB (1).pdf	pdf_parsed (2p)	nombre 4-chiffres nu dans le texte, non retenu comme preuve d'annee	general	DUPLICATE_NOT_COPIED	canonical copy: organized/UNCLASSIFIED/Autres/Solution TEST TP Janvier 2020 - SB (1).pdf
L1---informatique-part-06.zip	L1---informatique/Solution Interogation Decembre 2018 - SB (2).pdf	extracted/L1---informatique-part-06/L1---informatique/Solution Interogation Decembre 2018 - SB (2).pdf	1c6107e3eb45286a16a67f27eec14d2b60ded5af40c6ee0a2a201806795ed471	S1/Algorithmique-ASD-1	S1	OTHER	ACADEMIC_YEAR_UNKNOWN	UNKNOWN	TELEGRAM_USER_PROVIDED	HIGH	—	EXACT_DUPLICATE	L1---informatique-part-06.zip/extracted/L1---informatique-part-06/L1---informatique/Solution Interogation Decembre 2018 - SB (1).pdf	pdf_parsed (2p)	nombre 4-chiffres nu dans le texte, non retenu comme preuve d'annee	fondamentaux	DUPLICATE_NOT_COPIED	canonical copy: organized/S1/Algorithmique-ASD-1/Autres/Solution Interogation Decembre 2018 - SB (1).pdf
L1---informatique-part-06.zip	L1---informatique/S-rie 1 Fr.pdf	extracted/L1---informatique-part-06/L1---informatique/S-rie 1 Fr.pdf	508180fce4372c927c0622ddf98e6434079c33abfe3981df76e0ace204f43325	S1/Algorithmique-ASD-1	S1	TP	ACADEMIC_YEAR_UNKNOWN	UNKNOWN	TELEGRAM_USER_PROVIDED	HIGH	organized/S1/Algorithmique-ASD-1/TP/S-rie 1 Fr.pdf	NEW		pdf_parsed (3p)	nombre 4-chiffres nu dans le texte, non retenu comme preuve d'annee	fondamentaux	PLACED_CANONICAL	canonical
L1---informatique-part-06.zip	L1---informatique/Interogation Janvier 2020 (sujet 2)v1 (1).pdf	extracted/L1---informatique-part-06/L1---informatique/Interogation Janvier 2020 (sujet 2)v1 (1).pdf	b1f56bc17f79193320898aa6560fd92e561c72a7ce1f2bf0a472c88443fbdc0a	S1/Algorithmique-ASD-1	S1	OTHER	ACADEMIC_YEAR_UNKNOWN	UNKNOWN	TELEGRAM_USER_PROVIDED	HIGH	—	EXACT_DUPLICATE	L1---informatique-part-06.zip/extracted/L1---informatique-part-06/L1---informatique/Interogation Janvier 2020 (sujet 2)v1.pdf	pdf_parsed (4p)	nombre 4-chiffres nu dans le texte, non retenu comme preuve d'annee	tableaux	DUPLICATE_NOT_COPIED	canonical copy: organized/S1/Algorithmique-ASD-1/Autres/Interogation Janvier 2020 (sujet 2)v1.pdf
L1---informatique-part-06.zip	L1---informatique/Interogation Janvier 2020 (sujet 1)v1 (1).pdf	extracted/L1---informatique-part-06/L1---informatique/Interogation Janvier 2020 (sujet 1)v1 (1).pdf	ba9c26563ba88a3be12639397cbaeb1cec3d9d2ef6bb825d84cab4030eb324f9	S1/Algorithmique-ASD-1	S1	OTHER	ACADEMIC_YEAR_UNKNOWN	UNKNOWN	TELEGRAM_USER_PROVIDED	HIGH	—	EXACT_DUPLICATE	L1---informatique-part-06.zip/extracted/L1---informatique-part-06/L1---informatique/Interogation Janvier 2020 (sujet 1)v1.pdf	pdf_parsed (4p)	nombre 4-chiffres nu dans le texte, non retenu comme preuve d'annee	tableaux	DUPLICATE_NOT_COPIED	canonical copy: organized/S1/Algorithmique-ASD-1/Autres/Interogation Janvier 2020 (sujet 1)v1.pdf
L1---informatique-part-06.zip	L1---informatique/Bases20Turbo Pascal (1) (1).pdf	extracted/L1---informatique-part-06/L1---informatique/Bases20Turbo Pascal (1) (1).pdf	31e0e6c69083391749e506b26a5d584fc631ac321eebdf9f939926f51c22e516	S1/Algorithmique-ASD-1	S1	CORRECTION	ACADEMIC_YEAR_UNKNOWN	PUBLIC_UNIVERSITY	TELEGRAM_USER_PROVIDED	MEDIUM	—	EXACT_DUPLICATE	L1---informatique-part-06.zip/extracted/L1---informatique-part-06/L1---informatique/Bases20Turbo Pascal.pdf	pdf_parsed (71p)		fondamentaux	DUPLICATE_NOT_COPIED	canonical copy: organized/S1/Algorithmique-ASD-1/Corriges/Bases20Turbo Pascal.pdf
L1---informatique-part-07.zip	L1---informatique/Lesson -2- Forms and Functions of Clauses.pdf	extracted/L1---informatique-part-07/L1---informatique/Lesson -2- Forms and Functions of Clauses.pdf	c5cba68ce96e93cdb552014662eafed35f98be4b4d03095873e3a0245e8b25b3	S1/Anglais-1-TCE-1	S1	OTHER	2021-2022	PUBLIC_UNIVERSITY	TELEGRAM_USER_PROVIDED	HIGH	organized/S1/Anglais-1-TCE-1/Autres/Lesson -2- Forms and Functions of Clauses.pdf	NEW		pdf_parsed (5p)		expression-écrite	PLACED_CANONICAL	canonical
L1---informatique-part-07.zip	L1---informatique/Résume Logiciels Libres et open sourc-1.pdf	extracted/L1---informatique-part-07/L1---informatique/Résume Logiciels Libres et open sourc-1.pdf	0e060e264811f531d285c1d758ec5ed6b226670783c33f225db1f28fad0bd347	S1/Logiciels-libres	S1	SUMMARY	ACADEMIC_YEAR_UNKNOWN	UNKNOWN	TELEGRAM_USER_PROVIDED	HIGH	organized/S1/Logiciels-libres/Revisions/Résume Logiciels Libres et open sourc-1.pdf	NEW		pdf_parsed (4p)		philosophie-du-libre	PLACED_CANONICAL	canonical
L1---informatique-part-07.zip	L1---informatique/chapter_1open_source_avec_illustrations_d9aa4fabb855ef177d8091a5d323d855.pdf	extracted/L1---informatique-part-07/L1---informatique/chapter_1open_source_avec_illustrations_d9aa4fabb855ef177d8091a5d323d855.pdf	0982a403b76f8972ca4cf9521d3402ab4732a73a28c64eb739eff9344acf4694	S1/Logiciels-libres	S1	CHAPTER	ACADEMIC_YEAR_UNKNOWN	PUBLIC_UNIVERSITY	TELEGRAM_USER_PROVIDED	HIGH	organized/S1/Logiciels-libres/Cours/chapter_1open_source_avec_illustrations_d9aa4fabb855ef177d8091a5d323d855.pdf	LIKELY_DUPLICATE	L1---informatique-part-01.zip/extracted/L1---informatique-part-01/L1---informatique/chapter 1open source_0aa30ce6ad6af56e1a5964d4a704d1f4 (1).pdf	pdf_parsed (9p)		philosophie-du-libre	PLACED_LIKELY_DUP	organized/S1/Logiciels-libres/Cours/chapter_1open_source_avec_illustrations_d9aa4fabb855ef177d8091a5d323d855.pdf
L1---informatique-part-07.zip	L1---informatique/chap1_part1_finale.pdf	extracted/L1---informatique-part-07/L1---informatique/chap1_part1_finale.pdf	2848f58780a23fdbb3421da7f5eced49a8fc58e69c370087c03ac42872b2231a	S1/Logiciels-libres	S1	COURSE	2025-2026	PUBLIC_UNIVERSITY	TELEGRAM_USER_PROVIDED	HIGH	organized/S1/Logiciels-libres/Cours/chap1_part1_finale.pdf	NEW		pdf_parsed (19p)		philosophie-du-libre	PLACED_CANONICAL	canonical
L1---informatique-part-07.zip	L1---informatique/serie 3.pdf	extracted/L1---informatique-part-07/L1---informatique/serie 3.pdf	adcd582709cb53699e2d32deddbf6291ac6fd7a2361d216cae2ad4ec082cdd1a	S1/Algebre-1	S1	EXERCISES	ACADEMIC_YEAR_UNKNOWN	PUBLIC_UNIVERSITY	TELEGRAM_USER_PROVIDED	HIGH	organized/S1/Algebre-1/Series/serie 3.pdf	NEW		pdf_parsed (2p)		arithmétique	PLACED_CANONICAL	canonical
L1---informatique-part-07.zip	L1---informatique/SM TD3 - prof Ziani .pdf	extracted/L1---informatique-part-07/L1---informatique/SM TD3 - prof Ziani .pdf	0f4e6537f82017370770ad4eb2b4dcf3aeafe739cedb2e51ab033077968199bc	S2/Logique-mathematique	S2	OTHER	2021-2022	UNKNOWN	TELEGRAM_USER_PROVIDED	HIGH	organized/S2/Logique-mathematique/Autres/SM TD3 - prof Ziani .pdf	NEW		pdf_parsed (3p)		logique-des-propositions	PLACED_CANONICAL	canonical
L1---informatique-part-07.zip	L1---informatique/serie3_STRM1_25_26 (1).pdf	extracted/L1---informatique-part-07/L1---informatique/serie3_STRM1_25_26 (1).pdf	a138690293d26416371eff843a37629897dae5f0919ee6cea09981e66b46b797	S2/Structure-de-machine-2	S2	EXERCISES	2025-2026	PUBLIC_UNIVERSITY	TELEGRAM_USER_PROVIDED	HIGH	organized/S2/Structure-de-machine-2/Series/serie3_STRM1_25_26 (1).pdf	NEW		pdf_parsed (3p)		convertisseurs	PLACED_CANONICAL	canonical of 1 exact duplicates
L1---informatique-part-07.zip	L1---informatique/CamScanner 01-31-2025 05.57.pdf	extracted/L1---informatique-part-07/L1---informatique/CamScanner 01-31-2025 05.57.pdf	365fec59681b8410b6623965f0b81d82ea4508fc0308d3983c14fce6adbe7ee5	UNCLASSIFIED	UNCLASSIFIED	OTHER	ACADEMIC_YEAR_UNKNOWN	UNKNOWN	TELEGRAM_USER_PROVIDED	LOW	organized/UNCLASSIFIED/Autres/CamScanner 01-31-2025 05.57.pdf	NEW		PDF_NO_TEXT_LAYER (2p)	nombre 4-chiffres nu dans le texte, non retenu comme preuve d'annee	general	PLACED_CANONICAL	canonical
L1---informatique-part-07.zip	L1---informatique/Series TD2 (1).pdf	extracted/L1---informatique-part-07/L1---informatique/Series TD2 (1).pdf	d5220cd4d48d5b1fdd10ea8f527371f3c39cf6e902af73fd7a8616497b530395	S1/Structure-de-machine-1	S1	EXERCISES	2025-2026	PUBLIC_UNIVERSITY	TELEGRAM_USER_PROVIDED	HIGH	organized/S1/Structure-de-machine-1/Series/Series TD2 (1).pdf	NEW		pdf_parsed (2p)		numérations	PLACED_CANONICAL	canonical
L1---informatique-part-07.zip	L1---informatique/Series  TD1.pdf	extracted/L1---informatique-part-07/L1---informatique/Series  TD1.pdf	f8544e576607d811dd4a9d02f8070f2be514a86dd921e97f0ab51ede81af9613	UNCLASSIFIED	UNCLASSIFIED	EXERCISES	2025-2026	PUBLIC_UNIVERSITY	TELEGRAM_USER_PROVIDED	LOW	organized/UNCLASSIFIED/Autres/Series  TD1.pdf	NEW		pdf_parsed (2p)		general	PLACED_CANONICAL	canonical
L1---informatique-part-07.zip	L1---informatique/serie3_STRM1_25_26.pdf	extracted/L1---informatique-part-07/L1---informatique/serie3_STRM1_25_26.pdf	a138690293d26416371eff843a37629897dae5f0919ee6cea09981e66b46b797	S2/Structure-de-machine-2	S2	EXERCISES	2025-2026	PUBLIC_UNIVERSITY	TELEGRAM_USER_PROVIDED	HIGH	—	EXACT_DUPLICATE	L1---informatique-part-07.zip/extracted/L1---informatique-part-07/L1---informatique/serie3_STRM1_25_26 (1).pdf	pdf_parsed (3p)		convertisseurs	DUPLICATE_NOT_COPIED	canonical copy: organized/S2/Structure-de-machine-2/Series/serie3_STRM1_25_26 (1).pdf
L1---informatique-part-07.zip	L1---informatique/Exam_MS12023-2024.pdf	extracted/L1---informatique-part-07/L1---informatique/Exam_MS12023-2024.pdf	9a046db0198506c89ddcde687e278d726ee6884c75ff06a1b89b4c70a0a23b1b	S2/ASD-2	S2	OTHER	2023-2024	PUBLIC_UNIVERSITY	TELEGRAM_USER_PROVIDED	MEDIUM	organized/S2/ASD-2/Autres/Exam_MS12023-2024.pdf	NEW		pdf_parsed (1p)		allocation-mémoire	PLACED_CANONICAL	canonical
L1---informatique-part-07.zip	L1---informatique/Pages de Série TD3.pdf	extracted/L1---informatique-part-07/L1---informatique/Pages de Série TD3.pdf	b870f21cb71373bf6adebc0d6b99e03fd9930aacf6e27701bedf59c9869d1f78	S2/Logique-mathematique	S2	EXERCISES	2021-2022	UNKNOWN	TELEGRAM_USER_PROVIDED	HIGH	organized/S2/Logique-mathematique/Series/Pages de Série TD3.pdf	NEW		pdf_parsed (3p)		logique-des-propositions	PLACED_CANONICAL	canonical
L1---informatique-part-07.zip	L1---informatique/Examen5 Structure Machine 1 (2).pdf	extracted/L1---informatique-part-07/L1---informatique/Examen5 Structure Machine 1 (2).pdf	2ca11ae326f094b4fa83ac42e232611a481babf3eeb3dcfb6e00d9c2c86bbe2f	S2/Structure-de-machine-2	S2	EXAM	ACADEMIC_YEAR_UNKNOWN	UNKNOWN	TELEGRAM_USER_PROVIDED	HIGH	organized/S2/Structure-de-machine-2/Examens/Examen5 Structure Machine 1 (2).pdf	NEW		pdf_parsed (6p)	nombre 4-chiffres nu dans le texte, non retenu comme preuve d'annee	general	PLACED_CANONICAL	canonical of 2 exact duplicates
L1---informatique-part-07.zip	L1---informatique/4_6010436311297561656.pdf	extracted/L1---informatique-part-07/L1---informatique/4_6010436311297561656.pdf	5c31f42737f4dc16a553b3547b471e897989a4bcf7520528d82328aef7ff95aa	S2/Structure-de-machine-2	S2	OTHER	ACADEMIC_YEAR_UNKNOWN	PUBLIC_UNIVERSITY	TELEGRAM_USER_PROVIDED	MEDIUM	organized/S2/Structure-de-machine-2/Autres/4_6010436311297561656.pdf	NEW		pdf_parsed (3p)		general	PLACED_CANONICAL	canonical of 1 exact duplicates
L1---informatique-part-07.zip	L1---informatique/Examen5 Structure Machine 1 (1).pdf	extracted/L1---informatique-part-07/L1---informatique/Examen5 Structure Machine 1 (1).pdf	2ca11ae326f094b4fa83ac42e232611a481babf3eeb3dcfb6e00d9c2c86bbe2f	S2/Structure-de-machine-2	S2	EXAM	ACADEMIC_YEAR_UNKNOWN	UNKNOWN	TELEGRAM_USER_PROVIDED	HIGH	—	EXACT_DUPLICATE	L1---informatique-part-07.zip/extracted/L1---informatique-part-07/L1---informatique/Examen5 Structure Machine 1 (2).pdf	pdf_parsed (6p)	nombre 4-chiffres nu dans le texte, non retenu comme preuve d'annee	general	DUPLICATE_NOT_COPIED	canonical copy: organized/S2/Structure-de-machine-2/Examens/Examen5 Structure Machine 1 (2).pdf
L1---informatique-part-07.zip	L1---informatique/Examen5 Structure Machine 1.pdf	extracted/L1---informatique-part-07/L1---informatique/Examen5 Structure Machine 1.pdf	2ca11ae326f094b4fa83ac42e232611a481babf3eeb3dcfb6e00d9c2c86bbe2f	S2/Structure-de-machine-2	S2	EXAM	ACADEMIC_YEAR_UNKNOWN	UNKNOWN	TELEGRAM_USER_PROVIDED	HIGH	—	EXACT_DUPLICATE	L1---informatique-part-07.zip/extracted/L1---informatique-part-07/L1---informatique/Examen5 Structure Machine 1 (2).pdf	pdf_parsed (6p)	nombre 4-chiffres nu dans le texte, non retenu comme preuve d'annee	general	DUPLICATE_NOT_COPIED	canonical copy: organized/S2/Structure-de-machine-2/Examens/Examen5 Structure Machine 1 (2).pdf
L1---informatique-part-07.zip	L1---informatique/Examen CC2_INFO1 (1) (1).pdf	extracted/L1---informatique-part-07/L1---informatique/Examen CC2_INFO1 (1) (1).pdf	4ef7b321453537f8a0d649cb6f90bd124a35c6da777eb72ace2c57c8fefba1e8	UNCLASSIFIED	UNCLASSIFIED	EXAM	ACADEMIC_YEAR_UNKNOWN	UNKNOWN	TELEGRAM_USER_PROVIDED	LOW	organized/UNCLASSIFIED/Autres/Examen CC2_INFO1 (1) (1).pdf	NEW		PDF_NO_TEXT_LAYER (3p)		general	PLACED_CANONICAL	canonical
L1---informatique-part-07.zip	L1---informatique/Corrigé Examen SM 2023-2024 V2.pdf	extracted/L1---informatique-part-07/L1---informatique/Corrigé Examen SM 2023-2024 V2.pdf	b1cafd261371f38b0e3484901e40a6eb32855f92447485f4d0263c2ef65760b5	S2/Structure-de-machine-2	S2	EXAM_CORRECTION	2023-2024	PUBLIC_UNIVERSITY	TELEGRAM_USER_PROVIDED	MEDIUM	organized/S2/Structure-de-machine-2/Corriges/Corrigé Examen SM 2023-2024 V2.pdf	NEW		pdf_parsed (3p)		general	PLACED_CANONICAL	canonical
L1---informatique-part-07.zip	L1---informatique/Corrigé Examen SM 2023-2024 V1.pdf	extracted/L1---informatique-part-07/L1---informatique/Corrigé Examen SM 2023-2024 V1.pdf	5c31f42737f4dc16a553b3547b471e897989a4bcf7520528d82328aef7ff95aa	S2/Structure-de-machine-2	S2	EXAM_CORRECTION	2023-2024	PUBLIC_UNIVERSITY	TELEGRAM_USER_PROVIDED	MEDIUM	—	EXACT_DUPLICATE	L1---informatique-part-07.zip/extracted/L1---informatique-part-07/L1---informatique/4_6010436311297561656.pdf	pdf_parsed (3p)		general	DUPLICATE_NOT_COPIED	canonical copy: organized/S2/Structure-de-machine-2/Autres/4_6010436311297561656.pdf
L1---informatique-part-07.zip	L1---informatique/TD2_SM1.pdf	extracted/L1---informatique-part-07/L1---informatique/TD2_SM1.pdf	383e829da0869dde9d9b1e5f9bb6282b12936ab2816746b79fefe26d0651ea5b	S1/Structure-de-machine-1	S1	OTHER	2023-2024	PUBLIC_UNIVERSITY	TELEGRAM_USER_PROVIDED	HIGH	organized/S1/Structure-de-machine-1/Autres/TD2_SM1.pdf	NEW		pdf_parsed (2p)		numérations	PLACED_CANONICAL	canonical
L1---informatique-part-07.zip	L1---informatique/Examen3+Solution Structure Machine 1.pdf	extracted/L1---informatique-part-07/L1---informatique/Examen3+Solution Structure Machine 1.pdf	0bdd95cc1fd2a5ef61b6e4acec5349c66f4d0edec46882fe1795628c7d750087	S1/Structure-de-machine-1	S1	EXAM	2022-2023	PUBLIC_UNIVERSITY	TELEGRAM_USER_PROVIDED	HIGH	—	EXACT_DUPLICATE	L1---informatique-part-01.zip/extracted/L1---informatique-part-01/L1---informatique/Exam 1 + solution archi (1).pdf	pdf_parsed (3p)		numérations	DUPLICATE_NOT_COPIED	canonical copy: organized/S1/Structure-de-machine-1/Examens/Exam 1 + solution archi (1).pdf
L1---informatique-part-07.zip	L1---informatique/Examen_SM1-2023-2024.pdf	extracted/L1---informatique-part-07/L1---informatique/Examen_SM1-2023-2024.pdf	08c2d1573f70c8146da2c972da5fdbd8ed08599894509c870b5e38878321a048	S2/Structure-de-machine-2	S2	EXAM	2023-2024	PUBLIC_UNIVERSITY	TELEGRAM_USER_PROVIDED	LOW	organized/S2/Structure-de-machine-2/Examens/Examen_SM1-2023-2024.pdf	NEW		pdf_parsed (1p)		general	PLACED_CANONICAL	canonical
L1---informatique-part-07.zip	L1---informatique/rattrapage_danalyse1_avec_corrige_2020-2021-1.pdf	extracted/L1---informatique-part-07/L1---informatique/rattrapage_danalyse1_avec_corrige_2020-2021-1.pdf	d4807c0e430145fe12b3414ba94f03ed4bc52fb5c4b6ca3b059893beb40f52c1	UNCLASSIFIED	UNCLASSIFIED	EXAM_CORRECTION	2020-2021	PUBLIC_UNIVERSITY	TELEGRAM_USER_PROVIDED	LOW	organized/UNCLASSIFIED/Autres/rattrapage_danalyse1_avec_corrige_2020-2021-1.pdf	NEW		pdf_parsed (5p)		general	PLACED_CANONICAL	canonical of 2 exact duplicates
L1---informatique-part-07.zip	L1---informatique/rattrapage_danalyse1_avec_corrige_2020-2021.pdf	extracted/L1---informatique-part-07/L1---informatique/rattrapage_danalyse1_avec_corrige_2020-2021.pdf	d4807c0e430145fe12b3414ba94f03ed4bc52fb5c4b6ca3b059893beb40f52c1	UNCLASSIFIED	UNCLASSIFIED	EXAM_CORRECTION	2020-2021	PUBLIC_UNIVERSITY	TELEGRAM_USER_PROVIDED	LOW	—	EXACT_DUPLICATE	L1---informatique-part-07.zip/extracted/L1---informatique-part-07/L1---informatique/rattrapage_danalyse1_avec_corrige_2020-2021-1.pdf	pdf_parsed (5p)		general	DUPLICATE_NOT_COPIED	canonical copy: organized/UNCLASSIFIED/Autres/rattrapage_danalyse1_avec_corrige_2020-2021-1.pdf
L1---informatique-part-07.zip	L1---informatique/Examen4_Analyse_1_MI-L1.pdf	extracted/L1---informatique-part-07/L1---informatique/Examen4_Analyse_1_MI-L1.pdf	b12c69056b4c9da1ad2e03e91894bc8ab1550781bfa3f7235f5fd9428a69fd28	S1/Analyse-1	S1	EXAM	2019-2020	PUBLIC_UNIVERSITY	TELEGRAM_USER_PROVIDED	HIGH	organized/S1/Analyse-1/Examens/Examen4_Analyse_1_MI-L1.pdf	NEW		pdf_parsed (4p)		nombres-réels	PLACED_CANONICAL	canonical of 1 exact duplicates
L1---informatique-part-07.zip	L1---informatique/Examen3_Analyse_1_MI-L1_1.pdf	extracted/L1---informatique-part-07/L1---informatique/Examen3_Analyse_1_MI-L1_1.pdf	985cc91e7aed25f8d55c5069cbbeb543362bc8a8aa23bb8376030a0a82926572	S1/Analyse-1	S1	EXAM	2019-2020	PUBLIC_UNIVERSITY	TELEGRAM_USER_PROVIDED	HIGH	organized/S1/Analyse-1/Examens/Examen3_Analyse_1_MI-L1_1.pdf	NEW		pdf_parsed (4p)		continuité	PLACED_CANONICAL	canonical
L1---informatique-part-07.zip	L1---informatique/algo1 exam info_lmd_saad dahleb.pdf	extracted/L1---informatique-part-07/L1---informatique/algo1 exam info_lmd_saad dahleb.pdf	6e95dd7e3d7d7bdcb4c2dc7c9e3174a2071dbb8d44cb066af46e49e337a10708	S1/Algorithmique-ASD-1	S1	OTHER	ACADEMIC_YEAR_UNKNOWN	UNKNOWN	TELEGRAM_USER_PROVIDED	HIGH	organized/S1/Algorithmique-ASD-1/Autres/algo1 exam info_lmd_saad dahleb.pdf	NEW		PDF_NO_TEXT_LAYER (1p)		general	PLACED_CANONICAL	canonical
L1---informatique-part-07.zip	L1---informatique/TEST TP Janvier 2018 (sujet 2) (2).pdf	extracted/L1---informatique-part-07/L1---informatique/TEST TP Janvier 2018 (sujet 2) (2).pdf	7ab4adeb3937a5342f10e6ea3a724a4b7f4a73523aeef71e2ee77e90d37c3931	UNCLASSIFIED	UNCLASSIFIED	EXAM	ACADEMIC_YEAR_UNKNOWN	UNKNOWN	TELEGRAM_USER_PROVIDED	LOW	organized/UNCLASSIFIED/Autres/TEST TP Janvier 2018 (sujet 2) (2).pdf	NEW		pdf_parsed (4p)	nombre 4-chiffres nu dans le texte, non retenu comme preuve d'annee	general	PLACED_CANONICAL	canonical of 3 exact duplicates
L1---informatique-part-07.zip	L1---informatique/TEST TP Janvier 2018 (sujet 2) (1).pdf	extracted/L1---informatique-part-07/L1---informatique/TEST TP Janvier 2018 (sujet 2) (1).pdf	7ab4adeb3937a5342f10e6ea3a724a4b7f4a73523aeef71e2ee77e90d37c3931	UNCLASSIFIED	UNCLASSIFIED	EXAM	ACADEMIC_YEAR_UNKNOWN	UNKNOWN	TELEGRAM_USER_PROVIDED	LOW	—	EXACT_DUPLICATE	L1---informatique-part-07.zip/extracted/L1---informatique-part-07/L1---informatique/TEST TP Janvier 2018 (sujet 2) (2).pdf	pdf_parsed (4p)	nombre 4-chiffres nu dans le texte, non retenu comme preuve d'annee	general	DUPLICATE_NOT_COPIED	canonical copy: organized/UNCLASSIFIED/Autres/TEST TP Janvier 2018 (sujet 2) (2).pdf
L1---informatique-part-07.zip	L1---informatique/TEST TP Janvier 2018 (sujet 2).pdf	extracted/L1---informatique-part-07/L1---informatique/TEST TP Janvier 2018 (sujet 2).pdf	7ab4adeb3937a5342f10e6ea3a724a4b7f4a73523aeef71e2ee77e90d37c3931	UNCLASSIFIED	UNCLASSIFIED	EXAM	ACADEMIC_YEAR_UNKNOWN	UNKNOWN	TELEGRAM_USER_PROVIDED	LOW	—	EXACT_DUPLICATE	L1---informatique-part-07.zip/extracted/L1---informatique-part-07/L1---informatique/TEST TP Janvier 2018 (sujet 2) (2).pdf	pdf_parsed (4p)	nombre 4-chiffres nu dans le texte, non retenu comme preuve d'annee	general	DUPLICATE_NOT_COPIED	canonical copy: organized/UNCLASSIFIED/Autres/TEST TP Janvier 2018 (sujet 2) (2).pdf
L1---informatique-part-07.zip	L1---informatique/Real-analysis-1.pdf	extracted/L1---informatique-part-07/L1---informatique/Real-analysis-1.pdf	3f65161626f899d8bd7c568ccaebae45abd9ec54d52c18ffc59578b2809a1eac	S2/Logique-mathematique	S2	OTHER	ACADEMIC_YEAR_UNKNOWN	UNKNOWN	TELEGRAM_USER_PROVIDED	HIGH	organized/S2/Logique-mathematique/Autres/Real-analysis-1.pdf	NEW		pdf_parsed (55p)		logique-des-propositions	PLACED_CANONICAL	canonical
L1---informatique-part-07.zip	L1---informatique/TEST TP Janvier 2018 (sujet 1) (1).pdf	extracted/L1---informatique-part-07/L1---informatique/TEST TP Janvier 2018 (sujet 1) (1).pdf	d40efcd2dd9e850a840f7f19e6d2db8b4e772d4ea8753aeb0bd2e09b8dbc78fb	UNCLASSIFIED	UNCLASSIFIED	EXAM	ACADEMIC_YEAR_UNKNOWN	UNKNOWN	TELEGRAM_USER_PROVIDED	LOW	organized/UNCLASSIFIED/Autres/TEST TP Janvier 2018 (sujet 1) (1).pdf	NEW		pdf_parsed (4p)	nombre 4-chiffres nu dans le texte, non retenu comme preuve d'annee	general	PLACED_CANONICAL	canonical of 1 exact duplicates
L1---informatique-part-07.zip	L1---informatique/TEST TP Janvier 2018 (sujet 1).pdf	extracted/L1---informatique-part-07/L1---informatique/TEST TP Janvier 2018 (sujet 1).pdf	d40efcd2dd9e850a840f7f19e6d2db8b4e772d4ea8753aeb0bd2e09b8dbc78fb	UNCLASSIFIED	UNCLASSIFIED	EXAM	ACADEMIC_YEAR_UNKNOWN	UNKNOWN	TELEGRAM_USER_PROVIDED	LOW	—	EXACT_DUPLICATE	L1---informatique-part-07.zip/extracted/L1---informatique-part-07/L1---informatique/TEST TP Janvier 2018 (sujet 1) (1).pdf	pdf_parsed (4p)	nombre 4-chiffres nu dans le texte, non retenu comme preuve d'annee	general	DUPLICATE_NOT_COPIED	canonical copy: organized/UNCLASSIFIED/Autres/TEST TP Janvier 2018 (sujet 1) (1).pdf
L1---informatique-part-07.zip	L1---informatique/Examen-2021.pdf	extracted/L1---informatique-part-07/L1---informatique/Examen-2021.pdf	486702bf81db0f0edb0e09fb0f0516d4bca40705ce2c18fe716f17d6f4059a00	S2/ASD-2	S2	EXAM	ACADEMIC_YEAR_UNKNOWN	UNKNOWN	TELEGRAM_USER_PROVIDED	MEDIUM	organized/S2/ASD-2/Examens/Examen-2021.pdf	NEW		pdf_parsed (2p)	nombre 4-chiffres nu dans le texte, non retenu comme preuve d'annee	langage-C	PLACED_CANONICAL	canonical
L1---informatique-part-07.zip	L1---informatique/TEST TP Janvier 2018 (sujet 2) (1) (1).pdf	extracted/L1---informatique-part-07/L1---informatique/TEST TP Janvier 2018 (sujet 2) (1) (1).pdf	7ab4adeb3937a5342f10e6ea3a724a4b7f4a73523aeef71e2ee77e90d37c3931	UNCLASSIFIED	UNCLASSIFIED	EXAM	ACADEMIC_YEAR_UNKNOWN	UNKNOWN	TELEGRAM_USER_PROVIDED	LOW	—	EXACT_DUPLICATE	L1---informatique-part-07.zip/extracted/L1---informatique-part-07/L1---informatique/TEST TP Janvier 2018 (sujet 2) (2).pdf	pdf_parsed (4p)	nombre 4-chiffres nu dans le texte, non retenu comme preuve d'annee	general	DUPLICATE_NOT_COPIED	canonical copy: organized/UNCLASSIFIED/Autres/TEST TP Janvier 2018 (sujet 2) (2).pdf
L1---informatique-part-07.zip	L1---informatique/mi-1an13-s1-ex_fin-algo16.pdf	extracted/L1---informatique-part-07/L1---informatique/mi-1an13-s1-ex_fin-algo16.pdf	cdba36f24201dccc4c674f8c67fc64b1fd4519664d35f700b7b925b7db47bbf7	S1/Algorithmique-ASD-1	S1	OTHER	ACADEMIC_YEAR_UNKNOWN	PUBLIC_UNIVERSITY	TELEGRAM_USER_PROVIDED	HIGH	organized/S1/Algorithmique-ASD-1/Autres/mi-1an13-s1-ex_fin-algo16.pdf	NEW		pdf_parsed (6p)	nombre 4-chiffres nu dans le texte, non retenu comme preuve d'annee	conditions	PLACED_CANONICAL	canonical
L1---informatique-part-07.zip	L1---informatique/TP 1 algo.pdf	extracted/L1---informatique-part-07/L1---informatique/TP 1 algo.pdf	f399bdfb8e353a87b6e0e2d5f581a22c6541fde1c8518892be30bba13f6537dd	S1/Algorithmique-ASD-1	S1	TP	2024-2025	PUBLIC_UNIVERSITY	TELEGRAM_USER_PROVIDED	LOW	organized/S1/Algorithmique-ASD-1/TP/TP 1 algo.pdf	NEW		pdf_parsed (3p)		fondamentaux	PLACED_CANONICAL	canonical
L1---informatique-part-07.zip	L1---informatique/Td 2 algo.pdf	extracted/L1---informatique-part-07/L1---informatique/Td 2 algo.pdf	3cf6710707ea3ff4e430b62398ccf713d9bf77e2456750de2cd57dc492a085e2	S1/Algorithmique-ASD-1	S1	TD	2024-2025	PUBLIC_UNIVERSITY	TELEGRAM_USER_PROVIDED	MEDIUM	organized/S1/Algorithmique-ASD-1/TD/Td 2 algo.pdf	NEW		pdf_parsed (3p)		fondamentaux	PLACED_CANONICAL	canonical
L1---informatique-part-07.zip	L1---informatique/Examen4_Analyse_1_MI-L1-1.pdf	extracted/L1---informatique-part-07/L1---informatique/Examen4_Analyse_1_MI-L1-1.pdf	b12c69056b4c9da1ad2e03e91894bc8ab1550781bfa3f7235f5fd9428a69fd28	S1/Analyse-1	S1	EXAM	2019-2020	PUBLIC_UNIVERSITY	TELEGRAM_USER_PROVIDED	HIGH	—	EXACT_DUPLICATE	L1---informatique-part-07.zip/extracted/L1---informatique-part-07/L1---informatique/Examen4_Analyse_1_MI-L1.pdf	pdf_parsed (4p)		nombres-réels	DUPLICATE_NOT_COPIED	canonical copy: organized/S1/Analyse-1/Examens/Examen4_Analyse_1_MI-L1.pdf
L1---informatique-part-07.zip	L1---informatique/Examen2_Analyse_1_MI-L1.pdf	extracted/L1---informatique-part-07/L1---informatique/Examen2_Analyse_1_MI-L1.pdf	e80e59cbf126beb25b17ce29395e3e122a6d468fbaaa177921586aee87a8eacf	S1/Analyse-1	S1	EXAM	2020-2021	PUBLIC_UNIVERSITY	TELEGRAM_USER_PROVIDED	HIGH	organized/S1/Analyse-1/Examens/Examen2_Analyse_1_MI-L1.pdf	NEW		pdf_parsed (3p)		suites	PLACED_CANONICAL	canonical
L1---informatique-part-07.zip	L1---informatique/rattrapage d'analyse1 avec corrigé 2020-2021.pdf	extracted/L1---informatique-part-07/L1---informatique/rattrapage d'analyse1 avec corrigé 2020-2021.pdf	d4807c0e430145fe12b3414ba94f03ed4bc52fb5c4b6ca3b059893beb40f52c1	S1/Analyse-1	S1	EXAM_CORRECTION	2020-2021	PUBLIC_UNIVERSITY	TELEGRAM_USER_PROVIDED	HIGH	—	EXACT_DUPLICATE	L1---informatique-part-07.zip/extracted/L1---informatique-part-07/L1---informatique/rattrapage_danalyse1_avec_corrige_2020-2021-1.pdf	pdf_parsed (5p)		dérivabilité	DUPLICATE_NOT_COPIED	canonical copy: organized/UNCLASSIFIED/Autres/rattrapage_danalyse1_avec_corrige_2020-2021-1.pdf
L1---informatique-part-07.zip	L1---informatique/Tutorial Series 1.pdf	extracted/L1---informatique-part-07/L1---informatique/Tutorial Series 1.pdf	fc7cc8e622a227dcaa915031b23c94fe4434d5d25c43b21522e8fce886e61a0d	UNCLASSIFIED	UNCLASSIFIED	EXERCISES	ACADEMIC_YEAR_UNKNOWN	PUBLIC_UNIVERSITY	TELEGRAM_USER_PROVIDED	LOW	organized/UNCLASSIFIED/Autres/Tutorial Series 1.pdf	NEW		pdf_parsed (2p)		general	PLACED_CANONICAL	canonical
L1---informatique-part-07.zip	L1---informatique/TD4 (1).pdf	extracted/L1---informatique-part-07/L1---informatique/TD4 (1).pdf	8316de4a7a1fb673483bcbf0fb68139a8998205747d5bd5d340eaf0b0ed7ab5c	S1/Analyse-1	S1	EXERCISES	ACADEMIC_YEAR_UNKNOWN	PUBLIC_UNIVERSITY	TELEGRAM_USER_PROVIDED	HIGH	organized/S1/Analyse-1/Series/TD4 (1).pdf	NEW		pdf_parsed (3p)		continuité	PLACED_CANONICAL	canonical
L1---informatique-part-07.zip	L1---informatique/analysis_1-chapter_03.pdf	extracted/L1---informatique-part-07/L1---informatique/analysis_1-chapter_03.pdf	ab428748f43b0bcbb073c684e5dd4d5104aeab4f47c28551c311e47d521100f5	S1/Analyse-1	S1	CHAPTER	2024-2025	PUBLIC_UNIVERSITY	TELEGRAM_USER_PROVIDED	MEDIUM	organized/S1/Analyse-1/Cours/analysis_1-chapter_03.pdf	NEW		pdf_parsed (9p)		nombres-réels	PLACED_CANONICAL	canonical
L1---informatique-part-07.zip	L1---informatique/Ch 1_Sets Theory, Relations and Functions - Formula Sheet.PDF	extracted/L1---informatique-part-07/L1---informatique/Ch 1_Sets Theory, Relations and Functions - Formula Sheet.PDF	d0e038a3d947774b8b178f62e0ee5acae66f1e7c9c74b77207c15866ce671dfe	UNCLASSIFIED	UNCLASSIFIED	CHAPTER	ACADEMIC_YEAR_UNKNOWN	UNKNOWN	TELEGRAM_USER_PROVIDED	LOW	organized/UNCLASSIFIED/Autres/Ch 1_Sets Theory, Relations and Functions - Formula Sheet.PDF	NEW		pdf_parsed (5p)		general	PLACED_CANONICAL	canonical
L1---informatique-part-07.zip	L1---informatique/résumer chapitre 1 analyse REAL NUMBERS.pdf	extracted/L1---informatique-part-07/L1---informatique/résumer chapitre 1 analyse REAL NUMBERS.pdf	3ead52264c552575c36e3bdd4fd28dd39badbb78d9d686e90c6f14ce3ea2d38c	UNCLASSIFIED	UNCLASSIFIED	SUMMARY	ACADEMIC_YEAR_UNKNOWN	UNKNOWN	TELEGRAM_USER_PROVIDED	LOW	organized/UNCLASSIFIED/Autres/résumer chapitre 1 analyse REAL NUMBERS.pdf	NEW		PDF_NO_TEXT_LAYER (2p)		general	PLACED_CANONICAL	canonical
L1---informatique-part-07.zip	L1---informatique/Rattrapage - ASD.pdf	extracted/L1---informatique-part-07/L1---informatique/Rattrapage - ASD.pdf	8186cf0e4fccfac27da8cdfdd90c5254d7cd5e35452db2d60920e807084e0079	UNCLASSIFIED	UNCLASSIFIED	EXAM	ACADEMIC_YEAR_UNKNOWN	UNKNOWN	TELEGRAM_USER_PROVIDED	LOW	organized/UNCLASSIFIED/Autres/Rattrapage - ASD.pdf	NEW		PDF_NO_TEXT_LAYER (1p)		general	PLACED_CANONICAL	canonical
L1---informatique-part-07.zip	L1---informatique/Td 1 algo.pdf	extracted/L1---informatique-part-07/L1---informatique/Td 1 algo.pdf	1da843fff487e568b024f9d9a75664062c402b3920d6bfd2fdffee9133828e25	S1/Analyse-1	S1	TD	2024-2025	PUBLIC_UNIVERSITY	TELEGRAM_USER_PROVIDED	LOW	organized/S1/Analyse-1/TD/Td 1 algo.pdf	NEW		pdf_parsed (3p)		general	PLACED_CANONICAL	canonical
L1---informatique-part-07.zip	L1---informatique/résumé algo 1.pdf	extracted/L1---informatique-part-07/L1---informatique/résumé algo 1.pdf	72c28ae74fad321dc6f18a2b2f9dd0f60aaad28c2b37be5575acea92b08d4a61	S1/Algorithmique-ASD-1	S1	SUMMARY	ACADEMIC_YEAR_UNKNOWN	UNKNOWN	TELEGRAM_USER_PROVIDED	HIGH	organized/S1/Algorithmique-ASD-1/Revisions/résumé algo 1.pdf	NEW		PDF_NO_TEXT_LAYER (1p)		general	PLACED_CANONICAL	canonical
L1---informatique-part-07.zip	L1---informatique/Arrays_one_dim_ve.pdf	extracted/L1---informatique-part-07/L1---informatique/Arrays_one_dim_ve.pdf	327a812de4c7532206f5aba3c562fbd6318febe15ba2c4584a04d8711d65e7f6	S2/Algebre-2	S2	OTHER	ACADEMIC_YEAR_UNKNOWN	UNKNOWN	TELEGRAM_USER_PROVIDED	MEDIUM	organized/S2/Algebre-2/Autres/Arrays_one_dim_ve.pdf	NEW		pdf_parsed (28p)		espaces-vectoriels	PLACED_CANONICAL	canonical
L1---informatique-part-08.zip	L1---informatique/ملخص 3 (1).pdf	extracted/L1---informatique-part-08/L1---informatique/ملخص 3 (1).pdf	6ae0ed68b3f8857f77720af82d2bf15860191fb493e45e95278d6749c6296b43	S1/Logiciels-libres	S1	OTHER	ACADEMIC_YEAR_UNKNOWN	PUBLIC_UNIVERSITY	TELEGRAM_USER_PROVIDED	MEDIUM	organized/S1/Logiciels-libres/Autres/ملخص 3 (1).pdf	NEW		pdf_parsed (15p)		philosophie-du-libre	PLACED_CANONICAL	canonical of 1 exact duplicates
L1---informatique-part-08.zip	L1---informatique/ملخص 3.pdf	extracted/L1---informatique-part-08/L1---informatique/ملخص 3.pdf	6ae0ed68b3f8857f77720af82d2bf15860191fb493e45e95278d6749c6296b43	S1/Logiciels-libres	S1	OTHER	ACADEMIC_YEAR_UNKNOWN	PUBLIC_UNIVERSITY	TELEGRAM_USER_PROVIDED	MEDIUM	—	EXACT_DUPLICATE	L1---informatique-part-08.zip/extracted/L1---informatique-part-08/L1---informatique/ملخص 3 (1).pdf	pdf_parsed (15p)		philosophie-du-libre	DUPLICATE_NOT_COPIED	canonical copy: organized/S1/Logiciels-libres/Autres/ملخص 3 (1).pdf
L1---informatique-part-08.zip	L1---informatique/1CP EHEC examen N°1 Janvier 2020.pdf	extracted/L1---informatique-part-08/L1---informatique/1CP EHEC examen N°1 Janvier 2020.pdf	aac98f081d123319a8fb41faca273ea697dcce8e9f155d3942685c3b4b4d2ad3	UNCLASSIFIED	UNCLASSIFIED	EXAM	ACADEMIC_YEAR_UNKNOWN	UNKNOWN	TELEGRAM_USER_PROVIDED	LOW	organized/UNCLASSIFIED/Autres/1CP EHEC examen N°1 Janvier 2020.pdf	NEW		PDF_NO_TEXT_LAYER (1p)	nombre 4-chiffres nu dans le texte, non retenu comme preuve d'annee	general	PLACED_CANONICAL	canonical
L1---informatique-part-08.zip	L1---informatique/Structure MAchine 1 TDs (1).pdf	extracted/L1---informatique-part-08/L1---informatique/Structure MAchine 1 TDs (1).pdf	6f10ad0cc04c48c929da9324074758ad9607ee9444a983a8b08e0bada9160c0a	S1/Structure-de-machine-1	S1	OTHER	ACADEMIC_YEAR_UNKNOWN	UNKNOWN	TELEGRAM_USER_PROVIDED	LOW	—	EXACT_DUPLICATE	L1---informatique-part-02.zip/extracted/L1---informatique-part-02/L1---informatique/Structure MAchine 1 TDs.pdf	pdf_parsed (11p)		general	DUPLICATE_NOT_COPIED	canonical copy: organized/S1/Structure-de-machine-1/Autres/Structure MAchine 1 TDs.pdf
L1---informatique-part-08.zip	L1---informatique/TD2-(part4)-SM.pdf	extracted/L1---informatique-part-08/L1---informatique/TD2-(part4)-SM.pdf	a765cfaba18230cc8b9c4c4ce0a713a1019064d272b4e028e98173d6fcd0ce8e	S1/Structure-de-machine-1	S1	EXERCISES	2025-2026	OFFICIAL_UBMA	TELEGRAM_USER_PROVIDED	HIGH	organized/S1/Structure-de-machine-1/Series/TD2-(part4)-SM.pdf	NEW		pdf_parsed (4p)		numérations	PLACED_CANONICAL	canonical
L1---informatique-part-08.zip	L1---informatique/solution TD1.pdf	extracted/L1---informatique-part-08/L1---informatique/solution TD1.pdf	535b548371456cd6cceaec6440b1c7a200f981b079dc3f5dd479f41320dd42bd	S1/Algorithmique-ASD-1	S1	EXERCISES	ACADEMIC_YEAR_UNKNOWN	PUBLIC_UNIVERSITY	TELEGRAM_USER_PROVIDED	LOW	organized/S1/Algorithmique-ASD-1/Series/solution TD1.pdf	NEW		pdf_parsed (4p)		fondamentaux	PLACED_CANONICAL	canonical
L1---informatique-part-08.zip	L1---informatique/examen d'analyse 1 avec corrigé 2022-2023.pdf	extracted/L1---informatique-part-08/L1---informatique/examen d'analyse 1 avec corrigé 2022-2023.pdf	80f15ac5cdc31d57b8717b1f1cbf719b532deefe4d4404f23abeefba640b9322	S1/Analyse-1	S1	EXAM_CORRECTION	2022-2023	PUBLIC_UNIVERSITY	TELEGRAM_USER_PROVIDED	HIGH	organized/S1/Analyse-1/Corriges/examen d'analyse 1 avec corrigé 2022-2023.pdf	LIKELY_DUPLICATE	L1---informatique-part-03.zip/extracted/L1---informatique-part-03/L1---informatique/4_5769339949929205467.pdf	pdf_parsed (7p)		general	PLACED_LIKELY_DUP	organized/S1/Analyse-1/Corriges/examen d'analyse 1 avec corrigé 2022-2023.pdf
L1---informatique-part-08.zip	L1---informatique/Analyse_1_17-18_Fiche_2_Corrige.pdf	extracted/L1---informatique-part-08/L1---informatique/Analyse_1_17-18_Fiche_2_Corrige.pdf	adfc83feae9f75a2f22ded1fb872f6af681a8503f71f3f544f3d3f5440d9da55	S1/Analyse-1	S1	CORRECTION	2017-2018	PUBLIC_UNIVERSITY	TELEGRAM_USER_PROVIDED	LOW	organized/S1/Analyse-1/Corriges/Analyse_1_17-18_Fiche_2_Corrige.pdf	NEW		pdf_parsed (7p)		general	PLACED_CANONICAL	canonical
L1---informatique-part-08.zip	L1---informatique/résumer chapitre 3 analyse real functions and continuity.pdf	extracted/L1---informatique-part-08/L1---informatique/résumer chapitre 3 analyse real functions and continuity.pdf	96aae9262a5f66f753f82da1ee3444bfd8f788621b65d20ffdf3936fea676aee	UNCLASSIFIED	UNCLASSIFIED	SUMMARY	ACADEMIC_YEAR_UNKNOWN	UNKNOWN	TELEGRAM_USER_PROVIDED	LOW	organized/UNCLASSIFIED/Autres/résumer chapitre 3 analyse real functions and continuity.pdf	NEW		PDF_NO_TEXT_LAYER (3p)		general	PLACED_CANONICAL	canonical
L1---informatique-part-08.zip	L1---informatique/Td 3 algo.pdf	extracted/L1---informatique-part-08/L1---informatique/Td 3 algo.pdf	88bb4fb621d144e2c6c585ac615df1f906b86f4d6da54afda3655f0cd8a35bcb	S1/Structure-de-machine-1	S1	TD	2024-2025	PUBLIC_UNIVERSITY	TELEGRAM_USER_PROVIDED	HIGH	organized/S1/Structure-de-machine-1/TD/Td 3 algo.pdf	NEW		pdf_parsed (4p)		general	PLACED_CANONICAL	canonical
L1---informatique-part-08.zip	L1---informatique/mi1an_algo-exercices_corriges (1).pdf	extracted/L1---informatique-part-08/L1---informatique/mi1an_algo-exercices_corriges (1).pdf	0fff49fbdbef72d3621b3cf1dea151dbf9bf8a12ae01d2fc75a562fbe2359e91	S1/Algorithmique-ASD-1	S1	CORRECTION	ACADEMIC_YEAR_UNKNOWN	UNKNOWN	TELEGRAM_USER_PROVIDED	HIGH	—	EXACT_DUPLICATE	L1---informatique-part-04.zip/extracted/L1---informatique-part-04/L1---informatique/Exercices et Examens corrigés.pdf	pdf_parsed (87p)	nombre 4-chiffres nu dans le texte, non retenu comme preuve d'annee	conditions	DUPLICATE_NOT_COPIED	canonical copy: organized/S1/Algorithmique-ASD-1/Corriges/Exercices et Examens corrigés.pdf
L1---informatique-part-08.zip	L1---informatique/Tp 2 algo.pdf	extracted/L1---informatique-part-08/L1---informatique/Tp 2 algo.pdf	eabb37573c69dc81b820c582347fe0fcede64f9dc84e9c14470772c287f9a61a	S1/Structure-de-machine-1	S1	TP	2024-2025	PUBLIC_UNIVERSITY	TELEGRAM_USER_PROVIDED	HIGH	organized/S1/Structure-de-machine-1/TP/Tp 2 algo.pdf	NEW		pdf_parsed (4p)		general	PLACED_CANONICAL	canonical
L1---informatique-part-08.zip	L1---informatique/EXAMEN d'analyse1 avec corrigé 2012 (2).pdf	extracted/L1---informatique-part-08/L1---informatique/EXAMEN d'analyse1 avec corrigé 2012 (2).pdf	f7574e6956aea769f5f049d7ef6812ffceb330b4aaa6408bf9c3a341dcc49f4c	S1/Analyse-1	S1	EXAM_CORRECTION	ACADEMIC_YEAR_UNKNOWN	UNKNOWN	TELEGRAM_USER_PROVIDED	HIGH	organized/S1/Analyse-1/Corriges/EXAMEN d'analyse1 avec corrigé 2012 (2).pdf	NEW		PDF_NO_TEXT_LAYER (7p)	nombre 4-chiffres nu dans le texte, non retenu comme preuve d'annee	general	PLACED_CANONICAL	canonical of 2 exact duplicates
L1---informatique-part-08.zip	L1---informatique/Analyse_1_17-18_Fiche_4_Corrige.pdf	extracted/L1---informatique-part-08/L1---informatique/Analyse_1_17-18_Fiche_4_Corrige.pdf	aac6fd683e14d3ba51714065e8e964e540c97c8088a93a435879282f3e42501f	S1/Algorithmique-ASD-1	S1	CORRECTION	2017-2018	PUBLIC_UNIVERSITY	TELEGRAM_USER_PROVIDED	MEDIUM	organized/S1/Algorithmique-ASD-1/Corriges/Analyse_1_17-18_Fiche_4_Corrige.pdf	NEW		pdf_parsed (5p)		conditions	PLACED_CANONICAL	canonical
L1---informatique-part-08.zip	L1---informatique/SolutionTdAlgo (1).pdf	extracted/L1---informatique-part-08/L1---informatique/SolutionTdAlgo (1).pdf	dcae26917ed5ea89a97446ccbfa2e9ca7c759056b9b491f4b251b94eb91cbf0f	S1/Algorithmique-ASD-1	S1	EXERCISES	2023-2024	UNKNOWN	TELEGRAM_USER_PROVIDED	HIGH	organized/S1/Algorithmique-ASD-1/Series/SolutionTdAlgo (1).pdf	NEW		pdf_parsed (13p)		general	PLACED_CANONICAL	canonical of 1 exact duplicates
L1---informatique-part-08.zip	L1---informatique/Tutorial 2 ALSDS.pdf	extracted/L1---informatique-part-08/L1---informatique/Tutorial 2 ALSDS.pdf	373e7f85b64ce2ff67b1daaea1721c50bf564f55896c884f5d1fe48444769031	S2/Logique-mathematique	S2	TP	2025-2026	UNKNOWN	TELEGRAM_USER_PROVIDED	MEDIUM	organized/S2/Logique-mathematique/TP/Tutorial 2 ALSDS.pdf	NEW		pdf_parsed (4p)		general	PLACED_CANONICAL	canonical
L1---informatique-part-08.zip	L1---informatique/Td 4 algo.pdf	extracted/L1---informatique-part-08/L1---informatique/Td 4 algo.pdf	435916bfceae0a49d25ac374b67b6e1c7c77f9e4557b26e22f781adc03277236	UNCLASSIFIED	UNCLASSIFIED	TD	2024-2025	PUBLIC_UNIVERSITY	TELEGRAM_USER_PROVIDED	LOW	organized/UNCLASSIFIED/Autres/Td 4 algo.pdf	NEW		pdf_parsed (4p)		general	PLACED_CANONICAL	canonical
L1---informatique-part-08.zip	L1---informatique/Solution fiche tp 07 (1).pdf	extracted/L1---informatique-part-08/L1---informatique/Solution fiche tp 07 (1).pdf	f175b27542efd2376c2fae90c16ab5821b079909fe243d7f694b490854726118	UNCLASSIFIED	UNCLASSIFIED	TP	ACADEMIC_YEAR_UNKNOWN	UNKNOWN	TELEGRAM_USER_PROVIDED	LOW	organized/UNCLASSIFIED/Autres/Solution fiche tp 07 (1).pdf	NEW		pdf_parsed (3p)		general	PLACED_CANONICAL	canonical
L1---informatique-part-08.zip	L1---informatique/Examen 13 analyse 1+ solution.PDF	extracted/L1---informatique-part-08/L1---informatique/Examen 13 analyse 1+ solution.PDF	c1cf25324241d824f1864d0365551a6e99ffd02f5a85b73846f556c0657b0b40	S1/Analyse-1	S1	EXAM	2016-2017	PUBLIC_UNIVERSITY	TELEGRAM_USER_PROVIDED	HIGH	organized/S1/Analyse-1/Examens/Examen 13 analyse 1+ solution.PDF	NEW		pdf_parsed (5p)		suites	PLACED_CANONICAL	canonical
L1---informatique-part-08.zip	L1---informatique/examen+corr 2024.pdf	extracted/L1---informatique-part-08/L1---informatique/examen+corr 2024.pdf	2a2ec430adaaf79361428805ea07fa2126e21394228fe539960623b24462c851	UNCLASSIFIED	UNCLASSIFIED	EXAM	ACADEMIC_YEAR_UNKNOWN	UNKNOWN	TELEGRAM_USER_PROVIDED	LOW	organized/UNCLASSIFIED/Autres/examen+corr 2024.pdf	NEW		PDF_NO_TEXT_LAYER (5p)	nombre 4-chiffres nu dans le texte, non retenu comme preuve d'annee	general	PLACED_CANONICAL	canonical
L1---informatique-part-08.zip	L1---informatique/SolutionTdAlgo.pdf	extracted/L1---informatique-part-08/L1---informatique/SolutionTdAlgo.pdf	dcae26917ed5ea89a97446ccbfa2e9ca7c759056b9b491f4b251b94eb91cbf0f	S1/Algorithmique-ASD-1	S1	EXERCISES	2023-2024	UNKNOWN	TELEGRAM_USER_PROVIDED	HIGH	—	EXACT_DUPLICATE	L1---informatique-part-08.zip/extracted/L1---informatique-part-08/L1---informatique/SolutionTdAlgo (1).pdf	pdf_parsed (13p)		general	DUPLICATE_NOT_COPIED	canonical copy: organized/S1/Algorithmique-ASD-1/Series/SolutionTdAlgo (1).pdf
L1---informatique-part-08.zip	L1---informatique/solution tp 06.pdf	extracted/L1---informatique-part-08/L1---informatique/solution tp 06.pdf	148a347ec94b2ef7a6aa9fc647731eeb13ef9975a73390878648846ed4280ca7	UNCLASSIFIED	UNCLASSIFIED	TP	ACADEMIC_YEAR_UNKNOWN	UNKNOWN	TELEGRAM_USER_PROVIDED	LOW	organized/UNCLASSIFIED/Autres/solution tp 06.pdf	NEW		PDF_NO_TEXT_LAYER (3p)		general	PLACED_CANONICAL	canonical
L1---informatique-part-08.zip	L1---informatique/Chapitre3 Algo-Types de données non standard.pdf	extracted/L1---informatique-part-08/L1---informatique/Chapitre3 Algo-Types de données non standard.pdf	ca8ac8dec0cba4e17b4ad530bca24f1ac456579d72b44c5acda8369212c0673e	S2/Algebre-2	S2	REFERENCE	ACADEMIC_YEAR_UNKNOWN	UNKNOWN	TELEGRAM_USER_PROVIDED	MEDIUM	organized/S2/Algebre-2/Supports/Chapitre3 Algo-Types de données non standard.pdf	NEW		pdf_parsed (6p)		general	PLACED_CANONICAL	canonical
L1---informatique-part-08.zip	L1---informatique/examen d'analyse 1 avec corrigé 2022-2023 (1).pdf	extracted/L1---informatique-part-08/L1---informatique/examen d'analyse 1 avec corrigé 2022-2023 (1).pdf	80f15ac5cdc31d57b8717b1f1cbf719b532deefe4d4404f23abeefba640b9322	S1/Analyse-1	S1	EXAM_CORRECTION	2022-2023	PUBLIC_UNIVERSITY	TELEGRAM_USER_PROVIDED	HIGH	—	EXACT_DUPLICATE	L1---informatique-part-08.zip/extracted/L1---informatique-part-08/L1---informatique/examen d'analyse 1 avec corrigé 2022-2023.pdf	pdf_parsed (7p)		general	DUPLICATE_NOT_COPIED	canonical copy: organized/S1/Analyse-1/Corriges/examen d'analyse 1 avec corrigé 2022-2023.pdf
L1---informatique-part-08.zip	L1---informatique/Examen 1 analyse 1+ solution.PDF	extracted/L1---informatique-part-08/L1---informatique/Examen 1 analyse 1+ solution.PDF	54554e8aefd6fa2bd132fd0d8568fd8c51cf1d69c64b87f28ab1d286708c4d97	S1/Analyse-1	S1	EXAM	ACADEMIC_YEAR_UNKNOWN	PUBLIC_UNIVERSITY	TELEGRAM_USER_PROVIDED	HIGH	organized/S1/Analyse-1/Examens/Examen 1 analyse 1+ solution.PDF	NEW		pdf_parsed (4p)		continuité	PLACED_CANONICAL	canonical
L1---informatique-part-08.zip	L1---informatique/EXAMEN d'analyse1 avec corrigé 2012 (1).pdf	extracted/L1---informatique-part-08/L1---informatique/EXAMEN d'analyse1 avec corrigé 2012 (1).pdf	f7574e6956aea769f5f049d7ef6812ffceb330b4aaa6408bf9c3a341dcc49f4c	S1/Analyse-1	S1	EXAM_CORRECTION	ACADEMIC_YEAR_UNKNOWN	UNKNOWN	TELEGRAM_USER_PROVIDED	HIGH	—	EXACT_DUPLICATE	L1---informatique-part-08.zip/extracted/L1---informatique-part-08/L1---informatique/EXAMEN d'analyse1 avec corrigé 2012 (2).pdf	PDF_NO_TEXT_LAYER (7p)	nombre 4-chiffres nu dans le texte, non retenu comme preuve d'annee	general	DUPLICATE_NOT_COPIED	canonical copy: organized/S1/Analyse-1/Corriges/EXAMEN d'analyse1 avec corrigé 2012 (2).pdf
L1---informatique-part-08.zip	L1---informatique/EXAMEN d'analyse1 avec corrigé 2012.pdf	extracted/L1---informatique-part-08/L1---informatique/EXAMEN d'analyse1 avec corrigé 2012.pdf	f7574e6956aea769f5f049d7ef6812ffceb330b4aaa6408bf9c3a341dcc49f4c	S1/Analyse-1	S1	EXAM_CORRECTION	ACADEMIC_YEAR_UNKNOWN	UNKNOWN	TELEGRAM_USER_PROVIDED	HIGH	—	EXACT_DUPLICATE	L1---informatique-part-08.zip/extracted/L1---informatique-part-08/L1---informatique/EXAMEN d'analyse1 avec corrigé 2012 (2).pdf	PDF_NO_TEXT_LAYER (7p)	nombre 4-chiffres nu dans le texte, non retenu comme preuve d'annee	general	DUPLICATE_NOT_COPIED	canonical copy: organized/S1/Analyse-1/Corriges/EXAMEN d'analyse1 avec corrigé 2012 (2).pdf
L1---informatique-part-08.zip	L1---informatique/7- Arrays 1D & 2D.pdf	extracted/L1---informatique-part-08/L1---informatique/7- Arrays 1D & 2D.pdf	f36229f1b8846eb77cfceb63af5dc442c20244988450523d757bc96be2a8f138	S2/Algebre-2	S2	OTHER	ACADEMIC_YEAR_UNKNOWN	UNKNOWN	TELEGRAM_USER_PROVIDED	HIGH	organized/S2/Algebre-2/Autres/7- Arrays 1D & 2D.pdf	NEW		pdf_parsed (13p)		espaces-vectoriels	PLACED_CANONICAL	canonical
L1---informatique-part-08.zip	L1---informatique/Chapitre2 Algo-Structure de controle.pdf	extracted/L1---informatique-part-08/L1---informatique/Chapitre2 Algo-Structure de controle.pdf	2a9457b1f39ea8c89a17ef59eb315a8a65706b2c6ce7d6975e2b110fa3b5f728	S1/Algorithmique-ASD-1	S1	REFERENCE	ACADEMIC_YEAR_UNKNOWN	UNKNOWN	TELEGRAM_USER_PROVIDED	HIGH	organized/S1/Algorithmique-ASD-1/Supports/Chapitre2 Algo-Structure de controle.pdf	NEW		pdf_parsed (8p)		fondamentaux	PLACED_CANONICAL	canonical
L1---informatique-part-09.zip	L1---informatique/Open_source_IT_Summary_QCM (1).pdf	extracted/L1---informatique-part-09/L1---informatique/Open_source_IT_Summary_QCM (1).pdf	cdb8a81d2941d48764a0bdd66dda606de926428ec4dfbfad77db501758fde926	S1/Algorithmique-ASD-1	S1	CORRECTION	ACADEMIC_YEAR_UNKNOWN	UNKNOWN	TELEGRAM_USER_PROVIDED	MEDIUM	organized/S1/Algorithmique-ASD-1/Corriges/Open_source_IT_Summary_QCM (1).pdf	NEW		pdf_parsed (16p)	nombre 4-chiffres nu dans le texte, non retenu comme preuve d'annee	tri	PLACED_CANONICAL	canonical
L1---informatique-part-09.zip	L1---informatique/Examen3 Structure Machine 1 Tlemcen.pdf	extracted/L1---informatique-part-09/L1---informatique/Examen3 Structure Machine 1 Tlemcen.pdf	b3571d8873154bdf18083a79a7e96bf444b5fb48917cc0d8af3a7d474ae57d3b	S1/Structure-de-machine-1	S1	EXAM	ACADEMIC_YEAR_UNKNOWN	PUBLIC_UNIVERSITY	TELEGRAM_USER_PROVIDED	HIGH	organized/S1/Structure-de-machine-1/Examens/Examen3 Structure Machine 1 Tlemcen.pdf	NEW		pdf_parsed (2p)	nombre 4-chiffres nu dans le texte, non retenu comme preuve d'annee	numérations	PLACED_CANONICAL	canonical of 1 exact duplicates
L1---informatique-part-09.zip	L1---informatique/Examen3 Structure Machine 1 Tlemcen (1).pdf	extracted/L1---informatique-part-09/L1---informatique/Examen3 Structure Machine 1 Tlemcen (1).pdf	b3571d8873154bdf18083a79a7e96bf444b5fb48917cc0d8af3a7d474ae57d3b	S1/Structure-de-machine-1	S1	EXAM	ACADEMIC_YEAR_UNKNOWN	PUBLIC_UNIVERSITY	TELEGRAM_USER_PROVIDED	HIGH	—	EXACT_DUPLICATE	L1---informatique-part-09.zip/extracted/L1---informatique-part-09/L1---informatique/Examen3 Structure Machine 1 Tlemcen.pdf	pdf_parsed (2p)	nombre 4-chiffres nu dans le texte, non retenu comme preuve d'annee	numérations	DUPLICATE_NOT_COPIED	canonical copy: organized/S1/Structure-de-machine-1/Examens/Examen3 Structure Machine 1 Tlemcen.pdf
L1---informatique-part-09.zip	L1---informatique/MICRO-B2.pdf	extracted/L1---informatique-part-09/L1---informatique/MICRO-B2.pdf	a9f9846a79173d0caa11a6c6002936f2d51db9bf169fd8bbc5e9e38eec58e45e	S2/Algebre-2	S2	OTHER	2024-2025	PUBLIC_UNIVERSITY	TELEGRAM_USER_PROVIDED	LOW	organized/S2/Algebre-2/Autres/MICRO-B2.pdf	NEW		pdf_parsed (1p)		structures-algébriques	PLACED_CANONICAL	canonical
L1---informatique-part-09.zip	L1---informatique/MICRO-A6.pdf	extracted/L1---informatique-part-09/L1---informatique/MICRO-A6.pdf	a141591e807c225c818006ad9a0ef6f9d76145104c28e01f0a5110d9d9a46419	S2/Algebre-2	S2	OTHER	2024-2025	PUBLIC_UNIVERSITY	TELEGRAM_USER_PROVIDED	LOW	organized/S2/Algebre-2/Autres/MICRO-A6.pdf	NEW		pdf_parsed (1p)		structures-algébriques	PLACED_CANONICAL	canonical
L1---informatique-part-09.zip	L1---informatique/MICRO-A3.pdf	extracted/L1---informatique-part-09/L1---informatique/MICRO-A3.pdf	5103a120ea338132a88fb9fb6312d1c2e95a690d1dc44d33142b6216ea299cbd	S2/Algebre-2	S2	OTHER	2024-2025	PUBLIC_UNIVERSITY	TELEGRAM_USER_PROVIDED	LOW	organized/S2/Algebre-2/Autres/MICRO-A3.pdf	NEW		pdf_parsed (1p)		structures-algébriques	PLACED_CANONICAL	canonical
L1---informatique-part-09.zip	L1---informatique/serie_n2_ANALYSE_2FR.pdf	extracted/L1---informatique-part-09/L1---informatique/serie_n2_ANALYSE_2FR.pdf	963d2d6f1fe118f355f0a6f75ddebc89ca6354b35c80d612eb9879e06ba88d8f	S1/Analyse-1	S1	EXERCISES	2025-2026	PUBLIC_UNIVERSITY	TELEGRAM_USER_PROVIDED	HIGH	organized/S1/Analyse-1/Series/serie_n2_ANALYSE_2FR.pdf	NEW		pdf_parsed (2p)		suites	PLACED_CANONICAL	canonical
L1---informatique-part-09.zip	L1---informatique/serie_n1_ANALYSE_1FR (2) (1).pdf	extracted/L1---informatique-part-09/L1---informatique/serie_n1_ANALYSE_1FR (2) (1).pdf	6db82d2fc731a1a3f214c9215d8877f76ad4bd831e04482aaf2b6481015e1835	UNCLASSIFIED	UNCLASSIFIED	EXERCISES	2025-2026	PUBLIC_UNIVERSITY	TELEGRAM_USER_PROVIDED	LOW	organized/UNCLASSIFIED/Autres/serie_n1_ANALYSE_1FR (2) (1).pdf	NEW		pdf_parsed (2p)		general	PLACED_CANONICAL	canonical
L1---informatique-part-09.zip	L1---informatique/Developpements limites usuels.pdf	extracted/L1---informatique-part-09/L1---informatique/Developpements limites usuels.pdf	c0d4d80314cd79e1a0fdbf395be4b99b27f611911a5c8b826f33ffc3f23b7b01	UNCLASSIFIED	UNCLASSIFIED	OTHER	ACADEMIC_YEAR_UNKNOWN	UNKNOWN	TELEGRAM_USER_PROVIDED	LOW	organized/UNCLASSIFIED/Autres/Developpements limites usuels.pdf	NEW		pdf_parsed (1p)		general	PLACED_CANONICAL	canonical
L1---informatique-part-09.zip	L1---informatique/Feuille de réponse de test tp + Solution.pdf	extracted/L1---informatique-part-09/L1---informatique/Feuille de réponse de test tp + Solution.pdf	d0023ba4719d9f011a2cdc4e522d89aa55c1cfc7261a1e753912c62f6bc2ccdd	S2/ASD-2	S2	EXAM	ACADEMIC_YEAR_UNKNOWN	UNKNOWN	TELEGRAM_USER_PROVIDED	HIGH	organized/S2/ASD-2/Examens/Feuille de réponse de test tp + Solution.pdf	NEW		pdf_parsed (3p)		langage-C	PLACED_CANONICAL	canonical
L1---informatique-part-09.zip	L1---informatique/interrogation fr.pdf	extracted/L1---informatique-part-09/L1---informatique/interrogation fr.pdf	fb98647e0af1dec65b5e9a36296b7a54f68adf6c335d45104257148e5ca976cc	S1/Algorithmique-ASD-1	S1	OTHER	ACADEMIC_YEAR_UNKNOWN	PUBLIC_UNIVERSITY	TELEGRAM_USER_PROVIDED	HIGH	organized/S1/Algorithmique-ASD-1/Autres/interrogation fr.pdf	NEW		pdf_parsed (2p)	nombre 4-chiffres nu dans le texte, non retenu comme preuve d'annee	tri	PLACED_CANONICAL	canonical
L1---informatique-part-09.zip	L1---informatique/interrogation en + corrigé.pdf	extracted/L1---informatique-part-09/L1---informatique/interrogation en + corrigé.pdf	cb33baaa3d8daeb1ec6bcf69779e7f36e1701ba7e0552d7120fec2ea95890e7d	S1/Algorithmique-ASD-1	S1	CORRECTION	ACADEMIC_YEAR_UNKNOWN	PUBLIC_UNIVERSITY	TELEGRAM_USER_PROVIDED	LOW	organized/S1/Algorithmique-ASD-1/Corriges/interrogation en + corrigé.pdf	NEW		pdf_parsed (2p)	nombre 4-chiffres nu dans le texte, non retenu comme preuve d'annee	tri	PLACED_CANONICAL	canonical
L1---informatique-part-10.zip	L1---informatique/Free and Open Source Software (1).pdf	extracted/L1---informatique-part-10/L1---informatique/Free and Open Source Software (1).pdf	948a30b429765bc04f7d445b198132a216b28184c2b6eee717085b6ab6f370a1	S1/Logiciels-libres	S1	CHAPTER	2025-2026	PUBLIC_UNIVERSITY	TELEGRAM_USER_PROVIDED	HIGH	organized/S1/Logiciels-libres/Cours/Free and Open Source Software (1).pdf	NEW		pdf_parsed (65p)		philosophie-du-libre	PLACED_CANONICAL	canonical
L1---informatique-part-10.zip	L1---informatique/Chapter 01 Information Technologies.pdf	extracted/L1---informatique-part-10/L1---informatique/Chapter 01 Information Technologies.pdf	71dc6c35276ffce8e7fede435cdeb23a0991181fac8d7eb4947e1163b018a03f	S1/Logiciels-libres	S1	CHAPTER	2025-2026	UNKNOWN	TELEGRAM_USER_PROVIDED	HIGH	organized/S1/Logiciels-libres/Cours/Chapter 01 Information Technologies.pdf	NEW		pdf_parsed (63p)		philosophie-du-libre	PLACED_CANONICAL	canonical
L1---informatique-part-10.zip	L1---informatique/livre-algebre-1.pdf	extracted/L1---informatique-part-10/L1---informatique/livre-algebre-1.pdf	62a570153402d8d326fc65c1cc6117144566453875be110e9b33067c00bf9db0	S2/Algebre-2	S2	OTHER	ACADEMIC_YEAR_UNKNOWN	PUBLIC_UNIVERSITY	TELEGRAM_USER_PROVIDED	HIGH	organized/S2/Algebre-2/Autres/livre-algebre-1.pdf	NEW		pdf_parsed (246p)		structures-algébriques	PLACED_CANONICAL	canonical
L1---informatique-part-10.zip	L1---informatique/Exam 2.pdf	extracted/L1---informatique-part-10/L1---informatique/Exam 2.pdf	e6ce502888fb5c3ea7a5d3930aaf63a3cd149c4a03b67e05583923e88accb1eb	UNCLASSIFIED	UNCLASSIFIED	OTHER	ACADEMIC_YEAR_UNKNOWN	UNKNOWN	TELEGRAM_USER_PROVIDED	LOW	organized/UNCLASSIFIED/Autres/Exam 2.pdf	NEW		PDF_NO_TEXT_LAYER (7p)		general	PLACED_CANONICAL	canonical
L1---informatique-part-10.zip	L1---informatique/Limite ,continuité, et dérivabilité.PDF	extracted/L1---informatique-part-10/L1---informatique/Limite ,continuité, et dérivabilité.PDF	886ad7bb98e574f5f809243890f6a4ea17c9919621b89597657d09092e1ba8dd	S1/Analyse-1	S1	OTHER	ACADEMIC_YEAR_UNKNOWN	UNKNOWN	TELEGRAM_USER_PROVIDED	HIGH	organized/S1/Analyse-1/Autres/Limite ,continuité, et dérivabilité.PDF	NEW		PDF_NO_TEXT_LAYER (2p)		continuité	PLACED_CANONICAL	canonical
L1---informatique-part-10.zip	L1---informatique/C_Loops_Exercises_Djaafri_Fouzi.pdf	extracted/L1---informatique-part-10/L1---informatique/C_Loops_Exercises_Djaafri_Fouzi.pdf	3e1fe9f6c26e2a3df23aca9cad03d58b2a1388570abe00bddf94a0bd2015e316	S1/Analyse-1	S1	EXERCISES	ACADEMIC_YEAR_UNKNOWN	UNKNOWN	TELEGRAM_USER_PROVIDED	MEDIUM	organized/S1/Analyse-1/Series/C_Loops_Exercises_Djaafri_Fouzi.pdf	NEW		pdf_parsed (1p)		développements-limités	PLACED_CANONICAL	canonical
L1---informatique-part-10.zip	L1---informatique/Examen 2 analyse 1+ solution.PDF	extracted/L1---informatique-part-10/L1---informatique/Examen 2 analyse 1+ solution.PDF	8178fb69e7fce19ff22d2737eb2a51c3c02a4cd40e2f242de3d1c119ef289b88	S1/Analyse-1	S1	EXAM	ACADEMIC_YEAR_UNKNOWN	PUBLIC_UNIVERSITY	TELEGRAM_USER_PROVIDED	MEDIUM	organized/S1/Analyse-1/Examens/Examen 2 analyse 1+ solution.PDF	NEW		pdf_parsed (10p)	nombre 4-chiffres nu dans le texte, non retenu comme preuve d'annee	general	PLACED_CANONICAL	canonical
L1---informatique-part-10.zip	L1---informatique/Exercices Corrigés d’Analyse 1.pdf	extracted/L1---informatique-part-10/L1---informatique/Exercices Corrigés d’Analyse 1.pdf	247fe1ad843cba45fedceec119222a6d3a639416b205aa5dfae763323e724ae6	S1/Analyse-1	S1	CORRECTION	2018-2019	PUBLIC_UNIVERSITY	TELEGRAM_USER_PROVIDED	MEDIUM	organized/S1/Analyse-1/Corriges/Exercices Corrigés d’Analyse 1.pdf	NEW		pdf_parsed (57p)		general	PLACED_CANONICAL	canonical
L1---informatique-part-10.zip	L1---informatique/Solution Fiche TP 1 2 3 4.pdf	extracted/L1---informatique-part-10/L1---informatique/Solution Fiche TP 1 2 3 4.pdf	8905a5165fc3389c0456d0c4beb7b28cb9e3f98a53de741b698e01681e8618a4	S1/Algorithmique-ASD-1	S1	TP	ACADEMIC_YEAR_UNKNOWN	UNKNOWN	TELEGRAM_USER_PROVIDED	MEDIUM	organized/S1/Algorithmique-ASD-1/TP/Solution Fiche TP 1 2 3 4.pdf	NEW		pdf_parsed (13p)		fondamentaux	PLACED_CANONICAL	canonical
L1---informatique-part-10.zip	L1---informatique/‎⁨مراجعة اناليز⁩.pdf	extracted/L1---informatique-part-10/L1---informatique/‎⁨مراجعة اناليز⁩.pdf	c2b655823996a02ef719d0d8ca5e9733491c9222fe26901fc6d8e6b60eba4eaa	UNCLASSIFIED	UNCLASSIFIED	OTHER	ACADEMIC_YEAR_UNKNOWN	UNKNOWN	TELEGRAM_USER_PROVIDED	LOW	organized/UNCLASSIFIED/Autres/‎⁨مراجعة اناليز⁩.pdf	NEW		pdf_parsed (69p)		general	PLACED_CANONICAL	canonical
L1---informatique-part-10.zip	L1---informatique/Ch3 Les fonctions réelles a une variable réelle.pdf	extracted/L1---informatique-part-10/L1---informatique/Ch3 Les fonctions réelles a une variable réelle.pdf	16ed2a858add50117feff18642f9b650fe0cbbdb00714259e604e7c2a4547117	UNCLASSIFIED	UNCLASSIFIED	OTHER	ACADEMIC_YEAR_UNKNOWN	UNKNOWN	TELEGRAM_USER_PROVIDED	LOW	organized/UNCLASSIFIED/Autres/Ch3 Les fonctions réelles a une variable réelle.pdf	NEW		PDF_NO_TEXT_LAYER (23p)		general	PLACED_CANONICAL	canonical
L1---informatique-part-10.zip	L1---informatique/trigonometrie.pdf	extracted/L1---informatique-part-10/L1---informatique/trigonometrie.pdf	9e93dcd8236f7da65a21d7e284db75c3411479d5b4fde92e7d89711b35abe476	S1/Electricite-generale	S1	COURSE	ACADEMIC_YEAR_UNKNOWN	UNKNOWN	TELEGRAM_USER_PROVIDED	LOW	organized/S1/Electricite-generale/Cours/trigonometrie.pdf	NEW		pdf_parsed (1p)		general	PLACED_CANONICAL	canonical
L1---informatique-part-11.zip	L1---informatique/CHAPTER-02-Final.pdf	extracted/L1---informatique-part-11/L1---informatique/CHAPTER-02-Final.pdf	d9f6c28d2c9a10d40f13887eed4a6e029dc011c6bba00e8ae973a3845ff3f383	S1/Logiciels-libres	S1	CHAPTER	2025-2026	UNKNOWN	TELEGRAM_USER_PROVIDED	HIGH	organized/S1/Logiciels-libres/Cours/CHAPTER-02-Final.pdf	NEW		pdf_parsed (69p)		philosophie-du-libre	PLACED_CANONICAL	canonical
L1---informatique-part-11.zip	L1---informatique/CHAPTER 4. ALGEBRAIC STRUCTURES. Groups + Rings.pdf	extracted/L1---informatique-part-11/L1---informatique/CHAPTER 4. ALGEBRAIC STRUCTURES. Groups + Rings.pdf	8be12b6a87f6bef3c8ba385ab135f4c93302042b65f85de17c7f8019c12f9675	S2/Algebre-2	S2	CHAPTER	ACADEMIC_YEAR_UNKNOWN	UNKNOWN	TELEGRAM_USER_PROVIDED	MEDIUM	organized/S2/Algebre-2/Cours/CHAPTER 4. ALGEBRAIC STRUCTURES. Groups + Rings.pdf	NEW		pdf_parsed (45p)	nombre 4-chiffres nu dans le texte, non retenu comme preuve d'annee	structures-algébriques	PLACED_CANONICAL	canonical
L1---informatique-part-11.zip	L1---informatique/Résumé Algèbre 1 (1).pdf	extracted/L1---informatique-part-11/L1---informatique/Résumé Algèbre 1 (1).pdf	5ae01de9b9aa028c2352bf4f1791def9265e298af5b3cc229b3ae497eaa2505e	S1/Algebre-1	S1	SUMMARY	ACADEMIC_YEAR_UNKNOWN	UNKNOWN	TELEGRAM_USER_PROVIDED	HIGH	organized/S1/Algebre-1/Revisions/Résumé Algèbre 1 (1).pdf	NEW		PDF_NO_TEXT_LAYER (9p)		general	PLACED_CANONICAL	canonical
L1---informatique-part-11.zip	L1---informatique/Chapitre 3 - Algebre de Boole(Ziani).pdf	extracted/L1---informatique-part-11/L1---informatique/Chapitre 3 - Algebre de Boole(Ziani).pdf	8db7fb7295e6e8d3c4f7cc6cf58faa11a6bfa3a43213168917a0016ff07c3874	S1/Structure-de-machine-1	S1	CHAPTER	ACADEMIC_YEAR_UNKNOWN	UNKNOWN	TELEGRAM_USER_PROVIDED	LOW	organized/S1/Structure-de-machine-1/Cours/Chapitre 3 - Algebre de Boole(Ziani).pdf	NEW		parse_error:DependencyError		algèbre-de-bool	PLACED_CANONICAL	canonical
L1---informatique-part-11.zip	L1---informatique/Chap 1 SM-Systèmes de Numération(Ounnaci).pdf	extracted/L1---informatique-part-11/L1---informatique/Chap 1 SM-Systèmes de Numération(Ounnaci).pdf	c20999bf0e45236e7d201d5b83c5dc2af32b1ea360e08c35e685b18eb379de45	S1/Structure-de-machine-1	S1	LECTURE	ACADEMIC_YEAR_UNKNOWN	PUBLIC_UNIVERSITY	TELEGRAM_USER_PROVIDED	HIGH	organized/S1/Structure-de-machine-1/Cours/Chap 1 SM-Systèmes de Numération(Ounnaci).pdf	NEW		pdf_parsed (7p)		numérations	PLACED_CANONICAL	canonical
L1---informatique-part-11.zip	L1---informatique/Exam 1.pdf	extracted/L1---informatique-part-11/L1---informatique/Exam 1.pdf	0644dbb2e02792ad40ca3d226ad74c835174fe4cd2e519440e1da4c8e68e6cab	UNCLASSIFIED	UNCLASSIFIED	OTHER	ACADEMIC_YEAR_UNKNOWN	UNKNOWN	TELEGRAM_USER_PROVIDED	LOW	organized/UNCLASSIFIED/Autres/Exam 1.pdf	NEW		PDF_NO_TEXT_LAYER (7p)		general	PLACED_CANONICAL	canonical
L1---informatique-part-11.zip	L1---informatique/Examen 14 analyse 1+ solution.PDF	extracted/L1---informatique-part-11/L1---informatique/Examen 14 analyse 1+ solution.PDF	9ef0b22ee09a9eb9d4bf4120058541defa480032dec056b8d0aa69a275c7f636	S1/Analyse-1	S1	EXAM	ACADEMIC_YEAR_UNKNOWN	PUBLIC_UNIVERSITY	TELEGRAM_USER_PROVIDED	MEDIUM	organized/S1/Analyse-1/Examens/Examen 14 analyse 1+ solution.PDF	NEW		pdf_parsed (4p)		suites	PLACED_CANONICAL	canonical
L1---informatique-part-11.zip	L1---informatique/Examen 4 analyse 1+ solution.PDF	extracted/L1---informatique-part-11/L1---informatique/Examen 4 analyse 1+ solution.PDF	d8336239355d182edd3cf7f383b628e59913bc717b2f0d10c813da1cac1e9755	S1/Analyse-1	S1	EXAM	ACADEMIC_YEAR_UNKNOWN	PUBLIC_UNIVERSITY	TELEGRAM_USER_PROVIDED	MEDIUM	organized/S1/Analyse-1/Examens/Examen 4 analyse 1+ solution.PDF	NEW		pdf_parsed (4p)		general	PLACED_CANONICAL	canonical
L1---informatique-part-11.zip	L1---informatique/Analyse 1 (1).pdf	extracted/L1---informatique-part-11/L1---informatique/Analyse 1 (1).pdf	26e55f3f2fc616622382070baa64ef9427b27096f176dc1ff0c0f77aad619885	S1/Analyse-1	S1	CORRECTION	2023-2024	PUBLIC_UNIVERSITY	TELEGRAM_USER_PROVIDED	HIGH	organized/S1/Analyse-1/Corriges/Analyse 1 (1).pdf	NEW		pdf_parsed (170p)		general	PLACED_CANONICAL	canonical of 1 exact duplicates
L1---informatique-part-11.zip	L1---informatique/CECA1_FO.pdf	extracted/L1---informatique-part-11/L1---informatique/CECA1_FO.pdf	26e55f3f2fc616622382070baa64ef9427b27096f176dc1ff0c0f77aad619885	S1/Analyse-1	S1	CORRECTION	2023-2024	PUBLIC_UNIVERSITY	TELEGRAM_USER_PROVIDED	HIGH	—	EXACT_DUPLICATE	L1---informatique-part-11.zip/extracted/L1---informatique-part-11/L1---informatique/Analyse 1 (1).pdf	pdf_parsed (170p)		general	DUPLICATE_NOT_COPIED	canonical copy: organized/S1/Analyse-1/Corriges/Analyse 1 (1).pdf
L1---informatique-part-11.zip	L1---informatique/Drivation et Fonctions usuales Cours et exercices 2021-2022.pdf	extracted/L1---informatique-part-11/L1---informatique/Drivation et Fonctions usuales Cours et exercices 2021-2022.pdf	f8d82af7a62db35be181a80019555ddfbcff2bf4444df27378ec6e8c05067488	UNCLASSIFIED	UNCLASSIFIED	EXERCISES	2021-2022	UNKNOWN	TELEGRAM_USER_PROVIDED	LOW	organized/UNCLASSIFIED/Autres/Drivation et Fonctions usuales Cours et exercices 2021-2022.pdf	NEW		pdf_parsed (15p)		general	PLACED_CANONICAL	canonical
L1---informatique-part-11.zip	L1---informatique/mi-1an18-s1-interrogation-algo2019.pdf	extracted/L1---informatique-part-11/L1---informatique/mi-1an18-s1-interrogation-algo2019.pdf	1d3b38bff691a9680a35643b1a49ece87fc8240f4a8ca4c268ae4bc2b9942354	UNCLASSIFIED	UNCLASSIFIED	OTHER	ACADEMIC_YEAR_UNKNOWN	UNKNOWN	TELEGRAM_USER_PROVIDED	LOW	organized/UNCLASSIFIED/Autres/mi-1an18-s1-interrogation-algo2019.pdf	NEW		PDF_NO_TEXT_LAYER (3p)		general	PLACED_CANONICAL	canonical
L1---informatique-part-11.zip	L1---informatique/T.C-INGENIEUR-INFORMATIQUE-SERIE-2.pdf	extracted/L1---informatique-part-11/L1---informatique/T.C-INGENIEUR-INFORMATIQUE-SERIE-2.pdf	85d69b13c0c86d5b4a80e621b4a4a2a70a5059ea6addfd53cedf7b99f6d8a21c	UNCLASSIFIED	UNCLASSIFIED	EXERCISES	2025-2026	UNKNOWN	TELEGRAM_USER_PROVIDED	LOW	organized/UNCLASSIFIED/Autres/T.C-INGENIEUR-INFORMATIQUE-SERIE-2.pdf	NEW		pdf_parsed (2p)		general	PLACED_CANONICAL	canonical
L1---informatique-part-11.zip	L1---informatique/Résumé CH2 Les suites.pdf	extracted/L1---informatique-part-11/L1---informatique/Résumé CH2 Les suites.pdf	7b3bafb4ce69a242ab2c3aedb270e7878487a861d095b7c93339f0a6e045dbd3	UNCLASSIFIED	UNCLASSIFIED	SUMMARY	ACADEMIC_YEAR_UNKNOWN	UNKNOWN	TELEGRAM_USER_PROVIDED	LOW	organized/UNCLASSIFIED/Autres/Résumé CH2 Les suites.pdf	NEW		PDF_NO_TEXT_LAYER (17p)		general	PLACED_CANONICAL	canonical
L1---informatique-part-12.zip	L1---informatique/OpenSourceCourse-Chapter1- part1Math.pdf	extracted/L1---informatique-part-12/L1---informatique/OpenSourceCourse-Chapter1- part1Math.pdf	21863cb318a36d50b1a66e464137fd171173ab6a51beae8d0d0e0c5c6e3e9d70	S1/Logiciels-libres	S1	CHAPTER	2025-2026	PUBLIC_UNIVERSITY	TELEGRAM_USER_PROVIDED	HIGH	organized/S1/Logiciels-libres/Cours/OpenSourceCourse-Chapter1- part1Math.pdf	NEW		pdf_parsed (47p)		philosophie-du-libre	PLACED_CANONICAL	canonical
L1---informatique-part-12.zip	L1---informatique/OS Chap1.pdf	extracted/L1---informatique-part-12/L1---informatique/OS Chap1.pdf	aebd830aa9d5508b9e24f2c973b54b704af41eb5db8d7224ca3b7c690d807cdc	S1/Algorithmique-ASD-1	S1	OTHER	ACADEMIC_YEAR_UNKNOWN	UNKNOWN	TELEGRAM_USER_PROVIDED	HIGH	organized/S1/Algorithmique-ASD-1/Autres/OS Chap1.pdf	NEW		pdf_parsed (31p)		fondamentaux	PLACED_CANONICAL	canonical
L1---informatique-part-12.zip	L1---informatique/algebre (1).pdf	extracted/L1---informatique-part-12/L1---informatique/algebre (1).pdf	7da8436450dc4764d774eb0484c5fd1f3bf061c9e37a55c97c9c4ef8c8925b57	S2/Algebre-2	S2	CORRECTION	2018-2019	PUBLIC_UNIVERSITY	TELEGRAM_USER_PROVIDED	MEDIUM	organized/S2/Algebre-2/Corriges/algebre (1).pdf	NEW		pdf_parsed (85p)		general	PLACED_CANONICAL	canonical of 3 exact duplicates
L1---informatique-part-12.zip	L1---informatique/Algebre 1 é 2 !!.pdf	extracted/L1---informatique-part-12/L1---informatique/Algebre 1 é 2 !!.pdf	7da8436450dc4764d774eb0484c5fd1f3bf061c9e37a55c97c9c4ef8c8925b57	S1/Algebre-1	S1	CORRECTION	2018-2019	PUBLIC_UNIVERSITY	TELEGRAM_USER_PROVIDED	MEDIUM	—	EXACT_DUPLICATE	L1---informatique-part-12.zip/extracted/L1---informatique-part-12/L1---informatique/algebre (1).pdf	pdf_parsed (85p)	contradiction nom/contenu (contenu->S2/Algebre-2)	general	DUPLICATE_NOT_COPIED	canonical copy: organized/S2/Algebre-2/Corriges/algebre (1).pdf
L1---informatique-part-12.zip	L1---informatique/SM_SG .pdf	extracted/L1---informatique-part-12/L1---informatique/SM_SG .pdf	11a957450ddb9b3409b427fd6cb466c79ae8c12f0c349e2705f193db83246ba9	S1/Structure-de-machine-1	S1	CORRECTION	2020-2021	PUBLIC_UNIVERSITY	TELEGRAM_USER_PROVIDED	HIGH	organized/S1/Structure-de-machine-1/Corriges/SM_SG .pdf	NEW		pdf_parsed (84p)		numérations	PLACED_CANONICAL	canonical of 1 exact duplicates
L1---informatique-part-12.zip	L1---informatique/Ch4 Developpement limité.pdf	extracted/L1---informatique-part-12/L1---informatique/Ch4 Developpement limité.pdf	6c9a464d1d63e907b4e308180dad833c0e9946a33a23a1b52088dcaeae5f4ddd	S1/Analyse-1	S1	OTHER	ACADEMIC_YEAR_UNKNOWN	UNKNOWN	TELEGRAM_USER_PROVIDED	MEDIUM	organized/S1/Analyse-1/Autres/Ch4 Developpement limité.pdf	NEW		PDF_NO_TEXT_LAYER (11p)		développements-limités	PLACED_CANONICAL	canonical
L1---informatique-part-12.zip	L1---informatique/Structure Machine 1.pdf	extracted/L1---informatique-part-12/L1---informatique/Structure Machine 1.pdf	11a957450ddb9b3409b427fd6cb466c79ae8c12f0c349e2705f193db83246ba9	S1/Structure-de-machine-1	S1	CORRECTION	2020-2021	PUBLIC_UNIVERSITY	TELEGRAM_USER_PROVIDED	HIGH	—	EXACT_DUPLICATE	L1---informatique-part-12.zip/extracted/L1---informatique-part-12/L1---informatique/SM_SG .pdf	pdf_parsed (84p)		numérations	DUPLICATE_NOT_COPIED	canonical copy: organized/S1/Structure-de-machine-1/Corriges/SM_SG .pdf
L1---informatique-part-12.zip	L1---informatique/mi-1an18-s1-interrogation-algo2018.pdf	extracted/L1---informatique-part-12/L1---informatique/mi-1an18-s1-interrogation-algo2018.pdf	4e4fa695e860f7b0abafe468ce28c1b76f7d1b22b13a8771fa69b865a30bd1d1	UNCLASSIFIED	UNCLASSIFIED	OTHER	ACADEMIC_YEAR_UNKNOWN	UNKNOWN	TELEGRAM_USER_PROVIDED	LOW	organized/UNCLASSIFIED/Autres/mi-1an18-s1-interrogation-algo2018.pdf	NEW		PDF_NO_TEXT_LAYER (3p)		general	PLACED_CANONICAL	canonical
L1---informatique-part-12.zip	L1---informatique/Résumé CH1 Propriété de l'ensemble R.pdf	extracted/L1---informatique-part-12/L1---informatique/Résumé CH1 Propriété de l'ensemble R.pdf	5a5a4572df2a9ceb9ca99a624eea22f1d26cbe35751e1d081d20417f05bcfc72	UNCLASSIFIED	UNCLASSIFIED	SUMMARY	ACADEMIC_YEAR_UNKNOWN	UNKNOWN	TELEGRAM_USER_PROVIDED	LOW	organized/UNCLASSIFIED/Autres/Résumé CH1 Propriété de l'ensemble R.pdf	NEW		PDF_NO_TEXT_LAYER (11p)		general	PLACED_CANONICAL	canonical
L1---informatique-part-12.zip	L1---informatique/C_Arrays_Exercises_Djaafri_Fouzi.pdf	extracted/L1---informatique-part-12/L1---informatique/C_Arrays_Exercises_Djaafri_Fouzi.pdf	a5d509fbfa8f218f3c75a1f3f695c400283eb1a8bb005d948d3ad5ed942688a7	S2/Algebre-2	S2	OTHER	ACADEMIC_YEAR_UNKNOWN	UNKNOWN	TELEGRAM_USER_PROVIDED	HIGH	organized/S2/Algebre-2/Autres/C_Arrays_Exercises_Djaafri_Fouzi.pdf	NEW		pdf_parsed (1p)		espaces-vectoriels	PLACED_CANONICAL	canonical
L1---informatique-part-12.zip	L1---informatique/algebre.pdf	extracted/L1---informatique-part-12/L1---informatique/algebre.pdf	7da8436450dc4764d774eb0484c5fd1f3bf061c9e37a55c97c9c4ef8c8925b57	S2/Algebre-2	S2	CORRECTION	2018-2019	PUBLIC_UNIVERSITY	TELEGRAM_USER_PROVIDED	MEDIUM	—	EXACT_DUPLICATE	L1---informatique-part-12.zip/extracted/L1---informatique-part-12/L1---informatique/algebre (1).pdf	pdf_parsed (85p)		general	DUPLICATE_NOT_COPIED	canonical copy: organized/S2/Algebre-2/Corriges/algebre (1).pdf
L1---informatique-part-12.zip	L1---informatique/corrigé examen analyse1-11 janvier 2024.pdf	extracted/L1---informatique-part-12/L1---informatique/corrigé examen analyse1-11 janvier 2024.pdf	2c524b40586edc1be12b93e5be40b259d0e3115ab95b834efc78c98de145151c	S1/Analyse-1	S1	EXAM_CORRECTION	ACADEMIC_YEAR_UNKNOWN	UNKNOWN	TELEGRAM_USER_PROVIDED	HIGH	organized/S1/Analyse-1/Corriges/corrigé examen analyse1-11 janvier 2024.pdf	NEW		pdf_parsed (6p)	nombre 4-chiffres nu dans le texte, non retenu comme preuve d'annee	general	PLACED_CANONICAL	canonical
L1---informatique-part-13.zip	L1---informatique/Correction of Algebra1 Final-Exam. ST-ENGI. 24-25.pdf	extracted/L1---informatique-part-13/L1---informatique/Correction of Algebra1 Final-Exam. ST-ENGI. 24-25.pdf	533311c9494326ea0c4f6127c9ba16affaaa7779d02a4bfd3fffd25f77db3503	UNCLASSIFIED	UNCLASSIFIED	OTHER	ACADEMIC_YEAR_UNKNOWN	UNKNOWN	TELEGRAM_USER_PROVIDED	LOW	organized/UNCLASSIFIED/Autres/Correction of Algebra1 Final-Exam. ST-ENGI. 24-25.pdf	NEW		PDF_NO_TEXT_LAYER (6p)		general	PLACED_CANONICAL	canonical
L1---informatique-part-13.zip	L1---informatique/Examen1 Structure Machine 1 Tlemcen.pdf	extracted/L1---informatique-part-13/L1---informatique/Examen1 Structure Machine 1 Tlemcen.pdf	108e3aafee4f14999be162e58ceb8e20924131d8d5a5a794f1dd95c97b37d4b7	S1/Structure-de-machine-1	S1	EXAM	ACADEMIC_YEAR_UNKNOWN	PUBLIC_UNIVERSITY	TELEGRAM_USER_PROVIDED	HIGH	organized/S1/Structure-de-machine-1/Examens/Examen1 Structure Machine 1 Tlemcen.pdf	NEW		pdf_parsed (2p)	nombre 4-chiffres nu dans le texte, non retenu comme preuve d'annee	numérations	PLACED_CANONICAL	canonical of 1 exact duplicates
L1---informatique-part-13.zip	L1---informatique/tp-s2-2023-2024(1).pdf	extracted/L1---informatique-part-13/L1---informatique/tp-s2-2023-2024(1).pdf	cb5e0a57d13c2e0c20e288d843ba0d6fcc622f827c5245ec9fdbcf4c190c868b	S2/ASD-2	S2	TP	2023-2024	PUBLIC_UNIVERSITY	TELEGRAM_USER_PROVIDED	MEDIUM	organized/S2/ASD-2/TP/tp-s2-2023-2024(1).pdf	NEW		pdf_parsed (8p)		allocation-mémoire	PLACED_CANONICAL	canonical
L1---informatique-part-13.zip	L1---informatique/dac98b39_d817_4eb8_b944_90a4230eb6df_البرمجة_بلغة_سي.pdf	extracted/L1---informatique-part-13/L1---informatique/dac98b39_d817_4eb8_b944_90a4230eb6df_البرمجة_بلغة_سي.pdf	4ffcf4ccecf1088cdecba621b5d04743a976c46549b7064a672fd5d56a0ab55c	S1/Algorithmique-ASD-1	S1	OTHER	ACADEMIC_YEAR_UNKNOWN	UNKNOWN	TELEGRAM_USER_PROVIDED	LOW	organized/S1/Algorithmique-ASD-1/Autres/dac98b39_d817_4eb8_b944_90a4230eb6df_البرمجة_بلغة_سي.pdf	NEW		pdf_parsed (409p)		general	PLACED_CANONICAL	canonical
L1---informatique-part-13.zip	L1---informatique/Installation Guide.pdf	extracted/L1---informatique-part-13/L1---informatique/Installation Guide.pdf	9c6c92961f334d6b31610b828b31c0cc5cfccbda5d9aad1f464833b3fcb2b8ac	S1/Algorithmique-ASD-1	S1	OTHER	ACADEMIC_YEAR_UNKNOWN	UNKNOWN	TELEGRAM_USER_PROVIDED	HIGH	organized/S1/Algorithmique-ASD-1/Autres/Installation Guide.pdf	NEW		pdf_parsed (5p)		general	PLACED_CANONICAL	canonical
L1---informatique-part-13.zip	L1---informatique/ALL_algo_chapters_in_one_lessons.pdf	extracted/L1---informatique-part-13/L1---informatique/ALL_algo_chapters_in_one_lessons.pdf	502fd9ab664a9ea3f1731f5ae7609f5a7930d922add59ca8459d628020dfea8e	S1/Algorithmique-ASD-1	S1	OTHER	2025-2026	PUBLIC_UNIVERSITY	TELEGRAM_USER_PROVIDED	MEDIUM	organized/S1/Algorithmique-ASD-1/Autres/ALL_algo_chapters_in_one_lessons.pdf	NEW		pdf_parsed (198p)		tri	PLACED_CANONICAL	canonical
L1---informatique-part-13.zip	L1---informatique/résumé analyse 1.pdf	extracted/L1---informatique-part-13/L1---informatique/résumé analyse 1.pdf	40cb1e6d5bcd15b3f981ce7ad89779424f268a5ca74c3015bf895978248c753c	S1/Analyse-1	S1	SUMMARY	ACADEMIC_YEAR_UNKNOWN	UNKNOWN	TELEGRAM_USER_PROVIDED	HIGH	organized/S1/Analyse-1/Revisions/résumé analyse 1.pdf	NEW		PDF_NO_TEXT_LAYER (10p)		general	PLACED_CANONICAL	canonical
L1---informatique-part-13.zip	L1---informatique/Algorithmic_Thinking_Daniel_Zingaro_No_Starch_Press_9781718500808.pdf	extracted/L1---informatique-part-13/L1---informatique/Algorithmic_Thinking_Daniel_Zingaro_No_Starch_Press_9781718500808.pdf	57409c7a45d6a1e515c026ef2b97694f554522d96f77bbfdfc2cc122506dc9dd	UNCLASSIFIED	UNCLASSIFIED	OTHER	ACADEMIC_YEAR_UNKNOWN	PUBLIC_UNIVERSITY	TELEGRAM_USER_PROVIDED	LOW	organized/UNCLASSIFIED/Autres/Algorithmic_Thinking_Daniel_Zingaro_No_Starch_Press_9781718500808.pdf	NEW		pdf_parsed (410p)	nombre 4-chiffres nu dans le texte, non retenu comme preuve d'annee	general	PLACED_CANONICAL	canonical
L1---informatique-part-14.zip	L1---informatique/cours algébre 1 et exercice corriges.pdf	extracted/L1---informatique-part-14/L1---informatique/cours algébre 1 et exercice corriges.pdf	3be5bd48cf553b9d406d0857a4d03ea469505634ef18e395e81da148d51deceb	S1/Algebre-1	S1	CORRECTION	ACADEMIC_YEAR_UNKNOWN	UNKNOWN	TELEGRAM_USER_PROVIDED	HIGH	organized/S1/Algebre-1/Corriges/cours algébre 1 et exercice corriges.pdf	NEW		pdf_parsed (473p)		arithmétique	PLACED_CANONICAL	canonical
L1---informatique-part-14.zip	L1---informatique/Examen1 Structure Machine 1 Tlemcen (1).pdf	extracted/L1---informatique-part-14/L1---informatique/Examen1 Structure Machine 1 Tlemcen (1).pdf	108e3aafee4f14999be162e58ceb8e20924131d8d5a5a794f1dd95c97b37d4b7	S1/Structure-de-machine-1	S1	EXAM	ACADEMIC_YEAR_UNKNOWN	PUBLIC_UNIVERSITY	TELEGRAM_USER_PROVIDED	HIGH	—	EXACT_DUPLICATE	L1---informatique-part-13.zip/extracted/L1---informatique-part-13/L1---informatique/Examen1 Structure Machine 1 Tlemcen.pdf	pdf_parsed (2p)	nombre 4-chiffres nu dans le texte, non retenu comme preuve d'annee	numérations	DUPLICATE_NOT_COPIED	canonical copy: organized/S1/Structure-de-machine-1/Examens/Examen1 Structure Machine 1 Tlemcen.pdf
L1---informatique-part-14.zip	L1---informatique/Cours d'Algèbre I et IIavec Exercices.pdf	extracted/L1---informatique-part-14/L1---informatique/Cours d'Algèbre I et IIavec Exercices.pdf	7da8436450dc4764d774eb0484c5fd1f3bf061c9e37a55c97c9c4ef8c8925b57	S2/Algebre-2	S2	CORRECTION	2018-2019	PUBLIC_UNIVERSITY	TELEGRAM_USER_PROVIDED	MEDIUM	—	EXACT_DUPLICATE	L1---informatique-part-12.zip/extracted/L1---informatique-part-12/L1---informatique/algebre (1).pdf	pdf_parsed (85p)		general	DUPLICATE_NOT_COPIED	canonical copy: organized/S2/Algebre-2/Corriges/algebre (1).pdf
L1---informatique-part-14.zip	L1---informatique/TD 01 (Solution).pdf	extracted/L1---informatique-part-14/L1---informatique/TD 01 (Solution).pdf	8f230cf9f7db15a037e37f8d11defcdfbfc6eba6633edb93a5165dacc9851b31	UNCLASSIFIED	UNCLASSIFIED	TD	ACADEMIC_YEAR_UNKNOWN	UNKNOWN	TELEGRAM_USER_PROVIDED	LOW	organized/UNCLASSIFIED/Autres/TD 01 (Solution).pdf	NEW		PDF_NO_TEXT_LAYER (11p)		general	PLACED_CANONICAL	canonical
L1---informatique-part-14.zip	L1---informatique/Noor_Book_com_تعليم_البرمجة_بلغة_c_بالأمثلة_العملية_الشاملة_2_.pdf	extracted/L1---informatique-part-14/L1---informatique/Noor_Book_com_تعليم_البرمجة_بلغة_c_بالأمثلة_العملية_الشاملة_2_.pdf	0eafd5dd863cd4f973af1786bcc0f39527acbcb4b6ae9f2d901029b94115ac0a	S2/ASD-2	S2	OTHER	ACADEMIC_YEAR_UNKNOWN	UNKNOWN	TELEGRAM_USER_PROVIDED	HIGH	organized/S2/ASD-2/Autres/Noor_Book_com_تعليم_البرمجة_بلغة_c_بالأمثلة_العملية_الشاملة_2_.pdf	NEW		pdf_parsed (153p)		langage-C	PLACED_CANONICAL	canonical
L1---informatique-part-15.zip	L1---informatique/résumé structure machine 1 (1).pdf	extracted/L1---informatique-part-15/L1---informatique/résumé structure machine 1 (1).pdf	61d020d103475bd127feb5e82c13d4d99b04401372319e64a0e432b639c3f0f0	UNCLASSIFIED	UNCLASSIFIED	SUMMARY	ACADEMIC_YEAR_UNKNOWN	UNKNOWN	TELEGRAM_USER_PROVIDED	LOW	organized/UNCLASSIFIED/Autres/résumé structure machine 1 (1).pdf	NEW		PDF_NO_TEXT_LAYER (3p)		general	PLACED_CANONICAL	canonical
L1---informatique-part-15.zip	L1---informatique/4_5823532490060472251 (1).pdf	extracted/L1---informatique-part-15/L1---informatique/4_5823532490060472251 (1).pdf	97a68efd32109fef74f998abc5858e5f312dffefb073499683a68d33d91bb400	S1/Structure-de-machine-1	S1	COURSE	ACADEMIC_YEAR_UNKNOWN	UNKNOWN	TELEGRAM_USER_PROVIDED	HIGH	organized/S1/Structure-de-machine-1/Cours/4_5823532490060472251 (1).pdf	NEW		pdf_parsed (123p)		numérations	PLACED_CANONICAL	canonical
L1---informatique-part-15.zip	L1---informatique/Corrigé_Type.pdf	extracted/L1---informatique-part-15/L1---informatique/Corrigé_Type.pdf	f9ccb9c904b89fc0fa9fb62996db71fb64e22475d63979e0d5f9092c527f844c	UNCLASSIFIED	UNCLASSIFIED	CORRECTION	ACADEMIC_YEAR_UNKNOWN	UNKNOWN	TELEGRAM_USER_PROVIDED	LOW	organized/UNCLASSIFIED/Autres/Corrigé_Type.pdf	NEW		PDF_NO_TEXT_LAYER (3p)		general	PLACED_CANONICAL	canonical
L1---informatique-part-15.zip	L1---informatique/Algebre01.pdf	extracted/L1---informatique-part-15/L1---informatique/Algebre01.pdf	a32fbb4dd5eb44bdb0929030af2692108a758a3b7ef1db605c6c85913b494305	UNCLASSIFIED	UNCLASSIFIED	OTHER	ACADEMIC_YEAR_UNKNOWN	UNKNOWN	TELEGRAM_USER_PROVIDED	LOW	organized/UNCLASSIFIED/Autres/Algebre01.pdf	NEW		PDF_NO_TEXT_LAYER (28p)		general	PLACED_CANONICAL	canonical
L1---informatique-part-15.zip	L1---informatique/Exam Of Structure Machine.pdf	extracted/L1---informatique-part-15/L1---informatique/Exam Of Structure Machine.pdf	0294a4a2918c327c88e2ee3e6c9f5da5a5ceb988cac1e6ddac2df2addc6aad9e	UNCLASSIFIED	UNCLASSIFIED	OTHER	ACADEMIC_YEAR_UNKNOWN	UNKNOWN	TELEGRAM_USER_PROVIDED	LOW	organized/UNCLASSIFIED/Autres/Exam Of Structure Machine.pdf	NEW		PDF_NO_TEXT_LAYER (2p)		general	PLACED_CANONICAL	canonical
L1---informatique-part-15.zip	L1---informatique/Correction Of Structure Machine.pdf	extracted/L1---informatique-part-15/L1---informatique/Correction Of Structure Machine.pdf	28b62a40df30c724e41b6089fa6ebeb6477fd767bfd9e4edcff6c7640419ec99	UNCLASSIFIED	UNCLASSIFIED	OTHER	ACADEMIC_YEAR_UNKNOWN	UNKNOWN	TELEGRAM_USER_PROVIDED	LOW	organized/UNCLASSIFIED/Autres/Correction Of Structure Machine.pdf	NEW		PDF_NO_TEXT_LAYER (3p)		general	PLACED_CANONICAL	canonical
L1---informatique-part-15.zip	L1---informatique/TD 04.pdf	extracted/L1---informatique-part-15/L1---informatique/TD 04.pdf	5e8c3f38a6d4715a053a86c49567ea15e226a4fc5aa93a3831e183b00dad6559	UNCLASSIFIED	UNCLASSIFIED	TD	ACADEMIC_YEAR_UNKNOWN	UNKNOWN	TELEGRAM_USER_PROVIDED	LOW	organized/UNCLASSIFIED/Autres/TD 04.pdf	NEW		pdf_parsed (2p)		general	PLACED_CANONICAL	canonical
L1---informatique-part-15.zip	L1---informatique/ExamAlgebra1info2423.pdf	extracted/L1---informatique-part-15/L1---informatique/ExamAlgebra1info2423.pdf	c0d2b53d17ca5e8439bc65beb6517ab85a654b57f96652d9e6e8804b7785fa3a	UNCLASSIFIED	UNCLASSIFIED	OTHER	ACADEMIC_YEAR_UNKNOWN	UNKNOWN	TELEGRAM_USER_PROVIDED	LOW	organized/UNCLASSIFIED/Autres/ExamAlgebra1info2423.pdf	NEW		PDF_NO_TEXT_LAYER (5p)		general	PLACED_CANONICAL	canonical
L1---informatique-part-15.zip	L1---informatique/Chap 2 SM-Représentation de linformation(Ounnaci).pdf	extracted/L1---informatique-part-15/L1---informatique/Chap 2 SM-Représentation de linformation(Ounnaci).pdf	e930d0a1edf4682559ef5960377b873f17f9e9a57e23e23fcfad57d140899c72	S1/Structure-de-machine-1	S1	LECTURE	ACADEMIC_YEAR_UNKNOWN	PUBLIC_UNIVERSITY	TELEGRAM_USER_PROVIDED	MEDIUM	organized/S1/Structure-de-machine-1/Cours/Chap 2 SM-Représentation de linformation(Ounnaci).pdf	NEW		pdf_parsed (15p)		numérations	PLACED_CANONICAL	canonical
L1---informatique-part-15.zip	L1---informatique/Analyse Cours Première Année.pdf	extracted/L1---informatique-part-15/L1---informatique/Analyse Cours Première Année.pdf	13699089d845961d976f2171907616f2e3130f004bd5c82dc7bef8cb8e0db5e6	S1/Analyse-1	S1	COURSE	ACADEMIC_YEAR_UNKNOWN	UNKNOWN	TELEGRAM_USER_PROVIDED	HIGH	organized/S1/Analyse-1/Cours/Analyse Cours Première Année.pdf	NEW		pdf_parsed (207p)		continuité	PLACED_CANONICAL	canonical
L1---informatique-part-15.zip	L1---informatique/TP_ALGO_1_2_3_4_5_6 (1).pdf	extracted/L1---informatique-part-15/L1---informatique/TP_ALGO_1_2_3_4_5_6 (1).pdf	c1448b26661982842459114d54bb91f01ae4a8d55996716ce890c0c5e9acb71a	S1/Algorithmique-ASD-1	S1	OTHER	2022-2023	PUBLIC_UNIVERSITY	TELEGRAM_USER_PROVIDED	MEDIUM	organized/S1/Algorithmique-ASD-1/Autres/TP_ALGO_1_2_3_4_5_6 (1).pdf	NEW		pdf_parsed (49p)		fondamentaux	PLACED_CANONICAL	canonical
L1---informatique-part-15.zip	L1---informatique/corrigé test2.pdf	extracted/L1---informatique-part-15/L1---informatique/corrigé test2.pdf	37e050d47737d6cb737d162161e677415907d1376f0e69905714ff4a4b023cc6	UNCLASSIFIED	UNCLASSIFIED	CORRECTION	ACADEMIC_YEAR_UNKNOWN	UNKNOWN	TELEGRAM_USER_PROVIDED	LOW	organized/UNCLASSIFIED/Autres/corrigé test2.pdf	NEW		pdf_parsed (2p)		general	PLACED_CANONICAL	canonical
L1---informatique-part-15.zip	L1---informatique/Chapitre1 Algo-Introduction à l'algorithmique.pdf	extracted/L1---informatique-part-15/L1---informatique/Chapitre1 Algo-Introduction à l'algorithmique.pdf	9215ced9ac5d8e6f05f94ab2ab0848cab0f8f8e674d9664c1f517c38422e2020	S1/Algorithmique-ASD-1	S1	OTHER	ACADEMIC_YEAR_UNKNOWN	UNKNOWN	TELEGRAM_USER_PROVIDED	HIGH	organized/S1/Algorithmique-ASD-1/Autres/Chapitre1 Algo-Introduction à l'algorithmique.pdf	NEW		pdf_parsed (11p)		fondamentaux	PLACED_CANONICAL	canonical
L1---informatique-part-15.zip	L1---informatique/MI.ALGEBRA1.INFOA+B.Faculty of Sciences. Comp.Dept.pdf	extracted/L1---informatique-part-15/L1---informatique/MI.ALGEBRA1.INFOA+B.Faculty of Sciences. Comp.Dept.pdf	485e4195680c54e7893d6053bd3515769ba33c30d8fa79876e9ca5c0597bd6c6	S2/Algebre-2	S2	COURSE	2024-2025	PUBLIC_UNIVERSITY	TELEGRAM_USER_PROVIDED	MEDIUM	organized/S2/Algebre-2/Cours/MI.ALGEBRA1.INFOA+B.Faculty of Sciences. Comp.Dept.pdf	NEW		pdf_parsed (62p)		structures-algébriques	PLACED_CANONICAL	canonical
L1---informatique-part-15.zip	L1---informatique/Chap 3 Algèbre de Boole_bis.pdf	extracted/L1---informatique-part-15/L1---informatique/Chap 3 Algèbre de Boole_bis.pdf	1339607803df2c97932578ff11de08cd6936bf1beb680a7bc986013f01f763a0	UNCLASSIFIED	UNCLASSIFIED	OTHER	ACADEMIC_YEAR_UNKNOWN	PUBLIC_UNIVERSITY	TELEGRAM_USER_PROVIDED	LOW	organized/UNCLASSIFIED/Autres/Chap 3 Algèbre de Boole_bis.pdf	NEW		pdf_parsed (17p)		general	PLACED_CANONICAL	canonical
L1---informatique-part-15.zip	L1---informatique/Exam Of Analyse 1.pdf	extracted/L1---informatique-part-15/L1---informatique/Exam Of Analyse 1.pdf	efc3c919bef528364eabd5beefe8820bd3d240f026f9070cb1a3175954dc9ba4	S1/Analyse-1	S1	OTHER	ACADEMIC_YEAR_UNKNOWN	UNKNOWN	TELEGRAM_USER_PROVIDED	HIGH	organized/S1/Analyse-1/Autres/Exam Of Analyse 1.pdf	NEW		PDF_NO_TEXT_LAYER (2p)		general	PLACED_CANONICAL	canonical
L1---informatique-part-15.zip	L1---informatique/CamScanner 08-28-2025 20.22_1 (1).pdf	extracted/L1---informatique-part-15/L1---informatique/CamScanner 08-28-2025 20.22_1 (1).pdf	12d7136d24af60b1d5b0ca72d91e96face728b509db1fb51d6ab4e4e73c06622	UNCLASSIFIED	UNCLASSIFIED	OTHER	ACADEMIC_YEAR_UNKNOWN	UNKNOWN	TELEGRAM_USER_PROVIDED	LOW	organized/UNCLASSIFIED/Autres/CamScanner 08-28-2025 20.22_1 (1).pdf	NEW		PDF_NO_TEXT_LAYER (20p)	nombre 4-chiffres nu dans le texte, non retenu comme preuve d'annee	general	PLACED_CANONICAL	canonical
L1---informatique-part-16.zip	L1---informatique/Algorithmique---Raisonner-pour-concevoir.pdf	extracted/L1---informatique-part-16/L1---informatique/Algorithmique---Raisonner-pour-concevoir.pdf	541fff93d049bfd4c2bb202d6994f5185017937e550f16524b642f60aa376b0e	S1/Algorithmique-ASD-1	S1	REFERENCE	ACADEMIC_YEAR_UNKNOWN	PUBLIC_UNIVERSITY	TELEGRAM_USER_PROVIDED	HIGH	organized/S1/Algorithmique-ASD-1/Supports/Algorithmique---Raisonner-pour-concevoir.pdf	NEW		pdf_parsed (306p)		general	PLACED_CANONICAL	canonical
L1---informatique-part-16.zip	L1---informatique/Examen 7 analyse 1+ solution.PDF	extracted/L1---informatique-part-16/L1---informatique/Examen 7 analyse 1+ solution.PDF	5ba13e130bafe39280dd075fba3891900c02989c891a475597eba7d0b85ec0a9	S1/Analyse-1	S1	EXAM	2017-2018	PUBLIC_UNIVERSITY	TELEGRAM_USER_PROVIDED	HIGH	organized/S1/Analyse-1/Examens/Examen 7 analyse 1+ solution.PDF	NEW		pdf_parsed (4p)		general	PLACED_CANONICAL	canonical
L1---informatique-part-16.zip	L1---informatique/exos algo.pdf	extracted/L1---informatique-part-16/L1---informatique/exos algo.pdf	a03de584f21745429c587a0842feed9edfbb7c244e06668f619b3dc3d5f270e6	UNCLASSIFIED	UNCLASSIFIED	OTHER	ACADEMIC_YEAR_UNKNOWN	UNKNOWN	TELEGRAM_USER_PROVIDED	LOW	organized/UNCLASSIFIED/Autres/exos algo.pdf	NEW		PDF_NO_TEXT_LAYER (18p)		general	PLACED_CANONICAL	canonical
